Property,repo_path,severity,tag,subtag,description
1,03196f805abb,High,DoS,Incorrect Parameter,"PostAuctionLauncher.sol finalize() Adding liquidity to an existing pool may allows the attacker to steal most of the tokens the pair pool to mint liquidity, even when the pair pool exists."
2,485f7b9ccb0a,Medium,Accounting Error,Incorrect Formula,Tickets can be entered after prizes for current round have partially been distributed The ThrusterTreasure contract is designed to facilitate a lottery game where users can enter tickets to win prizes based on entropy.
3,7100a75d6ebd,High,Chainlink,Stale Value,"Oracle data feed can be outdated yet used anyways which will payment logic the Entreprenerd, Green, hake, hansfriese, horsefacts, hubble, hyh, IllIllI, jonatascm, kebabsec, Meera, oyc 109, pashov, rbserver, Ruhum, simon135, tabish, tintin, and zzzitron The current implementation of JBChainlinkV3PriceFeed is used by the protocol to showcase how the feed will be retrieved via Chainlink Data."
4,98b7c1691811,High,Reentrancy,Violating CEI / Missing nonReentrant,"The reentrancy vulnerability in safeMint can allow an attacker to steal all rewards There is a reentrancy vulnerability in the safeMint function The lock function changes the totalDepositedXDEFI variable after calling the safeMint function solidity function lock(uint256 amount, uint256 duration, address destination ) external noReenter returns (uint256 tokenId ) { // Lock the XDEFI in the contract."
5,afa60bc8003d,Medium,ERC4626,Inflation Attack,"First xERC4626 deposit exploit can break share calculation This can inflate base share price as high as 1:1e18 early on, which force all subsequence deposit to use this share price as base."
6,bb3018c8812c,High,"Cross-Chain, Replay Attack",State Update Inconsistency,"Users can upgrade their account's owners via either directly onto the contract with a regular transaction or via an ERC-4337 EntryPoint transaction calling executeWithoutChainIdValidation. Accidentally remove their only accessible owner, permanently locking the account."
7,ee25ec7abd40,High,Arithmetic,"Block Time / Block Number,Incorrect Parameter",Invalid DISPUTED L2 BLOCK NUMBER is passed to VM The span of the game tree at split depth is far larger than the length between the starting block and the claimed block.
8,0315ba9d8121,High,Arithmetic,Precision Loss,IsolateRepay() lack of check onBehalf == nftOwner When calling isolateRepay() we can specify nftTokenIds and onBehalf.
9,099243e83259,High,Accounting Error,Incorrect Formula,"Unstaking does not update the mapping sETHUserClaimForKnot If a user stakes some sETH, and after some time decides to unstake some amount of sETH, later s/he will not be qualified or be less qualified to claim ETH on the remaining staked sETH."
10,198fa93fabdd,Medium,TWAP,Price Manipulation / Arbitrage opportunity,"The current implementation of TWAV is based on a short observation period, making it susceptible to price manipulation."
11,1d8f1f43cde9,High,"Chainlink, Oracle","Invalid Validation, Price Manipulation / Arbitrage opportunity",Oracle price does not compound the interpolation from startTime to now.
12,2c5e13b4e147,Medium,"DAO, Governance",Bad Condition,Missing check in the updateValset function Gravity.sol L276-L358.
13,40cc38c69cca,High,DoS,Front Run,"A malicious actor can snipe the mempool to bond as soon as an auction starts; because only the bonder can settle and the bond can't be burned for 24 hours, the auction and funds remain frozen."
14,4ef0b4d678ab,High,Accounting Error,Incorrect Formula,"Reentrancy in buy function for ERC777 tokens allows buying funds with considerable discount Current implementation of functions add, remove, buy and sell first transfer fractional tokens, and then base tokens."
15,54405135ebf3,High,Accounting Error,Incorrect Formula,Owner cannot withdraw all interest due to wrong calculation of accrued interest in WithdrawCarry The current withdrawCarry function in the contract underestimates the accrued interest due to a miscalculation.
16,7b5e1803022e,High,ERC4626,Rounding Error,"Rounding Issues In Certain Functions the need for specific, opposing rounding directions across the different mutable and view methods, as it is considered most secure to favor the Vault itself during calculations over its users: If (1) it's calculating how many shares to issue to a user for a certain amount of the underlying tokens they provide or (2)."
17,7bbe3d81960c,High,Accounting Error,Incorrect Formula,"Pre-defined limit is different from the spec In the spec, the pre-defined limit of ETH is 0.01 ETHs."
18,804fe35b0164,High,"DoS, Reentrancy",Execution Order Dependency,Direct theft of buyer's ETH funds Exchange.sol L168.
19,8a20eb1e521f,Medium,Accounting Error,Incorrect Formula,"Incorrect comparison logic in post-operation checks The doCheckValueType function, which is crucial for post-operation validation, contains reversed comparison logic for the gte (greater than or equal to) and lte (less than or equal to) operators."
20,8f18f7d5c396,Medium,Accounting Error,Incorrect Formula,"InitialBalance for native token is wrong When users swap to native token (ETH), the initialBalance should use the balance of wrappedNativeToken instead of native token balance, because finalBalance is the balance of wrap"
21,97843b77b287,High,DoS,Bad Condition,Single under-funded protocol can break paying off debt The SherXERC20.payOffDebtAll function iterates over all protocols of the token.
22,9befb133ee74,High,Accounting Error,Incorrect Formula,Implicit underflows There are a few underflows that are converted via a typecast afterwards to the expected value.
23,9cc1dc4ae06a,High,Accounting Error,Incorrect Formula,User can forfeit other user rewards
24,a1ee58021528,High,Input Validation,Stale Value,Money-market-contracts/oracle feed prices() delayed transaction may disrupt price feeds The implementation only takes two attributes: asset and price.
25,a3e15237ea08,High,Accounting Error,Rebase Token,THORChain Router tracks does not properly handle rebasing tokens.
26,a4d91fb1550f,Medium,Accounting Error,Incorrect Formula,"Unchecking the ownership of mph in function distributeFundingRewards could several critical functions to revert In contract MPHMinter, the function distributeFundingRewards does not check whether the contract itself is the owner of mph."
27,a8884f87db1a,High,Accounting Error,Incorrect Formula,UserTotalStaked invariant will be broken due to vulnerable implementations in release() userTotalStaked invariant will be broken due to vulnerable implementations in release().
28,af8e4af75dc2,Medium,Chainlink,Deprecated Library,Chainlink oracle data feed is not sufficiently validated and can return stale price
29,b155c4de6012,Medium,"DoS,ERC20,Opensea",Refund Failed,"CreateOfferer.sol should not enforce the nonce incremented sequentially, otherwise user can DOS the contract by skipping order According to ""Seaport v1.2 introduced support for a new type of order: the contract order."
30,b2a8c124d062,High,Arithmetic,Token Decimal,"Mismatch in withdraw() between Yearn and other protocols can prevent Users from redeeming zcTokens and permanently lock funds the docs for Euler, ERC4626, Compound and Aave, when withdrawing and depositing funds the amount specified corresponds excactly to how many of the underlying assets are deposited or withdrawn."
31,b7fc4d82013a,High,Accounting Error,State Update Inconsistency,"When totalSupply is 0, handleFees does not update lastFee, causing an inflated time difference on the next fee calculation and minting excess fee tokens, diluting existing holders' value."
32,ba93b3b8d7cf,High,Slippage,Hardcoded Parameter,Hard-coded slippage may freeze user funds during market turbulence a hardcoded slippage control of 99%.
33,c20104cb90d7,Medium,ERC20,Missing Return Check,"The contract does not properly check the return value of ERC20 token transfer functions, this can result in failed token transfers being incorrectly treated as successful, and transaction reverts for tokens like USDT that do not return a boolean success value."
34,d562802cb53a,High,Accounting Error,Implementation Error,"Paymaster's maxRefundedGas = gasLeft + reservedGas, without subtracting spentOnPubdata. This way maxRefundedGas will be much larger than the correct value."
35,d9b35c0c87a4,High,Accounting Error,Incorrect Formula,"VaultProxy implementation can be initialized by anyone and self-destructed When the VaultFactory contract is deployed and initialized, the initialise method on the newly created VaultProxy implementation contract is never called."
36,dd17040a53bc,High,Accounting Error,Incorrect Formula,"Unused ERC20 tokens are not refunded, and can be stolen by attacker the time user sent the transaction and the transaction being packed into the block and causing amounts of underlying tokens for each basketToken to decrease."
37,e0d2d83ea351,High,Accounting Error,Incorrect Formula,First vault depositor can steal other's assets
38,e169bbefc6e2,High,DoS,"Duplicate Value, Invalid Validation","NFTVault lets two users finalize value changes for the same NFT index, and JPEGLock stores only one lock position per index. A later finalization overwrites the earlier user's JPEG lock schedule, leaving the first user unable to unlock their JPEG collateral."
39,e6e43dfea59f,High,Accounting Error,Incorrect Formula,StakedCitadel doesn't use correct balance for internal accounting The StakedCitadel contract's balance() function is supposed to return the balance of the vault + the balance of the strategy.
40,e99e64a8abf1,High,Accounting Error,Incorrect Formula,"Lack of Balance Validation The pool's ratio of y to x must be within the interval [MIN M, MAX M), which will be checked by the checkBalances() function."
41,fa1836e0615e,High,Accounting Error,State Update Inconsistency,"RdpxV2Core.addToDelegate increases totalWethDelegated, but withdraw does not reduce that value when delegated WETH is removed. A later sync subtracts stale delegated WETH from reserves, so lowerDepeg can underflow and fail when the admin tries to defend the peg."
42,fee749ecd513,High,"Input Validation, Pause",Invalid Validation,"Someone can create non-liquidatable auction if the collateral asset fails on transferring to address(0) if the auctioneerReward is set to an value 0 (as default), each liquidate call will call Join module to pay out to auctioneer with the following line: This line will revert if auctioneer is set to address(0) on some tokens (revert on transferring to address(0) is a default behaviour of the OpenZeppelin template, this."
43,0315ba9d8121,High,Access Control,Centralization Risk,"Erc721DecreaseIsolateSupplyOnLiquidate() missing clear lockerAddr When isolateLiquidate(supplyAsCollateral=false) is executed, finally erc721DecreaseIsolateSupplyOnLiquidate() will be executed and the NFT will be transferred to the user."
44,0315ba9d8121,High,Liquidation,Implementation Error,"Revert due to underflow error, leading to lock of the liquidated NFT The IsolateLogic.sol executeIsolateAuction() is triggered by liquidators to launch a new auction or just participate in an existing one for isolated lending."
45,0315ba9d8121,High,Liquidation,Incorrect Parameter,"Bad debt is never handled which places insolvency risks on BendDAO Bad debt is never handled, which may happen whenever the collateral asset price crashes or the debt value spikes."
46,0315ba9d8121,High,Accounting Error,Incorrect Formula,"Users cannot unstake from YiedlETHStakingEtherfi.sol, because YieldAccount.sol is incompatible with ether.fi's WithdrawRequestNFT.sol In YiedlETHStakingEtherfi::stake, users yieldBorrow WETH, convert it to ETH, and stake in Ether.fi's LiquidityPool."
47,099243e83259,High,Accounting Error,Incorrect Formula,"Reentrancy in LiquidStakingManager.sol withdrawETHForKnow leads to loss of fund from smart wallet The code below violates the check effect pattern, the code banned the public key to mark the public key invalid to not let the msg.sender withdraw again after sending the ETH."
48,099243e83259,High,ERC4626,Inflation Attack,Incorrect accounting in SyndicateRewardsProcessor results in any LP token holder being able to steal other LP tokens holder's ETH from the fees and MEV vault The SyndicateRewardsProcessor's internal distributeETHRewardsToUserForToken()
49,099243e83259,High,Accounting Error,Incorrect Formula,Giant pools can be drained due to weak vault authenticity check
50,099243e83259,High,Accounting Error,Incorrect Formula,"Reentrancy vulnerability in GiantMevAndFeesPool.withdrawETH GiantMevAndFeesPool.withdrawETH calls lpTokenETH.burn, then GiantMevAndFeesPool.beforeTokenTransfer, followed by a call to distributeETHRewardsToUserForToken sends ETH to the user, which allows the user to call any function in the fallback."
51,198fa93fabdd,Medium,Pause,State Update Inconsistency,System state can still be changed in the paused status.
52,198fa93fabdd,Medium,Accounting Error,Incorrect Formula,"Buyout cannot be rejected when paused when the system is not paused, redeem() and withdrawERC721() are also callable when it is not."
53,198fa93fabdd,Medium,TWAP,"Implementation Error, Price Manipulation / Arbitrage opportunity","Twav.sol getTwav() will revert when timestamp 4294967296 Because the solidity version used by the current implementation is 0.8.10, and there are some breaking changes in Solidity v0.8.0: Arithmetic operations revert on underflow and overflow."
54,198fa93fabdd,Medium,Accounting Error,Incorrect Formula,Lack of sanity check on initialTokenSupply and initialTokenPrice can lead to a seller losing his NFT There is no sanity check to ensure that (primaryReserveRatio initialTokenSupply initialTokenPrice) is (SCALE 1e18).
55,1d8f1f43cde9,Medium,Accounting Error,Incorrect Formula,"Vcon address change not persistent across protocol components a contract inherited by several other ones including NonCustodialPSM, GlobalRateLimitedMinter, ERC20CompountPCVDeposit and Volt, vcon is fixed upon initialization and cannot be further updated IERC20 private immutable vcon;..."
56,1d8f1f43cde9,Medium,Accounting Error,Incorrect Formula,NonCustodialPSM can become insolvent as CPI index rises the year.
57,1d8f1f43cde9,Medium,DoS,Invalid Validation,Setting new buffer does not reduce current buffer to cap
58,1d8f1f43cde9,Medium,Accounting Error,Incorrect Formula,"Deviation.isWithinDeviationThreshold can divide by the input value a without checking whether it is zero. Because this internal helper is used by public-facing logic, a zero input can trigger a division-by-zero revert and block deviation checks that should otherwise complete safely."
59,2c5e13b4e147,Medium,Accounting Error,Incorrect Formula,"Admin drains all ERC based user funds using withdrawERC20() Gravity.sol L632-L638 could be extracted by anyone with admin role and later sold, leaving users funds bridged on Cudos Cosmos chain with no ERC20 representation stored across the bridge - similar in as the wormhole hack."
60,2c5e13b4e147,Medium,Accounting Error,Incorrect Formula,"Non-Cudos Erc20 funds sent through sendToCosmos() will be lost. No checks for non-Cudos tokens mean that non-Cudos ERC20 tokens will be lost to the contract, with the user not having any chance of retrieving them."
61,2c5e13b4e147,Medium,Accounting Error,Incorrect Formula,Protocol doesn't handle fee on transfer tokens
62,2c5e13b4e147,Medium,Accounting Error,Incorrect Formula,"The Gravity.sol should have pause/unpause functionality a hack is occuring or an exploit is discovered, the team (or validators in this case) should be able to pause functionality until the necessary changes are made to the system."
63,40cc38c69cca,Medium,"DoS, Input Validation",Invalid Validation,The function Factory.setAuctionDecrement() allows the owner to set the state variable Factory.auctionDecrement to zero.If Factory.auctionDecrement equals zero then the function Auction.settleAuction() will always revert due to a division by zero.
64,40cc38c69cca,Medium,"DoS, Input Validation",Invalid Validation,The function Factory.setBondPercentDiv() allows the owner to set the state variable Factory.bondPercentDiv to zero.If Factory.bondPercentDiv equals zero then the function Auction.bondForRebalance() will always revert due to a division by zero.
65,40cc38c69cca,Medium,Input Validation,"Asset Theft, Invalid Validation","The newRatio decreases over time without a lower bound. A malicious actor can wait until newRatio ibRatio or near zero, bond and settle the auction, and effectively steal most of the basket's assets with minimal required collateral."
66,40cc38c69cca,Medium,Accounting Error,Incorrect Formula,"If all users burn their shares, the totalSupply becomes zero. Subsequent calls to handleFees() will attempt to divide by zero, causing the contract to revert and rendering the Basket permanently unusable."
67,4ef0b4d678ab,High,Accounting Error,Incorrect Formula,Liquidity providers may lose funds when adding liquidity
68,4ef0b4d678ab,High,Accounting Error,Incorrect Formula,First depositor can break minting of shares
69,4ef0b4d678ab,Medium,Accounting Error,Incorrect Formula,Missing deadline checks allow pending transactions to be maliciously executed The Pair contract does not allow users to submit a deadline for their action.
70,4ef0b4d678ab,Medium,Accounting Error,Incorrect Formula,"Price will not always be 18 decimals, as expected and outlined in the comments The price() function is expected to return the price of one fractional tokens, represented in base tokens, to 18 decimals of precision."
71,54405135ebf3,Medium,Slippage,Missing minOut / maxAmount,No slippage protection for Market functions
72,54405135ebf3,Medium,Accounting Error,Incorrect Formula,"Users will lose rewards when buying new tokens if they already own some tokens When users purchase new tokens, the old tokens they already own do not receive the fees from this purchase, resulting in a loss of funds for the users."
73,7b5e1803022e,Medium,Bridge,Incorrect Parameter,FCash of the wrong maturity and asset can be sent to wrapper address before wrapper is deployed when the size of the code deployed at the address contains code.
74,7b5e1803022e,Medium,Input Validation,"Peg / Depeg, Price Manipulation / Arbitrage opportunity",The logic of isUnderlying () in NotionalTradeModule is wrong which will mintFCashPosition() and redeemFCashPosition() revert on fcash tokens which asset token is underlying token (asset.tokenType == TokenType.NonMintable) the asset token is underlying token (asset.tokenType == TokenType.NonMintable) and NotionalV2 will not handle minting or.
75,7b5e1803022e,Medium,DoS,Invalid Validation,"IsWrappedFcash check is a gas bomb the isWrappedFCash check, the notionalTradeModule check whether the component is a wrappedCash with the following logic."
76,7b5e1803022e,Medium,Reentrancy,Violating CEI / Missing nonReentrant,"Users Might Not Be Able To Purchase Or Redeem SetToken a setToken is issued or redeemed, the moduleIssueHook and moduleRedeemHook will be triggered."
77,7bbe3d81960c,Medium,Accounting Error,Incorrect Formula,"Potential risk of using swappedAmount in case of swap error In case the swap operation failed, the module should continue as is with the erc20 conversion and finish the IBC transfer."
78,804fe35b0164,Medium,Access Control,Centralization Risk,Hacked owner or malicious owner can immediately steal all assets on the platform
79,804fe35b0164,Medium,Upgradeable,Missing Initialization,"The upgradeable contract is deployed without a constructor or initializer that sets its initial state. Because initialization is missing, required ownership, configuration, or dependency values can remain at their defaults, leaving the proxy or implementation in an unsafe uninitialized state."
80,804fe35b0164,Medium,Accounting Error,Incorrect Formula,Yul call return value not checked Exchange.sol L212-L227 back to the contract - This one for any reason reject the call - The dust stay in the Exchange contract - In the next call of bulkExecute or execute the balance of the Exchange contract(including the old dust) will send to the new caller - The second sender will get the funds of the first.
81,804fe35b0164,Medium,"Accounting Error,Input Validation,Opensea","Asset Theft,Invalid Validation",All orders which use expirationTime == 0 to support oracle cancellation are not executable Exchange.sol L378 internal view returns (bool) { return ( /
82,8a20eb1e521f,Medium,Accounting Error,Incorrect Formula,"Staking ETH incorrectly assumes revert bubbling When EbtcLeverageZapRouter::openCdpWithEth and EbtcLeverageZapRouter::adjustCdpWithEth stake ETH with Lido, the underlying function performing the call assumes that any exceptions (from Lido) will be bubbled up, but with call being a low level rather than a Solidity function, it is not the case."
83,8f18f7d5c396,Medium,Accounting Error,Incorrect Formula,"Trades where toToken is feeOnTransferToken might send user less tokens than finalAmountMin the trade result amount (to be sent to the user) is bigger than finalAmountMin, and after that sends the user the amount."
84,97843b77b287,High,Solidity Version,Misuse of Dependency,"Bug] A critical bug in bps function [ [ The above function is designed to expect the token at the end of calldata, but a malicious user can inject extra values at the end of calldata and fake return values."
85,97843b77b287,Medium,Accounting Error,Incorrect Formula,"Yield distribution after large payout seems unfair When a large payout occurs, it will lower unallocatedSherX."
86,97843b77b287,Medium,Accounting Error,Incorrect Formula,Incorrect internal balance bookkeeping The sherlock smart contract system uses internal bookkeeping of arbitrary ERC20 token balances.
87,97843b77b287,Medium,Accounting Error,Incorrect Formula,Reputation risks with updateSolution a function updateSolution to upgrade parts of the contract via the Diamond construction.
88,9befb133ee74,High,"Chainlink, Oracle",Stale Value,Buoy3Pool.safetyCheck is not precise and has some assumptions The safetyCheck function has several issues that how precise the checks are: 1.
89,9befb133ee74,High,Access Control,Arbitrary Add/Remove/Set/ Call,Incorrect use of operator leads to arbitrary minting of GVT tokens The distributeStrategyGainLoss() function distributes any gains or losses generated from a harvest and is expected to be called only by valid protocol vault adaptors.
90,9befb133ee74,High,ERC4626,Inflation Attack,SortVaultsByDelta doesn't work as expected The function sortVaultsByDelta doesn't always work as expected.
91,9befb133ee74,Medium,Chainlink,Deprecated Library,Use of deprecated Chainlink function latestAnswer
92,9cc1dc4ae06a,Medium,Arithmetic,Token Decimal,Integer overflow will lock all rewards in AuraLocker The of this overflow is that all reward tokens will be permanently locked in the contract.
93,9cc1dc4ae06a,Medium,DoS,Fee On Transfer Token,"Users may lose rewards to other users if rewards are given as fee-on-transfer tokens If rewards are given in fee-on-transfer tokens, users may get no rewards, breaking functionality."
94,9cc1dc4ae06a,Medium,ERC4626,Not EIP Compliant,BaseRewardPool4626 is not IERC4626 compliant
95,9cc1dc4ae06a,Medium,Oracle,Stale Value,CrvDepositorWrapper.sol relies on oracle that isn't frequently updated the TWAP provided by the 20/80 WETH/BAL.
96,a1ee58021528,High,Accounting Error,Incorrect Formula,Missing Access Control for FabricateMIRClaim and FabricateANCClaim FabricateMIRClaim and FabricateANCClaim should only be issued by the Hub contract (the central hub for all minted bLuna managed by Lido).
97,a1ee58021528,High,Accounting Error,Incorrect Formula,Spend limit on owner can be bypassed It seems that the owner is only allowed to spend amount uptil config.spend limit.
98,a1ee58021528,Medium,Accounting Error,Incorrect Formula,"When transferring tokens not in whitelist on Ethereum to Terra with CrossAnchorBridge.depositStable(), the funds may get frozen In the current implementation of CrossAnchorBridge, all require that ""Check that token is a whitelisted token"" is"
99,a1ee58021528,Medium,Accounting Error,"Implementation Error, No Recovery Mechanism",BEth Rewards May Be Depleted By Flashloans or Whales Rewards are dispersed to users as a percentage of the user's balance vs total balance (of bEth).
100,a3e15237ea08,High,Logic error,Invariant Violation,"One of the main invariant of the protocol is that all the events ThorChain Router emits should be correct, but it breaks in the edge cases of the transferOut(), transferOutV5(), transferOutAndCall() and transferOutAndCallV5(), which emit the wrong to when the."
101,a3e15237ea08,Medium,"ERC20, Solmate",Fee On Transfer Token,"Router assumes transfer(to, A) delivers A, then instructs the aggregator to act on A."
102,a3e15237ea08,Medium,DoS,Incorrect Parameter,"The ETH path in transferOutAndCallV5 re-uses the same msg.value for every item in the batch, and because the target address is fully attacker-controlled and unvalidated, the router ends up sending msg.value once per loop iteration, hence drains its own ETH balance. Deep Dive: - The functions transferOutAndCallV5() and batchTransferOutAndCallV5() both internally invoke transferOutAndCallV5()."
103,a4d91fb1550f,Medium,"Accounting Error, ERC20",Fee On Transfer Token,Incompatability with deflationary / fee-on-transfer tokens The DInterest.deposit function takes a depositAmount parameter but this parameter is not the actual transferred amount for fee-on-transfer / deflationary (or other rebasing) tokens.
104,af8e4af75dc2,Medium,Reentrancy,Violating CEI / Missing nonReentrant,ERC777 reentrancy when withdrawing can be used to withdraw all collateral Market.sol L464.
105,af8e4af75dc2,Medium,Chainlink,Price Manipulation / Arbitrage opportunity,Oracle's two-day feature can be gamed Oracle.sol L124
106,af8e4af75dc2,Medium,Accounting Error,Incorrect Formula,"Calling repay function sends less DOLA to Market contract when forceReplenish function is not called while it could be called When a user incurs a DBR deficit, a replenisher can call the forceReplenish function to force the user to replenish DBR."
107,af8e4af75dc2,Medium,"Arithmetic, DoS",Front Run,Repay function can be DOSed Market.sol L531 users can repay their debt.
108,b155c4de6012,Medium,Accounting Error,Bad Condition,"No way to revoke Approval in DelegateToken.approve leads to unauthorized calling of DelegateToken.transferFrom There is no way to revoke the approval which given via DelegateToken.approve(address,delegateTokenId)."
109,b2a8c124d062,Medium,Accounting Error,Incorrect Formula,Swivel.setFee() is implemented wrongly. This function
110,b2a8c124d062,Medium,Accounting Error,State Update Inconsistency,Error in allowance logic There is an error in the allowance functionality to allow a non-owner to withdraw or redeem ZcTokens for the owner.
111,b2a8c124d062,Medium,Accounting Error,Incorrect Formula,VaultTracker miscalculates compounding interest This causes nToken holders to receive less yield than they should.
112,b2a8c124d062,Medium,Accounting Error,Incorrect Formula,Yearn vault integration is broken a MarketPlace associated with a Yearn vault.
113,b7fc4d82013a,Medium,Arithmetic,Precision Loss,"The fee calculation tries to calculate a fee such that fee/(supply+fee) = %fee using a simple interest formula (i.e. no compounding), this lead to slightly less fee collected when fee are collected more frequently (small timeDiff) vs less frequently (big timeDiff)."
114,b7fc4d82013a,Medium,Access Control,Invalid Validation,"Basket.initialize() calls approveUnderlying(auction) without guarding against an untrusted ERC-20 approve() hook, allowing reentrancy into initialize() to overwrite critical addresses (factory, auction) and hide the malicious token."
115,b7fc4d82013a,Medium,Access Control,Centralization Risk,"The factory can change auctionMultiplier/auctionDecrement mid-auction, altering profitability; with extreme settings (multiplier=0, decrement=max), newRatio=0 and tokensNeeded=0, enabling settlement to drain all tokens."
116,b7fc4d82013a,Medium,DoS,Bad Condition,"NewRatio is calculated and compared with minIbRatio in settleAuction().However, if newRatio is less than minIbRatio, settleAuction() will always fail and there is no way for the bonder to cancel and get a refund."
117,ba93b3b8d7cf,High,Accounting Error,Incorrect Formula,The check for value transfer success is made after the return statement in withdrawFromYieldPool of LidoVault Users can lose their funds
118,ba93b3b8d7cf,Medium,TWAP,Incorrect Formula,Yield can be unfairly divided because of MEV/Just-in-time stablecoin deposits an unfair division of yield.
119,ba93b3b8d7cf,Medium,Accounting Error,Incorrect Formula,Possible lost msg.value if LidoVault and ConvexCurveLPVault contract receive this call the fouds will lost.
120,ba93b3b8d7cf,Medium,Accounting Error,Incorrect Formula,UNISWAP FEE is hardcoded which will lead to significant losses compared to optimal routing
121,c20104cb90d7,Medium,Access Control,Centralization Risk,Changing the Start Price or the Lowest price in the middle of the auction could allow the owner to manipulate the price.
122,c20104cb90d7,Medium,DoS,Out of Gas,Use of.send() May Revert if The Recipient's Fallback Function Consumes More Than 2300 Gas
123,c20104cb90d7,Medium,Access Control,Centralization Risk,The owner can mint all of the NFTs.
124,c20104cb90d7,Medium,DoS,Bad Condition,Many unbounded and under-constrained variables in the system can lead to unfair price or DoS The team can change the above variables during sale.
125,d562802cb53a,Medium,Upgradeable,Does not match with Doc,"The StateTransitionManager contract lacks a way to invoke executeUpgrade() or upgradeChainFromVersion(), preventing forced upgrades of deployed STs in urgent high-risk situations and undermining the documented safeguard mechanism."
126,d562802cb53a,Medium,Upgradeable,Bad Condition,"During certain upgrade migration timing conditions, a user could finalize a withdrawal on the old L1ERC20Bridge and then withdraw again on the new L1SharedBridge, enabling a potential double withdrawal."
127,d562802cb53a,Medium,DoS,Missing Initialization,"The l1LegacyBridge is not assigned during L2SharedBridge.initialize(), causing deposits sent via the old L1ERC20Bridge to fail before the upgrade is completed."
128,d562802cb53a,Medium,Logic error,"Does not match with Doc, Implementation Error",In StateTransitionManager::unfreezeChain function call unfreezeDiamond instead of freezeDiamond on IZkSyncStateTransition(stateTransition[ chainId]) instance.
129,d9b35c0c87a4,Medium,"Chainlink, Oracle",Stale Value,Chainlink's latestRoundData may return a stale or incorrect result
130,d9b35c0c87a4,Medium,Access Control,Centralization Risk,"Stader OPERATOR is a single point of failure The OPERATOR role holds a lot of power within the system, which can compromise both the system integrity and it's permission-less nature."
131,d9b35c0c87a4,Medium,DoS,Bad Condition,"submitExchangeRateData and submitSDPrice depend on a trusted-node quorum. If trustedNodesCount is reduced while submissions are in progress, the stored submission count is not adjusted to the new threshold, so consensus can become unreachable and the oracle update remains permanently stuck."
132,d9b35c0c87a4,Medium,Logic error,State Update Inconsistency,"ValidatorWithdrawalVault.settleFunds checks only the balance held in the withdrawal vault when applying a penalty. Rewards held in the NodeELRewardVault are ignored, so an operator can be treated as underfunded and penalized even when the validator's total rewards are sufficient."
133,dd17040a53bc,High,Accounting Error,Incorrect Formula,"It might not be possible to withdraw tokens from the basket When enough basket token owners exit, it will be impossible to exit pool with the last MIN AMOUNT tokens because of this"
134,dd17040a53bc,Medium,Accounting Error,Incorrect Formula,"Block.timestamp or deadline a time limit for swapExactTokensForTokens() Other functions, like joinTokenSingle() of SingleTokenJoinV2.sol and exit() of SingleNativeTokenExitV2() use block.timestamp, although a deadline field is present in the struct."
135,dd17040a53bc,Medium,Accounting Error,Incorrect Formula,"Failed transfer with low level call could be overlooked The CallFacet.sol contract has the function call: function call( address target, bytes memory calldata, uint256 value ) internal { require(address(this).balance = value, ""ETH BALANCE TOO LOW""); (bool success, ) = target.call{value: value}( calldata); require(success, ""CALL FAILED""); emit Call(msg.sender, target."
136,dd17040a53bc,Medium,Input Validation,Invalid Validation,SingleNativeTokenExitV2 assumes first exchange holds the outputToken the user to exit and execute trades via multiple exchanges.
137,e0d2d83ea351,High,Arithmetic,"Hardcoded Parameter, Token Decimal",Any user can drain the entire reward fund in MultiRewardStaking due to incorrect calculation of supplierDelta Reward deltaIndex in accrueRewards() is multiplied by 10 decimals() but eventually divided by rewards.ONE (which is equal to 10 IERC20Metadata(address(rewardToken)).decimals()) in accrueUser().
138,e0d2d83ea351,High,ERC4626,Inflation Attack,BeefyAdapter() malicious vault owner can use malicious beefyBooster to steal the adapter's token Malicious vault owner can use Malicious beefyBooster to steal the adapter's token.
139,e0d2d83ea351,High,Arithmetic,"Hardcoded Parameter, Token Decimal","Incorrect Reward Duration After Change in Reward Speed in MultiRewardStaking When the reward speed is changed in MultiRewardStaking, the new end time is calculated based off of the balance of the reward token owned by the contract."
140,e0d2d83ea351,High,Accounting Error,Incorrect Formula,"MultiRewardStaking.claimRewards transfers reward tokens before clearing accruedRewards. When an ERC777 reward token invokes a recipient hook, the receiver can reenter claimRewards and drain the staking contract's reward balance before accounting is reset."
141,e169bbefc6e2,High,ERC4626,Inflation Attack,"The first yVault depositor can mint a tiny initial share and then donate assets directly to the strategy to inflate share price. Later depositors can receive zero shares for their deposits, allowing the first depositor to withdraw assets supplied by others."
142,e169bbefc6e2,High,DoS,Incorrect Parameter,"Controller.setStrategy tries to migrate by calling withdraw on the current strategy for the JPEG token. The PUSDConvex strategy blacklists JPEG withdrawals, so strategy migration reverts and the vault cannot complete the intended controller update."
143,e169bbefc6e2,High,Reentrancy,Violating CEI / Missing nonReentrant,"yVault.deposit caches balanceBefore and then calls token.transferFrom before minting shares. If the token gives control to the sender, a reentrant deposit can mint shares against the stale balance and withdraw more backing assets than were deposited."
144,e169bbefc6e2,High,DoS,Incorrect Parameter,"StrategyPUSDConvex.balanceOfJPEG calls extraReward.earned without the required account argument. The incorrect function signature makes the call revert, breaking Controller, YVault, and YVaultLPFarming flows that depend on the JPEG balance calculation."
145,e6e43dfea59f,High,ERC4626,Inflation Attack,"StakedCitadel: wrong setupVesting function name the withdraw function of the StakedCitadel contract, the setupVesting function of vesting is called, while in the StakedCitadelVester contract, the function name is vest, which will the withdraw function to fail, so that the user cannot withdraw the tokens."
146,e6e43dfea59f,High,ERC4626,Inflation Attack,"StakedCitadel depositors can be attacked by the first depositor with depressing of vault token denomination An attacker can become the first depositor for a recently created StakedCitadel contract, providing a tiny amount of Citadel tokens by calling deposit(1) (raw values here, 1 is 1 wei, 1e18 is 1 Citadel as it has 18 decimals)."
147,e6e43dfea59f,Medium,Accounting Error,Incorrect Formula,Funding.deposit() doesn't work if there is no discount set The Funding contract's deposit() function uses the getAmountOut() function to determine how many citadel tokens the user should receive for their deposit.
148,e6e43dfea59f,Medium,ERC4626,Inflation Attack,"New vest reset unlockBegin of existing vest without removing vested amount When vest is called by xCTDL vault, the previous amount will re-lock according to the new vesting timeline."
149,fa1836e0615e,High,DoS,Violating CEI / Missing nonReentrant,"When putOptionsRequired is true, bond purchases pass timeToExpiry directly into option pricing. During the final 864 seconds before the funding timestamp, timeToExpiry rounds to zero in the pricing library and every bond operation that purchases puts reverts."
150,fa1836e0615e,High,Arithmetic,"Hardcoded Parameter, Token Decimal","RdpxV2Core calculates a 25 percent out-of-the-money put strike and then rounds it with PerpetualAtlanticVault.roundUp using a hardcoded 1e6 precision. At realistic rDPX prices this rounds the strike back to the spot price, creating an in-the-money option and excessive premium."
151,fa1836e0615e,High,DoS,Incorrect Formula,"PerpetualAtlanticVaultLP.subtractLoss requires the live collateral balance to exactly equal _totalCollateral minus the loss. Anyone can send a dust amount of collateral to the vault, break that equality, and make settlement permanently revert without an admin recovery path."
152,fa1836e0615e,High,DoS,Front Run,"Put settlement thresholds are public and LP shares can be redeemed whenever excess collateral exists. Liquidity providers can exit before predictable settlements, forcing remaining LPs to absorb losses and draining available collateral so later bonding transactions revert."
153,fee749ecd513,High,Accounting Error,Incorrect Formula,Incorrect amount of Collateral moves for Auction the debt and collateral which moves for Auction is calculated incorrectly.
154,98b7c1691811,High,Compound,Reward Manipulation,"Malicious early user/attacker can malfunction the contract and even freeze users' funds in edge cases the current implementation, pointsPerUnit can be changed in updateDistribution() which can be called by anyone."
155,03196f805abb,High,Accounting Error,Does not match with Doc,"SushiToken transfers are broken due to wrong delegates accounting on transfers When minting / transferring / burning tokens, the SushiToken."
156,03196f805abb,High,Reentrancy,Violating CEI / Missing nonReentrant,"Last person to withdraw his tokens might not be able to do this, in Crowdsale (edge case) a Crowdsale is successful and enough commitments are made before the marketInfo.endTime."
157,7100a75d6ebd,High,Access Control,Centralization Risk,"Token Change Can Be Frontrun, Blocking Token This vulnerability allows malicious actors to block other users from changing tokens of their projects."
158,ee25ec7abd40,High,"Chainlink, Oracle",Stale Value,The LPP challenge period can malicious and freeloader claims to be uncounterable and can also freeloader claims to be abused to entrap honest challengers
159,ee25ec7abd40,High,"Chainlink, Oracle",Stale Value,"LPP metadata can be altered after the challenge period is over, allowing incorrect states to be proven It was reported in the Spearbit review (5.2.5 ""Preimage proposals can be initialized multiple times"") function, however, we can see that there is another vulnerability that can be chained: at L431, the to-be-initialized LPPMetadata is unnecessarily read from storage instead of being initialized empty: Solidity File."
160,ee25ec7abd40,High,"Chainlink, Oracle",Stale Value,"L2 precompile calls can be impossible to reproduce on L1 When certain precompiles are invoked in an L2 transaction, the OP fault proof program substitutes their logic with ""type 6"" preimage oracle queries."
161,ee25ec7abd40,High,"Chainlink, Oracle",Stale Value,An attacker can bypass the challenge period during LPP finalization Large preimage proposals (LPP) allow submitters to prove that certain data is a fixed part of the large preimage that produces a specific Keccak-256 hash value.
162,7100a75d6ebd,Medium,Reentrancy,Violating CEI / Missing nonReentrant,"Reentrancy issues on function distributePayoutsOf the contract JBPayoutRedemptionPaymentTerminal, the function [distributePayoutsOf calls the internal function [ distributePayoutsOf and this internal function perfoms a loop where is using the function [ distributeToPayoutSplitsOf"
163,bb3018c8812c,Medium,DoS,Bad Condition,"During the validation process of MagicSpend.validatePaymasterUserOp(), only a single withdrawAmount check against the contract's balance is performed. When EntryPoint executes multiple UserOps() in a batch, if the total requested funds exceed the MagicSpend contract balance, subsequent postOp() executions will fail due to insufficient funds, leading to transaction reverts."
164,bb3018c8812c,Medium,DoS,"Front Run, Nonce","MagicSpend.validatePaymasterUserOp() and MagicSpend.withdraw() use the same signature. Malicious users can submit a transaction via the paymaster and then front-run with a withdraw() call, causing validatePaymasterUserOp() to revert because the nonce has already been consumed."
165,afa60bc8003d,Medium,ERC4626,Inflation Attack,XERC4626.sol Some users may not be able to withdraw until rewardsCycleEnd the due to underflow in beforeWithdraw() The owner transferred 100 TRIBE tokens as rewards and called syncRewards(); 3.
166,afa60bc8003d,Medium,Governance,"Centralization Risk, Invalid Validation","ERC20Gauges: The incrementGaugeWeight function does not check the gauge parameter enough, so the user may lose rewards The incrementGaugeWeight function is used to increase the user's weight on the gauge."
167,afa60bc8003d,Medium,Accounting Error,Incorrect Formula,"In ERC20Gauges, contribution to total weight is double-counted when incrementGauge is called before addGauge for a given gauge. the real total sum of weights, all rewards are smaller than they should be (because of larger denominator total)."
168,afa60bc8003d,Medium,Accounting Error,"Implementation Error, No Recovery Mechanism",FlywheelCore's setFlywheelRewards can remove access to reward funds from current users the current users' reach as it doesn't check that newFlywheelRewards' FlywheelCore is this contract.
169,afa60bc8003d,Medium,Accounting Error,"Implementation Error, No Recovery Mechanism","FlywheelCore.setBooster() can be used to steal unclaimed rewards A malicious authorized user can steal all unclaimed rewards and break the reward accounting Even if the authorized user is benevolent the fact that there is a rug vector available may negatively the protocol's reputation where the user address is not under the attacker's control, and returning arbitrary values for."
170,afa60bc8003d,Medium,Governance,"Centralization Risk, Invalid Validation",Incorrect accounting of free weight in decrementWeightUntilFree the free weight is calculated by balanceOf[user] - getUserWeight[user] plus weight freed from non-deprecated gauges.
171,98b7c1691811,Medium,Accounting Error,Incorrect Formula,SafeMint Will Fail Due To An Edge Case In Calculating tokenId Using The generateNewTokenId Function the generated tokenId.
172,485f7b9ccb0a,Medium,Accounting Error,Incorrect Formula,ClaimPrizesForRound transfers the entire amount deposited for a prize regardless of the number of winners claimPrizesForRound() transfers the entire amount of a prize to a winner without considering the total number of winners for that prize.
173,485f7b9ccb0a,Medium,Access Control,Centralization Risk,"Dynamic modification of maxPrizeCount affects prize claims The ThrusterTreasure contract is designed to manage rounds of a lottery game, where participants can enter tickets and claim prizes based on random draws."
174,485f7b9ccb0a,Medium,"Governance, Input Validation",Invalid Validation,Incorrect gas claiming logic in ThrusterPoolDeployer From the audit documentation: All contracts that use gas should comply with the Blast gas claim logic.
175,485f7b9ccb0a,Medium,Accounting Error,Incorrect Formula,ThrusterFactory.setYieldCut should claim fees for all pools before Thruster have introduced ability to change yield cut to implement such mechanism.
176,03196f805abb,Medium,Accounting Error,Incorrect Formula,"Use of transfer() instead of call() to send eth because after istanbul hardfork, there is an increase in the gas cost of the SLOAD operation and therefore breaks some existing smart contracts.Those contracts will break because their fallback functions used to consume less than 2300 gas, and they'll now consume more, since 2300 the amount of gas a contract's."
177,7100a75d6ebd,Medium,ERC20,Not EIP Compliant,Use a safe transfer helper library for ERC20 transfers
178,7100a75d6ebd,Medium,"Chainlink, Oracle",Stale Value,AddFeedFor should check if inverse feed already exists a price feed for the currency base doesn't exist when adding a new price feed but doesn't check if the inverse already exists.
179,7100a75d6ebd,Medium,Accounting Error,Incorrect Formula,ProcessFees() may fail due to exceed gas limit The function processFees() in JBPayoutRedemptionPaymentTerminal.sol may fail due to unbounded loop over heldFeesOf[ projectId] heldFeesOf[ projectId] can get very large due to the function takeFeeFrom() where it pushes fees that should be paid to a specific beneficiary onto the array heldFeesOf[ projectId] could get.
180,7100a75d6ebd,Medium,Accounting Error,Incorrect Formula,Duplicated locked splits can be discarded The function of the protocol could be impacted.
181,7100a75d6ebd,Medium,Accounting Error,Incorrect Formula,Locked splits can be updated The check if the newly provided project splits contain the currently locked splits does not check the JBSplit struct properties preferClaimed and preferAddToBalance.
182,7100a75d6ebd,Medium,Accounting Error,Incorrect Formula,Juicebox project owner can create a honeypot to grief a Juicebox project the project owner (or anyone that they approve) can set splits.
183,7100a75d6ebd,Medium,Arithmetic,Precision Loss,More outstanding reserved tokens are distributed than anticipated leading to less redeemable assets and therefore loss of user funds The JBController.distributeReservedTokensOf function is used to distribute all outstanding reserved tokens for a project.
184,7100a75d6ebd,Medium,Access Control,Centralization Risk,Grieffer beneficiary can DOS if one of multiple beneficiaries decides to revert the transaction on receival.
185,7100a75d6ebd,Medium,Accounting Error,Incorrect Formula,"Unhandled chainlink revert would lock all price oracle access the Entreprenerd, and horsefacts Call to latestRoundData could potentially revert and make it impossible to query any prices."
186,7100a75d6ebd,Medium,"Accounting Error, ERC20",Fee On Transfer Token,"Code credits fee-on-transfer tokens for amount stated, not amount transferred a fee any time transfer() or transferFrom() is called."
187,7100a75d6ebd,Medium,Arithmetic,Precision Loss,Discounted fee calculation is imprecise and calculates less fees than anticipated The JBPayoutRedemptionPaymentTerminal.
188,7100a75d6ebd,Medium,Accounting Error,Incorrect Formula,Lack of check on mustStartAtOrAfter the owner can set start time in the past.
189,ee25ec7abd40,Medium,Accounting Error,Incorrect Formula,"Multiplication overflow leading to memory corruption and incorrect register write-back The unchecked multiplication of int32 values (rs and rt) and type conversion within the execute function in MIPS contract can result in an overflow, leading to the assignment of an incorrect value to the val variable in the step(...) function."
190,ee25ec7abd40,Medium,Accounting Error,Incorrect Formula,Missing address check for instructions LH and LHU Instruction processing cannot detect problems in time.
191,ee25ec7abd40,Medium,"Chainlink, Oracle",Stale Value,"Addresses can be pre-populated with bad data Inside PreimageOracle.sol, anyone can call the loadPrecompilePreimagePart() to load data into the contract."
192,ee25ec7abd40,Medium,Accounting Error,Incorrect Formula,Unvalidated memory access in readMem and writeMem functions The readMem() functions do not properly validate the memory address being accessed.
193,ee25ec7abd40,Medium,Accounting Error,Incorrect Formula,Panic in MIPS VM could lead to unchallengeable L2 output root claim Suppose we have a situation where the MIPS geth goes wrong and always panics.
194,ee25ec7abd40,Medium,Governance,State Update Inconsistency,"In some cases, proper CLOCK EXTENTSION time cannot be ensured to generate the initial instruction trace In some cases, a team will not be granted enough CLOCK EXTENSION time to generate the initial instruction trace and perform a counter claim."
195,ee25ec7abd40,Medium,Logic error,Does not match with Doc,The LPP proposer may not be reimbursed their gas costs by the bonds at MAX GAME DEPTH because step() does not check if the LPP proposer is the one that called it Part of the reason bonds exist is to refund honest challengers for the gas costs incurred from countering malicious claims.
196,ee25ec7abd40,Medium,Accounting Error,Incorrect Formula,"The MIPS doesn't implement ADD, ADDI, and SUB instructions correctly According to the specification, ADDI (page A-29), and SUB (page A-144) instructions should raise an Integer Overflow exception if overflow occurs."
197,ee25ec7abd40,Medium,Accounting Error,Incorrect Formula,"Honest party's move could become invalid when re-org takes place When block re-org takes place, honest party's move could become invalid."
198,ee25ec7abd40,Medium,Access Control,No Recovery Mechanism,"Attacker can continuously create games for not yet safe l2 blocks to prevent the update of anchor state When creating a dispute game, the output root should be one of the safe l2 block's."
199,ee25ec7abd40,Medium,Accounting Error,Incorrect Formula,MIPS - Incorrect implementation of SRAV instruction Incorrect dispute game resolution - it will make True root claim to be False.
200,7100a75d6ebd,Medium,Accounting Error,Incorrect Formula,"ChangeTokenOf makes it impossible for holders of oldToken to redeem the overflowed assets. When the owner calls the changeTokenOf function of the JBController contract, the token corresponding to the current project will be changed, which will make the oldToken holder unable to redeem the overflowing assets."
201,7100a75d6ebd,Medium,Access Control,Centralization Risk,JBToken: mint function could mint arbitrary amount of tokens The owner of the JBToken contract can mint arbitrary amount of tokens.
202,fa1836e0615e,High,"Governance, Input Validation",Incorrect Parameter,"ReLPContract calculates lpToRemove as if the protocol owns all liquidity in the UniswapV2 pair. When outside LPs supply liquidity, the computed amount can exceed the AMO's LP token balance, causing reLP during bonding to revert."
203,fa1836e0615e,High,Arithmetic,Token Decimal,"RdpxPriceOracle returns rDPX and LP prices in 1e18 precision, while RdpxV2Core, UniV2LiquidityAmo, and PerpetualAtlanticVault assume 1e8 precision. The mismatch corrupts bond costs, LP valuation, premiums, and transfer calculations, including possible underflows."
204,fa1836e0615e,High,ERC721,Missing Functionality,"UniV3LiquidityAMO.recoverERC721 sends recovered NFTs to RdpxV2Core, but RdpxV2Core only receives ERC721 tokens and has no function to transfer or approve them out. Any ERC721 recovered this way becomes permanently locked in the core contract."
205,0315ba9d8121,High,Liquidation,Implementation Error,"Anyone can get the NFT collateral token after an Auction without bidding due to missing check on msg.sender In IsolateLogic.sol, liquidation of an isolate loan can only be placed after the auction period is passed with bidding."
206,099243e83259,High,Accounting Error,Incorrect Formula,BringUnusedETHBackIntoGiantPool in GiantMevAndFeesPool can be used to steal LPTokens real LPTokens can be transferred out of GiantMevAndFeesPool through fake stakingFundsVaults provided by an attacker.
207,e0d2d83ea351,High,Accounting Error,Incorrect Formula,Malicious strategy can lead to loss of funds A malicious strategy has access to the adapter's storage and can therefore freely change any values.
208,0315ba9d8121,High,Accounting Error,Incorrect Formula,"The bot won't be able to unstake or repay risky positions in the yield contract When botAdmin attempts to unstake and repay risky positions, wrong account address will be used, causing the transaction to fail."
209,099243e83259,High,Accounting Error,Incorrect Formula,Theft of ETH of free floating SLOT holders A malicious user can steal all claimable ETH belonging to free floating SLOT holders...
210,e0d2d83ea351,High,DoS,Refund Failed,"Lost Rewards in MultiRewardStaking Upon Third-Party Withdraw Affected contract: MultiRewardStaking When assets are withdrawn for user Alice by an approved user Bob to a receiver that is not Alice, the rewards are never accrued and the resulting staking rewards are lost forever."
211,0315ba9d8121,High,Accounting Error,Incorrect Formula,"Mismatch between yield amount deposited in shares calculation and getAccountYieldBalance() Mismatch between the return amount in all yield Etherfi and Lido assets and the getAccountYieldBalance() call causes the yield amount of each staked nft to the same YieldAccount to be incorrect, leading to the possibility of withdrawing the excess for some nfts while being closer to liquidation on others"
212,099243e83259,High,Accounting Error,Incorrect Formula,"Any user being the first to claim rewards from GiantMevAndFeesPool can unexepectedly collect them all Any user being the first to claim rewards from GiantMevAndFeesPool, can get all the previously generated rewards whatever the amount and even if he did not participate to generate those rewards..."
213,e0d2d83ea351,High,Accounting Error,Incorrect Formula,Anyone who uses same adapter has the ability to pause it Anyone who uses same adapter has the ability to pause it.
214,099243e83259,High,Accounting Error,Incorrect Formula,Possibly reentrancy attacks in distributeETHRewardsToUserForToken function The root of the problem is in the distributeETHRewardsToUserForToken which makes a call to distribute the ether rewards.
215,e0d2d83ea351,High,Accounting Error,Incorrect Formula,Attacker can deploy vaults with a malicious Staking contract Anyone can deploy a Vault with a malicious Staking contract attached.
216,fa1836e0615e,High,Accounting Error,Incorrect Formula,Users can get immediate profit when deposit and redeem in PerpetualAtlanticVaultLP
217,099243e83259,High,Accounting Error,Incorrect Formula,WithdrawETH() in GiantPoolBase don't call distributeETHRewardsToUserForToken() or onWithdraw() which would make users to lose their remaining rewards Function distributeETHRewardsToUserForToken() is used to distribute remaining reward of user and it's called in onWithdraw() of GiantMevAndFeesPool.
218,e0d2d83ea351,High,Accounting Error,Incorrect Formula,Attacker can steal 99% of total balance from any reward token in any Staking contract Attacker can steal 99% of the balance of a reward token of any Staking contract in the blockchain.
219,099243e83259,High,Accounting Error,Incorrect Formula,Old stakers can steal deposits of new stakers in StakingFundsVault Stakers to the MEV+fees vault can steal funds from the new stakers who staked after a validator was registered and the derivatives were minted.
220,e0d2d83ea351,High,Accounting Error,Incorrect Formula,"Protocol loses fees because highWaterMark is updated every time someone deposit, withdraw, mint Protocol loses fees because highWaterMark is updated every time someone deposit, withdraw, mint."
221,099243e83259,High,Accounting Error,Incorrect Formula,User loses remaining rewards in GiantMevAndFeesPool when new deposits happen because onDepositETH [ () set claimed[][] to max without transferring user remaining rewards When depositETH() is called in giant pool it calls onDepositETH() which calls setClaimedToMax() to make sure new ETH stakers are not entitled to ETH earned by but this can users to lose their remaining rewards when they deposits.
222,e0d2d83ea351,High,Accounting Error,Incorrect Formula,Modifier VaultController. verifyCreatorOrOwner does not work as intented
223,099243e83259,High,Accounting Error,Incorrect Formula,"Fund lose in function bringUnusedETHBackIntoGiantPool() of GiantSavETHVaultPool ETH gets back to giant pool but the value of idleETH don't increase Variable idleETH in giant pools is storing total amount of ETH sat idle ready for either withdrawal or depositing into a liquid staking network and whenever a deposit or withdraw happens contract adjust the value of idleETH of contract, but in function bringUnusedETHBackIntoGiantPool() which brings unused ETH from."
224,099243e83259,High,ERC4626,Inflation Attack,Possible reentrancy and fund theft in withdrawDETH() of GiantSavETHVaultPool because there is no whitelist check for user provided Vaults and there is no reentrancy defense Function withdrawDETH() in GiantSavETHVaultPool allows a user to burn their giant LP in exchange for dETH that is ready to withdraw from a set of savETH vaults.
225,099243e83259,High,Accounting Error,"Implementation Error, No Recovery Mechanism","Sender transferring GiantMevAndFeesPool tokens can afterward experience pool DOS and orphaning of future rewards When a user transfers away GiantMevAndFeesPool tokens, the pool's claimed[] computed is left unchanged and still corresponds to what they had claimed with their old (higher) number of tokens."
226,099243e83259,High,Accounting Error,Incorrect Formula,Protocol insolvent - Permanent freeze of funds 1.
227,099243e83259,High,Accounting Error,Incorrect Formula,GiantMevAndFeesPool.bringUnusedETHBackIntoGiantPool function loses the addition of the idleETH which allows attackers to steal most of eth from the Giant Pool The contract GiantMevAndFeesPool override the function totalRewardsReceived: return address(this).balance + totalClaimed - idleETH; The function totalRewardsReceived is used as the current rewards balance to caculate the unprocessed rewards in the function SyndicateRewardsProcessor.
228,099243e83259,High,Accounting Error,Incorrect Formula,Function withdrawETH from GiantMevAndFeesPool can steal most of eth because of idleETH is reduced before burning token The contract GiantMevAndFeesPool override the function totalRewardsReceived: return address(this).balance + totalClaimed - idleETH; The function totalRewardsReceived is used as the current rewards balance to caculate the unprocessed rewards in the function SyndicateRewardsProcessor.
229,099243e83259,High,Accounting Error,Incorrect Formula,"BringUnusedETHBackIntoGiantPool can stuck ether funds in Giant Pool withdrawUnusedETHToGiantPool will withdraw any eth from the vault if staking has not commenced(knot status is INITIALS REGISTERED), the eth will be drawn successful to the giant pool."
230,099243e83259,High,ERC20,Missing Return Check,"GiantLP with a transferHookProcessor cant be burned, users' funds will be stuck in the Giant Pool The GiantLP with a transferHookProcessor will call transferHookProcessor.beforeTokenTransfer( from, to, amount) when it's transferred / minted / burned."
231,e169bbefc6e2,High,Upgradeable,"Missing Initialization, Not EIP Compliant",Update initializer modifier to prevent reentrancy during initialization
232,e169bbefc6e2,High,Liquidation,Incorrect Parameter,"Bad debts should not continue to accrue interest the DAO call collect() will mint 1,100 stablecoin."
233,e169bbefc6e2,High,Accounting Error,Incorrect Formula,Setting new controller can break YVaultLPFarming a new controller on a vault must be done very carefully and requires a migration.
234,e169bbefc6e2,High,Accounting Error,Incorrect Formula,"YVaultLPFarming: No guarantee JPEG currentBalance previousBalance the correct claimable JPEG amount by its strategy / strategies the strategy / strategies will send all claimable JPEG to the farm Should either of these assumptions break, then it could possibly be the case that currentBalance is less than previousBalance, causing deposits and crucially, withdrawals to fail due to."
235,099243e83259,High,Accounting Error,Incorrect Formula,Rewards of GiantMevAndFeesPool can be locked for all users Any malicious user could make the rewards in GiantMevAndFeesPool inaccessible to all other users...
236,9befb133ee74,Medium,Chainlink,Deprecated Library,Usage of deprecated ChainLink API in Buoy3Pool a delamo The Chainlink API (latestAnswer) used in the Buoy3Pool oracle wrappers is deprecated: This API is deprecated.
237,0315ba9d8121,Medium,Chainlink,"Missing Return Check, Stale Value","PriceOracle has invalid checks on price staleness There are two checks on price staleness in PriceOracle::getAssetPriceFromChainlink, but both checks are invalid."
238,fa1836e0615e,Medium,Slippage,minOut set to 0,"Missing slippage parameter on Uniswap addLiquidity() function The Uniswap addLiquidity() function expects the slippage params amountAMin, and amountBMin to be passed."
239,fa1836e0615e,Medium,ERC4626,Inflation Attack,A malicious early depositor can manipulate the LP-Token price per share to take an unfair share of future user deposits
240,fa1836e0615e,Medium,Slippage,Missing minOut / maxAmount,No slippage protection for bonders When a user calls bond or bondWithDelegate they specify the amount of DpxEth they want to bond for.
241,e0d2d83ea351,Medium,ERC4626,Not EIP Compliant,Vault.maxWithdraw returns asset amount that is too big for Vault.withdraw ERC4626 standard requires maxWithdraw to return the maximum amount of underlying assets that can be withdrawn from the owner balance with a single withdraw call.
242,e0d2d83ea351,Medium,ERC4626,Rounding Error,Malicious Users Can Drain The Assets Of Vault. (Due to not being ERC4626 Complaint) Malicious users can drain the assets of the vault.
243,e169bbefc6e2,Medium,Chainlink,Stale Value,Oracle data feed is insufficiently validated. There is no check for stale price and round completeness.
244,e169bbefc6e2,Medium,Arithmetic,Precision Loss,Division before Multiplication May Result In No Interest Being Accrued This issue occurs since an intermediate calculation of interestPerSec may round to zero and therefore the multiplication by elapsedTime may remain zero.
245,e169bbefc6e2,Medium,Chainlink,Deprecated Library,Chainlink pricer is using a deprecated API the latestAnswer function is deprecated.
246,fa1836e0615e,Medium,Arithmetic,State Update Inconsistency,"When putOptionsRequired is true, the premium paid during bonding is calculated from block.timestamp and nextFundingPaymentTimestamp. Users can choose to bond close to the funding update, reducing timeToExpiry and paying a lower premium for the same amount and market price."
247,b7fc4d82013a,Medium,Accounting Error,"Implementation Error, Incorrect Parameter","When handleFees is called, totalSupply and ibRatio changes accordingly, but for newIbRatio calculation tokens minted in handleFees is not included. Therefore, ibRatio is calculated higher than it should be."
248,b7fc4d82013a,Medium,Accounting Error,Incorrect Parameter,The fee calculation is based on the totalSupply of the basket token. But some amount of the totalSupply represents the fees paid to the publisher/ protocol owner.
249,40cc38c69cca,Medium,DoS,Implementation Error,"The mint() function redundantly includes a nonReentrant modifier, despite calling mintTo() which already has it, causing malfunction due to double reentrancy guard and blocking minting functionality."
250,fa1836e0615e,Medium,Input Validation,Price Manipulation / Arbitrage opportunity,"Bonding automatically triggers reLP, and bond is permissionless. An attacker can manipulate the WETH-rDPX pool price with a flash loan, call bond to force reLP at the manipulated price, and unwind the trade after the pool normalizes to extract value from the protocol's liquidity operation."
251,fa1836e0615e,Medium,Access Control,Centralization Risk,"bond is permissionless and always triggers reLP after the bond flow completes. Because no privileged keeper or timing control gates that reLP execution, any user can choose the exact moment it runs after manipulating the WETH-rDPX pool, forcing the protocol to remove liquidity and swap at an attacker-chosen price."
252,b7fc4d82013a,Medium,Arithmetic,Precision Loss,"In fees calculation, division is being used in the midst of the calculation, not at the end of it.This leads to lost precision in fee amount (as solidity doesn't save remainder of division)."
253,fa1836e0615e,Medium,Arithmetic,Precision Loss,"VaultLP withdrawal checks rely on totalCollateral, but when all WETH collateral has been locked and converted into RDPX the live WETH collateral balance becomes zero. Share holders then fail the withdrawal require checks and cannot claim the RDPX compensation owed to them."
254,fa1836e0615e,Medium,Accounting Error,Asset Theft,"The bonding flow gives users a discount when minting dpxETH, but reserve usage is not based on the exact amount of WETH the user supplied. The protocol always consumes _amount / 2 of reserve WETH for liquidity, which can overdraw reserves and eventually block later bonding operations."
255,b7fc4d82013a,Medium,"DoS, Input Validation",Invalid Validation,"A malicious publisher can set minIbRatio to an extreme value during an auction proposal, making the auction impossible to settle and locking all user funds in the basket."
256,9cc1dc4ae06a,Medium,Accounting Error,"Invalid Validation, No Recovery Mechanism","claimRewards can transfer CVX from the user whenever depositCvxMaxAmount is positive even when the user did not choose Options.LockCvx. Because the lock path is skipped, the transferred CVX remains in the contract with no refund or withdrawal path for the user."
257,9cc1dc4ae06a,Medium,Accounting Error,Incorrect Formula,"When a user chooses to lock rewards, the flow reverts if AuraLocker is shut down. The user is then forced onto the unlocked withdrawal path and pays the 20 percent penalty even though the inability to lock is caused by the admin-controlled locker state rather than the user's choice."
258,fa1836e0615e,Medium,"Arithmetic,ERC4626",Price Manipulation / Arbitrage opportunity,VaultLP redeem calculates the returned RDPX from the user's share of vault supply instead of the current RDPX market value. A user can deposit before a price increase and later redeem against the stale share accounting to receive more RDPX than intended.
259,9cc1dc4ae06a,Medium,Input Validation,Duplicate Value,"The pool add function does not reject an lpToken that is already registered. Two pools can point at the same LP token, and both use lpToken.balanceOf(this) as supply, so the same balance is counted twice and reward allocation across pools becomes incorrect."
260,40cc38c69cca,Medium,Accounting Error,Fee On Transfer Token,Fee on transfer tokens transfer less tokens in than what would be expect.This means that the protocol request incorrect amounts when dealing with these tokens.
261,9cc1dc4ae06a,Medium,Logic error,"Does not match with Doc, Incorrect Parameter","The lock extension check compares unlockInWeeks and unlockTime values that are both expressed in seconds as if their difference were measured in weeks. The condition can pass after a new week begins instead of after two weeks, allowing users to extend locks earlier than documented."
262,40cc38c69cca,Medium,Reentrancy,Violating CEI / Missing nonReentrant,Function createBasket in Factory should also be nonReentrant as it interacts with various tokens inside the loop and these tokens may contain callback hooks.
263,b7fc4d82013a,Medium,MEV,Asset Theft,"By bonding at a precisely chosen block that makes newRatio = 0, tokensNeeded evaluates to 0 and settleAuction() can drain the basket regardless of balances."
264,9cc1dc4ae06a,Medium,DoS,Reward Manipulation,"distributeOther lets any caller notifyRewardAmount and reset the reward distribution window. By repeatedly calling it with a very small amount, an attacker can roll remaining rewards into a fresh seven-day period and delay normal users from receiving accrued rewards."
265,9cc1dc4ae06a,Medium,Arithmetic,Rounding Error,"Reward calculations round down and do not adjust accounting when the contract lacks enough reward tokens. safeRewardTransfer can send less than the amount recorded as paid, so users receive fewer rewards than owed while the accounting still treats the transfer as successful."
266,fa1836e0615e,Medium,Slippage,Invalid Slippage Control / Missing slippage check,"When minAmount is zero and _ethToDpxEth is true, the slippage calculation uses getDpxEthPrice to derive the ETH-to-dpxETH minimum output. It should use the ETH price instead, so the computed minOut is wrong and the intended slippage protection does not reflect the actual swap direction."
267,9cc1dc4ae06a,Medium,Accounting Error,State Update Inconsistency,"The add and set pool functions allow _withUpdate to skip massUpdatePools while still changing totalAllocPoint. Existing pools keep stale reward accounting after allocation weights change, so rewards are distributed using inconsistent pool proportions."
268,40cc38c69cca,Medium,"DoS, Input Validation",Invalid Validation,"Function setBondPercentDiv should validate that newBondPercentDiv is not 0, or bondForRebalance will experience division by zero error otherwise."
269,9cc1dc4ae06a,Medium,DoS,Out of Gas,"_getReward iterates from a user's epochIndex through tokenEpochs. If a user waits through many epochs before claiming, the loop can grow beyond the block gas limit, causing reward claims to revert and leaving the user's accrued rewards permanently inaccessible."
270,e169bbefc6e2,Medium,Input Validation,Reward Manipulation,"If the staking pool's lpToken is also the JPEG reward token, newly minted reward tokens increase lpToken.balanceOf(this). The contract uses that balance as lpSupply, so reward minting inflates the denominator and dilutes rewards owed to actual stakers."
271,fa1836e0615e,Medium,Uniswap,No Recovery Mechanism,"The reLP flow removes WETH-rDPX liquidity, swaps part of the WETH to RDPX, and then adds liquidity again using imprecise calculations. Some executions can revert or leave WETH dust behind, which accumulates and distorts the value of the protocol's LP position."
272,9cc1dc4ae06a,Medium,Input Validation,Invalid Validation,"The pool add path does not verify that _lpToken differs from the CVX reward token. If CVX itself is added as an LP token, newly minted CVX rewards are counted as pool supply, inflating lpSupply and diluting the rewards owed to stakers."
273,9cc1dc4ae06a,Medium,DoS,Front Run,"The liquidity request validation requires each live token balance to equal _request.maxAmountsIn[i]. An attacker can front-run the transaction by sending one wei of a token to the contract, breaking the exact equality check and forcing the liquidity provider's transaction to revert."
274,d9b35c0c87a4,Medium,Access Control,Front Run,"distributeRewards has no access control and can be called before settleFunds. An attacker can front-run settlement, distribute the operator share first, and leave operatorShare below penaltyAmount, causing the validator or operator accounting to absorb a loss."
275,9cc1dc4ae06a,Medium,DoS,Out of Gas,"massUpdatePools is public and loops over the full poolInfo array without a bound. As the number of pools grows, the call can exceed the block gas limit, preventing some or all pools from updating reward accounting through that path."
276,d9b35c0c87a4,Medium,Logic error,Bypass Mechanism,"Penalty recovery caps the slashable amount at min(operatorSD, poolThreshold.minThreshold) instead of the actual penalty exposure. When the penalty is larger than that threshold, most of the penalty cannot be recovered and the intended slashing mechanism is bypassed."
277,9cc1dc4ae06a,Medium,Governance,"Does not match with Doc, State Update Inconsistency","Users who lock AURA and receive vlAURA do not automatically receive voting power unless they explicitly set a delegate. The system records voting weight only for delegated balances, so users without a delegate can hold vlAURA but still have no effective governance power."
278,9cc1dc4ae06a,Medium,DoS,Incorrect Formula,Adding rewards to a past epoch can be front-run by adding a dust reward to a later epoch first. The later epoch update changes the expected ordering and causes the legitimate past-epoch reward transaction to hit a require condition and revert.
279,9cc1dc4ae06a,Medium,Input Validation,Missing Time Constraint,"The sponsorship flow does not require block.timestamp to be at or before endTime. Funds can still be sponsored after the reward unlock period has already ended, leaving the deposited funds unable to convert into any effective reward distribution."
280,9cc1dc4ae06a,Medium,Reentrancy,Violating CEI / Missing nonReentrant,"The reward claim path transfers the reward token before updating the user's accounting state. If the reward token has a transfer hook or is later upgraded to ERC777-like behavior, the recipient can reenter before state is finalized and claim against stale balances."
281,d9b35c0c87a4,Medium,Logic error,Reward Manipulation,The validator fund distribution logic advances the pool index even when the current funds are insufficient for that pool. A malicious user can send a tiny amount to influence the next allocation step and redirect the following validator funding round to a preferred pool.
282,9cc1dc4ae06a,Medium,Governance,Incorrect Parameter,"When all of a user's locks have expired, kick reward calculation uses only the amount from the final lock multiplied by expired epochs. It should account for the user's total expired locked amount, so the kicker can receive less reward than the protocol formula intends."
283,d9b35c0c87a4,Medium,DoS,Duplicate Value,"UpdatePollAddress verifyNewPool, poolId verifyNewPool revert, pool address"
284,b7fc4d82013a,Medium,Accounting Error,Incorrect Parameter,The fee calculation is wrong. It should only get divided by BASE and not (BASE - feePct)
285,fa1836e0615e,Medium,ERC721,State Update Inconsistency,"The ERC721 transfer path does not update the stored owner field after a token is moved. Owner is set only during minting and then remains stale, so later logic or external reads can report the wrong owner for tokens that have already been transferred."
286,fa1836e0615e,Medium,Accounting Error,State Update Inconsistency,"sync updates the protocol's internal asset balances, but it is not called on every path that changes those balances. Internal accounting can fall out of sync with live token balances, causing later calculations or external calls to rely on stale reserve values."
287,e169bbefc6e2,Medium,Slippage,Invalid Slippage Control / Missing slippage check,"Reward tokens are swapped directly to WETH without checking whether the direct pair has enough liquidity or whether another route would provide better output. With low liquidity on the direct path, the protocol can receive far less WETH than expected."
288,e169bbefc6e2,Medium,Arithmetic,Token Decimal,"YVault.getPricePerFullShare() 1e18 price per share, 1e18 token"
289,9cc1dc4ae06a,Medium,Accounting Error,State Update Inconsistency,"Total voting power is derived from all locked AURA, but individual user voting weights are recorded only for delegated balances. This mismatch makes aggregate and per-user governance power inconsistent, which can distort quorum or proposal threshold calculations."
290,fa1836e0615e,Medium,Pause,State Update Inconsistency,"The redeem path does not check the protocol pause state and lacks a whenNotPaused guard. Even after the system is paused, users can still call redeem and change balances through a path that should be disabled during emergency pause handling."
291,d9b35c0c87a4,Medium,Pause,Front Run,"Active auctions can still receive addBid calls immediately before the protocol pause takes effect. A MEV bot can front-run the pause by bidding across multiple auctions, preventing later competitive bids and locking near-ending auctions into unfavorable outcomes."
292,e169bbefc6e2,Medium,Input Validation,"Bypass Mechanism, Invalid Validation","NoContract modifier constructor (,create2)"
293,d9b35c0c87a4,Medium,Input Validation,Duplicate Value,StaderConfig.updateAdmin revokes DEFAULT_ADMIN_ROLE from the old admin even when the new admin address is the same current admin. Repeating the existing admin value can remove the only protocol admin role and leave critical configuration without admin control.
294,fa1836e0615e,Medium,Accounting Error,Incorrect Formula,"The minimum token amount used for slippage protection is calculated with an incorrect minTokenAAmount formula. Because the wrong value is passed into the trade path, the transaction's slippage bound can be too loose or invalid and no longer protects the user as intended."
295,d9b35c0c87a4,Medium,Pause,Does not match with Doc,"SocializingPool, StaderOracle, OperatorRewardsCollector, and Auction inherit PausableUpgradeable but expose no external pause or unpause functions. The intended pause controls cannot be activated when these contracts need emergency shutdown behavior."
296,d9b35c0c87a4,Medium,Accounting Error,Front Run,"The auction endBlock is fixed and publicly known, which gives bidders little reason to reveal demand before the final block. Rational bidders can wait for last-block or MEV inclusion, reducing price discovery and leading to a lower final auction price."
297,4ef0b4d678ab,Medium,Accounting Error,Incorrect Formula,"Rounding error in buyQuote might result in free tokens In order to guarantee the contract does not become insolvent, incoming assets should be rounded up, while outgoing assets should be rounded down."
298,af8e4af75dc2,Medium,"Chainlink, Oracle","Invalid Validation, Price Manipulation / Arbitrage opportunity","Protocol's usability becomes very limited when access to Chainlink oracle data feed is blocked Based on the current implementation, when the protocol wants to use Chainlink oracle data feed for getting a collateral token's price, the fixed price for the token should not be set."
299,4ef0b4d678ab,Medium,Accounting Error,Incorrect Formula,It's possible to swap NFT token ids without fee and also attacker can wrap unwrap all the NFT token balance of the Pair contract and steal their air drops for those token ids Users can wrap() their NFT tokens (which id is whitelisted) and receive 1e18 fractional token or they can pay 1e18 fractional token and unwrap NFT token.
300,9befb133ee74,Medium,Bridge,Incorrect Parameter,"Safe addresses can only be added but not removed The addSafeAddress() takes an address and adds it to a ""safe list""."
301,af8e4af75dc2,Medium,Accounting Error,Incorrect Formula,Oracle assumes token and feed decimals will be limited to 18 decimals The Oracle contract normalizes prices in both viewPrices and getPrices functions to adjust for potential decimal differences between feed and token decimals and the expected return value.
302,4ef0b4d678ab,Medium,Accounting Error,Incorrect Formula,Pair price may be manipulated by direct transfers An attacker may manipulate the price of a pair by transferring tokens directly to the pair.
303,9befb133ee74,Medium,Flashloan,Invalid Validation,"The owner can disable preventSmartContracts, after which arbitrary smart contracts may interact with the protocol. The optional allowlist-based mitigation does not prevent same-block flash-loan style activity, so a contract can still exploit underlying flash-loan-sensitive paths once the guard is disabled."
304,af8e4af75dc2,Medium,Accounting Error,Incorrect Formula,Two day low oracle used in Market.liquidate() makes the system highly at risk in an oracle attack Usage of the 2 day low exchange rate when trying to liquidate is highly risky as it incentives even more malicious agents to control the price feed for a short period of time.
305,9befb133ee74,Medium,ERC4626,Inflation Attack,"Early user can break minting The protocol computes a factor when minting (and burning) tokens, which is the exchange rate of rebase to base tokens (base supply / total assets value), see GToken.factor()."
306,af8e4af75dc2,Medium,Accounting Error,Incorrect Formula,"Market::forceReplenish can be DoSed Market.sol L562 public { gibWeth(user, wethTestAmount); gibDBR(user, wethTestAmount / 14); uint initialReplenisherDola = DOLA.balanceOf(replenisher); vm.startPrank(user); deposit(wethTestAmount); uint borrowAmount = getMaxBorrowAmount(wethTestAmount); market.borrow(borrowAmount); uint initialUserDebt =."
307,0315ba9d8121,Medium,Accounting Error,Incorrect Formula,Borrower can prevent yield position repayment and closure by the bot User may revoke the underlying asset approval from the yield contract and prevent the botAdmin from repaying and closing his position.
308,9befb133ee74,Medium,Arithmetic,Token Decimal,BaseVaultAdaptor assumes sharePrice is always in underlying decimals The two BaseVaultAdaptor.calculateShare functions compute share = amount.mul(uint256(10) decimals).div(sharePrice) This assumes that the sharePrice is always in token decimals and that token decimals is the same as vault decimals.
309,af8e4af75dc2,Medium,"DoS, Liquidation",Bad Condition,Users could get some DOLA even if they are on liquidation position Market.sol L566 when they are on liquidation position.
310,0315ba9d8121,Medium,Liquidation,Does not match with Doc,"Incorrect accounting of utilization, supply/borrow rates due to vulnerable implementation in IsolateLogic::executeIsolateLiquidate When an isolate loan (borrow against a single nft token) is auctioned and liquidated, the liquidator (caller of IsolateLogic::executeIsolateLiquidate) may need to repay extra amount of debt (vars.totalExtraAmount) if the bid amount doesn't fully cover total debt (vars.totalBorrowAmount)."
311,af8e4af75dc2,Medium,Accounting Error,Incorrect Formula,ViewPrice doesn't always report dampened price Oracle.sol L91; getLiquidatableDebt; getWithdrawalLimit.
312,0315ba9d8121,Medium,Accounting Error,Incorrect Formula,It's impossible to retrieve collected fines from the yield staking contract No means to retrieve collected fines from the staking contract.
313,af8e4af75dc2,Medium,Liquidation,Does not match with Doc,"Liquidation should make a borrower healthier For a lending pool, borrower's debt healthness can be decided by the health factor, i.e."
314,0315ba9d8121,Medium,Accounting Error,Incorrect Formula,"Incorrect unwrapNativeTokenInWallet receiver address If the user specifies native tokens as output assets, the protocol will mistakenly try to unwrap wrapped tokens from the msg.sender instead of the receiver address that was specified in the function call."
315,af8e4af75dc2,Medium,Accounting Error,Incorrect Formula,Avoidable misconfiguration could lead to INVEscrow contract not minting xINV tokens Market.sol L281-L283 would not mint xINV tokens for them.
316,0315ba9d8121,Medium,Logic Error,Bad Condition,"Changing auction duration will have effect on ongoing auctions Auctions created before the auction duration was changed will have their duration shortened/extended, which may catch their participants off guard."
317,af8e4af75dc2,Medium,Accounting Error,Incorrect Formula,Protocol withdrawals of collateral can be unexpectedly locked if governance sets the collateralFactorBps to 0 The FiRM Marketplace contract contains multiple governance functions fo
318,d9b35c0c87a4,Medium,Accounting Error,Incorrect Formula,Owner in VaultProxy.sol is address(0) The owner variable in the VaultProxy.sol is going to be zero because of a bug in staderConfig.
319,0315ba9d8121,Medium,Accounting Error,Incorrect Formula,Updating fee factor may create issues for the protocol When the protocol fee is modified in the Configurator module: - The new fee percentage will be applied to the interest collected before the fee change.
320,af8e4af75dc2,Medium,Accounting Error,Incorrect Formula,User can free from liquidation fee if its escrow balance is less than the calculated liquidation fee User can free from liquidation fee if its escrow balance less than the calculated liquidation fee.
321,d9b35c0c87a4,Medium,Accounting Error,Incorrect Formula,"StaderOracle accepts SD price reports for different reportingBlockNumber values into shared price state. Reports for later blocks can mix with or overwrite earlier pending data, so finalizing one reportable block can corrupt or discard another block's oracle data."
322,e0d2d83ea351,Medium,Reentrancy,Violating CEI / Missing nonReentrant,Reentrancy abuse to reduce the minted management fees when changing an adapter Vaults using hookable tokens present a reentrancy upon changing adapter.
323,0315ba9d8121,Medium,Accounting Error,Incorrect Formula,"Protocol should update interest rate after changing rate model in the configurator module After updating the interest model, the protocol does not update the interest rate, resulting in interest being calculated at the old model rates for some time."
324,af8e4af75dc2,Medium,Accounting Error,Incorrect Formula,User can borrow DOLA indefinitely without settling DBR deficit by keeping their debt close to the allowed maximum A user can borrow DOLA interest-free.
325,e0d2d83ea351,Medium,Accounting Error,Incorrect Formula,MultiRewardStaking.changeRewardSpeed() breaks the distribution The changeRewardSpeed() doesn't calculate the new endTimestamp correctly.
326,0315ba9d8121,Medium,"DoS, Liquidation",Bad Condition,Updating asset collateral params can lead to liquidate borrowers arbitrarily One of the key concepts in this protocol is Cross Lending when the contract will calculate the health-factor of the account.
327,af8e4af75dc2,Medium,Accounting Error,State Update Inconsistency,Users can avoid paying fees if they manage to update their accrued fees periodically DBR.sol L287 public { uint debt = debts[user]; if(lastUpdated[user] == block.timestamp) return; uint accrued = (block.timestamp - lastUpdated[user]) debt / 365 days; dueTokensAccrued[user] += accrued; totalDue
328,e0d2d83ea351,Medium,Accounting Error,Incorrect Formula,"DOS any Staking contract with Arithmetic Overflow This allows attackers to disable any Staking contract deployed via the system, essentially locking up all funds within the Staking contract."
329,0315ba9d8121,Medium,"Chainlink,Oracle",Stale Value,No check if Arbitrum/Optimism L2 sequencer is down in Chainlink feeds PriceOracle.sol Chainlink recommends that all Optimistic L2 oracles consult the Sequencer Uptime Feed to ensure that the sequencer is live before trusting the data returned by the oracle.
330,af8e4af75dc2,Medium,Accounting Error,Incorrect Formula,Unhandled return values of transfer and transferFrom ERC20 implementations are not always consistent.
331,e0d2d83ea351,Medium,Accounting Error,Incorrect Formula,"Faulty Escrow config will lock up reward tokens in Staking contract When a Vault owner creates/adds a reward token to the Staking contract with faulty escrow config parameters, the reward tokens sent to the Staking contract will forever be locked up."
332,0315ba9d8121,Medium,DoS,Invalid Validation,"ExecuteYieldBorrowERC20() checking yieldCap is wrong In executeYieldBorrowERC20(), we will check whether stakerAddr exceeds yieldCap."
333,e0d2d83ea351,Medium,Accounting Error,Incorrect Formula,Users lose their entire investment when making a deposit and resulting shares are zero Users could receive 0 shares and thus lose their entire investment when making a deposit.
334,0315ba9d8121,Medium,Accounting Error,Incorrect Formula,IsolateRedeem() revert in case Revert-on-zero-value-transfers tokens One of the features of this protocol is that the borrower can redeem his loan (under the Isolate Lending ) after his loan goes into auction state (before the end of the auction) by simply invoking IsolateLiquidation.sol isolateRedeem().
335,e0d2d83ea351,Medium,Accounting Error,Incorrect Formula,Anyone can reset fees to 0 value when Vault is deployed Anyone can reset fees to 0 value when Vault is deployed.
336,0315ba9d8121,Medium,Accounting Error,Incorrect Formula,"User are forced to borrow again in order to unlock their NFTs from IsolateLending.sol Isolated Margin Lending the BendDAO protocol will calculate the health factor based on a single collateral (one NFT), the liquidation of collateral will be achieved by selling the NFT through an auction mechanism."
337,e0d2d83ea351,Medium,DoS,Bad Condition,Vault creator can't change feeRecipient after deployment The vault's feeRecipient can be updated through the setFeeRecipient() function.
338,0315ba9d8121,Medium,"Accounting Error, ERC20",Fee On Transfer Token,Fee-on-Transfer tokens problems in multiple places The protocol is designed to ensure it is compatible with fee-on-transfer tokens (Fee-on-transfer is in scope).
339,099243e83259,Medium,Accounting Error,Incorrect Formula,"Incorrect implementation of the ETHPoolLPFactory.sol rotateLPTokens let user stakes ETH more than maxStakingAmountPerValidator in StakingFundsVault, and DOS the stake function in LiquidStakingManager"
340,e0d2d83ea351,Medium,Accounting Error,Incorrect Formula,"Adapters logic contracts can be destroyed AdapterBase based adapters instances like BeefyAdapter, and YearnAdapter can be rendered inoperable and halt the project."
341,0315ba9d8121,Medium,Accounting Error,State Update Inconsistency,"YieldEthStakingLido lacks a limit on the max stake amount, which may result in the unstake exceeding MAX STETH WITHDRAWAL AMOUNT, resulting in the token not being retrieved In YieldEthStakingLido, the main processes are as follows: 1."
342,099243e83259,Medium,Accounting Error,Incorrect Formula,OwnableSmartWallet: Multiple approvals can lead to unwanted ownership transfers The OwnableSmartWallet contract employs a mechanism for the owner to approve addresses that can then claim ownership ( of the contract.
343,e0d2d83ea351,Medium,Accounting Error,Incorrect Formula,"Users can fail to withdraw deposited assets from a vault that uses YearnAdapter contract as its adapter because maxLoss input for calling corresponding Yearn vault's withdraw function cannot be specified For a vault that uses the YearnAdapter contract as its adapter, calling the Vault.withdraw or Vault.redeem function will eventually call the AdapterBase."
344,0315ba9d8121,Medium,DoS,Invalid Validation,WrapNativeTokenInWallet() always reverts on Arbitrum VaultLogic.wrapNativeTokenInWallet() is used in a number of places It's mainly used to store msg.value into WETH and then transfer it to msg.sender.
345,099243e83259,Medium,Accounting Error,Incorrect Formula,Freezing of funds - Hacker can prevent users withdraws in giant pools A hacker can prevent users from withdrawing dETH or LPTokens in giant pools.
346,e0d2d83ea351,Medium,Accounting Error,Incorrect Formula,Vault fees can be set to anything when initializing The vault owner can charge any fees when initializing.
347,0315ba9d8121,Medium,Accounting Error,Incorrect Formula,"Unhandled request invalidation by the owner of Etherfi will lead to stuck debt The owner of Etherfi has the ability to invalidate withdrawal requests, which will DoS YieldEthStakingEtherfi::protocolClaimWithdraw() without ever repaying the debt."
348,099243e83259,Medium,DoS,Invalid Validation,Rotating LPTokens to banned BLS public key It is possible to rotate LPTokens to a banned BLS public key.
349,e0d2d83ea351,Medium,"Arithmetic, DoS",Bad Condition,"In MultiRewardStaking.addRewardToken(), rewardsPerSecond is not accurate enough to handle all type of reward tokens. The raw rewardsPerSecond might be too big for some ERC20 tokens and it wouldn't work as intended."
350,fa1836e0615e,Medium,Accounting Error,Incorrect Formula,"No mechanism to settle out-of-money put options even after Bond receipt token is redeemed. In the current implementation of PerpetualAtlanticVault::settle, the only way an optionId can be burnt is when the option is in-the-money."
351,73f6a793d916,Medium,Governance,Missing Functionality,"Missing function to cast vote with params Shambolic Pickle Gazelle medium Summary The OZVotingAdaptor contract provides functionality to cast votes and to provide a reason when casting a vote, but fails to include the case when the vote should carry parameters. Vulnerability Detail The OpenZeppelin Governor interface provides the following functions to vote: - castVote proposalId, support - castVoteWithReason proposalId, support, reason - castVoteWithReasonAndParams proposalId, support, reason, params The first."
352,fa1836e0615e,Medium,Accounting Error,Bad Condition,"User that delegate eth to RdpxV2Core will incur loss if his delegated eth fulfilled by decaying bonds Current design allow user call bondWithDelegate using decaying bonds, this will make delegatee incur loss because they will get less bond and paid more eth."
353,9470d2cf198f,Medium,Input Validation,Missing Upper/Lower Bound Check,"In Launch.updateParticipation, token amounts are compared with currency amounts without normalizing token decimals. A participant can bypass maxTokenAmountPerUser and receive a larger allocation than intended."
354,9470d2cf198f,Medium,Accounting Error,State Update Inconsistency,"Launch.updateParticipation subtracts refundCurrencyAmount from userTokenAmount even though the values are denominated in different units. This corrupts userTokens accounting and can cause fund loss, failed refunds, or denial of service."
355,592eed5791df,High,Arithmetic,Precision Loss,"StakingRewardsV2 calculates USDC rewardPerToken with the same 18-decimal scaling used for KWENTA, even though USDC has only 6 decimals. Frequent reward updates can round USDC rewards to zero and prevent stakers from receiving the intended distribution."
356,73f6a793d916,High,call / delegatecall,No Recovery Mechanism,VestingEscrow derives the factory address from forgeable immutable clone arguments and then uses that address to resolve the voting adaptor for delegatecall. An attacker can craft calldata that delegates into a malicious adaptor and bricks escrow implementations.
357,1167ec3a176e,Medium,Access Control,Centralization Risk,"Timelock roles/deployment gives the public vault owner full control over the vault Curly Banana Sardine high Summary The public vault owner role is restricted according to the documentation, even though it's wrapped in a Timelock, i.e. each action will have a 2 day delay before it's executed, there's no way to cancel the pending action and/or remove/assign roles in the Timelock. This gives a restricted role full control, including being able to whitelist new modules, etc. through which they can take."
358,1167ec3a176e,Medium,Slippage,Invalid Slippage Control / Missing slippage check,"Deposits/Withdrawals to/from Arrakis Vaults can be sandwiched due to no slippage checks in mint/burn functions Curly Banana Sardine medium Summary There are two instances in which deposits/withdrawals can be sandwiched: - When depositing funds through the Router, there is slippage protection, but when directly minting through the vault, no slippage protection is present, making all of the deposits prone to being sandwiched. - Same goes for withdrawing directly by burning the shares on the vault instead of going."
359,1167ec3a176e,Medium,DoS,Bad Condition,"HOT::setPriceBounds Malicious executor can brick vault withdrawals for at least 2 days Merry Yellow Osprey medium Summary The HOT::setPriceBounds function in the HOT contract allows an executor to set the AMM position's square-root upper and lower price bounds. A malicious executor can exploit this function to set the bounds very close together, causing an uint128 overflow when calculating liquidity. This results in disabling vault withdrawals, requiring a timelock of 2 days to set a new executor and re-enable."
360,1167ec3a176e,Medium,Slippage,Invalid Slippage Control / Missing slippage check,"ArrakisMetaVaultPrivate::fund No slippage control on private vault deposit can cause unlimited loss to owner Merry Yellow Osprey high Summary An attacker can front-run a deposit transaction for an ArrakisMetaVaultPrivate, forcing the depositor to deposit in an unbalanced way. This increases liquidity around an unfavorable price, leading to a loss of one side of the provided liquidity. Vulnerability Detail The owner of a private vault has full ownership of the shares of liquidity, so they are not even calculated."
361,1167ec3a176e,High,Slippage,Invalid Slippage Control / Missing slippage check,"The Valantis HOT deposit flow does not pass the expected price bounds into alm.depositLiquidity. Without those bounds, a sandwich attacker can manipulate execution around the deposit and extract value from the vault."
362,1167ec3a176e,Medium,ERC20,safeApprove,Swap paths use safeIncreaseAllowance for tokens such as USDT that require the allowance to be reset to zero before increasing it. Leftover allowance can break later swaps and make USDT interactions fail.
363,c2426a2ab283,High,Reentrancy,onERC721Received callback,ChiikawaSticker.claim calls _safeMint before clearing canClaim. A malicious ERC721 receiver can reenter through onERC721Received and claim multiple NFTs after paying only once.
364,27c6f2a68058,High,Access Control,Bypass Mechanism,"ChiikawaToken.mint is public and has no onlyOwner or role restriction. Any address can mint arbitrary tokens, bypassing the intended supply control and diluting existing holders."
365,348856fe60ac,Medium,DoS,State Update Inconsistency,BlackStar.receive lets any address send ETH and reset releaseTime to another 24 hours. An attacker can keep extending the timelock and deny the owner from withdrawing funds.
366,103f39b0f29b,High,Slippage,Invalid Slippage Control / Missing slippage check,"The Gladius swap executor relies on caller-supplied swap parameters and reactor callbacks while only checking that the output is sufficient after execution. If the minimum output or route validation is incorrect, a filler can route the order through unfavorable liquidity and extract value from the swap."
367,103f39b0f29b,Medium,Input Validation,Invalid Validation,Gladius order execution accepts externally supplied callback and executor data. Missing strict validation of the executor path can allow an order to be executed under assumptions that differ from the maker's intended route or token flow.
368,51c6dc5fd57f,Medium,Governance,Invalid Validation,"The M^0 governance and delegation flow relies on epoch-based voting state and signature-driven actions. If expired or stale delegation checkpoints are not rejected consistently, users can retain or reuse voting influence in ways that distort governance outcomes."
369,51c6dc5fd57f,High,"EIP712, Governance, Replay Attack",Nonce,Signature-based governance actions must bind nonces and expiry values into the signed digest. Missing or inconsistent nonce consumption can let a valid signature be replayed to repeat voting or delegation effects.
370,9ddd6b83c27e,Medium,Slippage,Invalid Slippage Control / Missing slippage check,"The dnGmx vault flow uses fixed slippage thresholds while converting between USDC, GLP, GMX and hedge assets. Stale or insufficient slippage bounds can cause deposits and withdrawals to execute at adverse prices during volatile market conditions."
371,9ddd6b83c27e,Medium,Oracle,"Price Manipulation / Arbitrage opportunity, Stale Value","The dnGmx vault accounting depends on Aave and GMX price data for GLP, ETH and BTC exposure. If stale or manipulated oracle values are accepted during rebalancing or withdrawals, users can receive an incorrect share of vault assets."
372,e7921851ec01,Medium,Oracle,"Missing Return Check, Stale Value","DODO V3 oracle logic relies on Chainlink-style price feeds for pool valuation and liquidation. If latestRoundData results are not fully checked for stale rounds, invalid answers, or sequencer downtime, liquidation and collateral valuation can use unsafe prices."
373,e7921851ec01,Medium,Liquidation,No Incentive to Liquidate,"DODO V3 liquidation depends on liquidators covering negative-worth pool debt and receiving collateral. Small or badly discounted positions can leave liquidators without enough incentive, allowing unhealthy positions to persist."
374,103f39b0f29b,High,EIP712,Nonce,"Gladius orders depend on signed order data and nonce invalidation. If nonce consumption is not bound to every executable order variant, a previously signed order can be replayed or filled under a different execution path."
375,103f39b0f29b,Medium,ERC20,Missing Return Check,The reactor and executor flow integrates with arbitrary ERC20 tokens through Permit2 and swap callbacks. Tokens with non-standard transfer behavior can make accounting diverge if transfer results and received amounts are not checked consistently.
376,103f39b0f29b,Medium,DoS,Bad Condition,Order quoting intentionally bubbles revert data from simulated execution. Malformed executor behavior or unexpected revert payloads can break quoting and prevent otherwise valid orders from being priced or executed reliably.
377,51c6dc5fd57f,High,Arithmetic,Precision Loss,MToken and MinterGateway rely on continuous-indexing math for principal and present-value conversion. Rounding in repeated index updates can under-credit or over-credit users when rates and balances are small relative to the fixed-point scale.
378,51c6dc5fd57f,Medium,Access Control,Centralization Risk,"Registrar-controlled roles determine approved minters, validators, earners, and governance contracts. Overly broad or stale registrar permissions can let privileged actors change protocol-critical parameters or bypass expected approval flows."
379,51c6dc5fd57f,Medium,Input Validation,Incorrect Parameter,"MinterGateway accepts proposal, collateral, and minting parameters that interact with validator and registrar state. Missing bounds on these parameters can create invalid debt positions or incorrect minting capacity."
380,51c6dc5fd57f,Medium,DoS,Out of Gas,"Governance checkpoint and proposal accounting can grow across epochs. Iterating or validating large checkpoint histories without strict bounds can make voting, delegation, or proposal execution too expensive to complete."
381,9ddd6b83c27e,High,Flashloan,Bad Condition,"DnGmxJuniorVault tracks a flashloan state flag during leveraged operations. If the callback path or repayment assumptions are not fully validated, a crafted flashloan sequence can leave hedge or debt accounting in an inconsistent state."
382,9ddd6b83c27e,Medium,Accounting Error,State Update Inconsistency,"The junior vault tracks dnUsdcDeposited, GLP stake, protocol esGMX, and hedge exposure across several manager calls. Updating these values in the wrong order can make share accounting diverge from the actual GLP and borrowed asset balances."
383,9ddd6b83c27e,Medium,ERC4626,Rounding Error,The senior and junior vaults inherit ERC4626-style share conversion logic. Rounding differences between preview and actual deposit or withdrawal paths can mint too many shares or return too few assets in edge cases.
384,9ddd6b83c27e,Medium,Liquidation,No Incentive to Liquidate,"The leverage and hedge strategy depends on timely rebalancing when GLP, ETH, or BTC exposure moves. If the liquidation or rebalance incentive is too small relative to gas and slippage, unhealthy positions can persist and harm vault users."
385,e7921851ec01,High,Liquidation,Incorrect Parameter,"D3VaultLiquidation accepts collateralAmount and debtToCover for public liquidation. If those values are not constrained against the unhealthy pool's real debt and collateral balances, a liquidator can receive an incorrect payout."
386,e7921851ec01,Medium,Input Validation,Invalid Validation,D3Vault pool removal and pending liquidation flows require several staged state transitions. Missing validation of pool status can allow actions to run while a pool is pending removal or not yet safe to repay.
387,e7921851ec01,Medium,Accounting Error,Incorrect Formula,"D3MM and D3Vault accounting combines pool reserves, debt, collateral discounts, and oracle prices. An incorrect formula in net-worth or collateral valuation can make liquidation thresholds and payouts incorrect."
388,e7921851ec01,Medium,Slippage,Invalid Slippage Control / Missing slippage check,"D3MMLiquidationRouter performs swaps during liquidation settlement. If user-supplied or protocol slippage limits are missing, liquidation swaps can execute at unfavorable prices and reduce recovered collateral value."
389,103f39b0f29b,Medium,Access Control,Centralization Risk,"RubiconFeeController lets a privileged fee controller set both base and pair-specific fees that are applied to reactor outputs. If fee bounds are weak, the controller can set excessive fees and capture most of the swap value from users."
390,103f39b0f29b,High,MEV,Front Run,Dutch and exclusive order execution exposes time-decaying prices and filler selection to mempool timing. A filler can front-run near the decay boundary or exploit stale exclusivity assumptions to capture value that should remain with the maker.
391,1167ec3a176e,Medium,Accounting Error,State Update Inconsistency,"Arrakis module changes move liquidity between vault modules while accounting for fees and reserves. If reserve state is not synchronized before and after setModule, share pricing can diverge from the actual liquidity held by the vault."
392,51c6dc5fd57f,High,Input Validation,Incorrect Parameter,"MinterGateway derives minting capacity from collateral, validators, and registrar configuration. Incorrectly bounded collateral or debt parameters can let a minter inflate approved mint capacity relative to the backing assets."
393,51c6dc5fd57f,Medium,Governance,Bypass Mechanism,Epoch-based voting and delegation can be bypassed if delegation updates are accepted around epoch boundaries without enforcing the intended snapshot time. This can let voting power move after the proposal state should already be fixed.
394,51c6dc5fd57f,Medium,EIP712,"Invalid Validation,Nonce","EIP712 signature helpers must reject expired signatures and consume nonces on every accepted action. If validation and nonce updates are not coupled, a signature can be reused to repeat delegation or authorization effects."
395,9ddd6b83c27e,High,Accounting Error,Incorrect Formula,"DnGmxJuniorVaultManager converts between GLP, USDC debt, and hedge exposure using several price and precision constants. An incorrect formula in these conversions can overstate vault equity and allow withdrawals or rebalances that harm remaining users."
396,9ddd6b83c27e,Medium,DoS,Bad Condition,"BatchingManager processes deposits and withdrawals by round. If round state is not advanced correctly after partial GLP staking or failed settlement, later users can be stuck in an old round and unable to complete their vault operation."
397,9ddd6b83c27e,Medium,Slippage,Missing minOut / maxAmount,"WithdrawPeriphery uses fixed slippage thresholds for conversions involving GLP and underlying assets. Without per-transaction minOut bounds, a withdrawal can execute through unfavorable GMX pricing and return less value than the user expected."
398,e7921851ec01,High,Oracle,Stale Value,"D3Oracle can be configured with Chainlink and sequencer feeds for token valuation. If stale answers or sequencer downtime are not rejected before liquidation checks, pools can be liquidated or protected using outdated prices."
399,e7921851ec01,High,Accounting Error,Incorrect Parameter,"D3VaultLiquidation accepts debtToCover and collateralAmount during public liquidation. If those parameters are not recomputed from current debt and collateral, a liquidator can claim too much collateral for too little repayment."
400,e7921851ec01,Medium,"DoS, Liquidation",Missing Functionality,"Pool removal requires liquidation and pending repayment steps before finishPoolRemove can complete. If deprecated or pending-remove pools are not handled in every liquidation path, repayment can become stuck and block final pool removal."
