Property,repo_path,severity,tag,subtag,description
1,a8884f87db1a,High,Arithmetic,Precision Loss,userTotalStaked invariant will be broken due to vulnerable implementations in release Submitted by oakcobalt also found by oakcobalt Stormy and 0xDING99YA userTotalStaked invariant will be broken due to vulnerable implementations in release . Users might lose funds due to underflow errors in withdraw methods. According to the readme userTotalStaked invariant should always hold true: userTotalStaked address = selfStakes address .amount + sum communityStakes address x .amount for all x staked on by this address.
2,e99e64a8abf1,High,Accounting Error,Incorrect Formula,"Lack of Balance Validation Submitted by Mirror also found by prapandey031 d3e4 Udsen ItsNio pontifex 1 2 ktg markus\ ether Testerbot mert\ eren T1MOH oakcobalt and skodi The pool's ratio of y to x must be within the interval MIN M, MAX M , which will be checked by the checkBalances function. External view functions will call the swap , reserveTokenSpecified or lpTokenSpecified functions to get the specified result. However, checkBalances is only used in the swap and lpTokenSpecified functions. There is no balance."
3,fee749ecd513,High,ERC4626,Inflation Attack,"Someone can create non-liquidatable auction if the collateral asset fails on transferring to address 0 Submitted by antonttc, also found by 0x52 Witch.sol L176 Witch.sol L399 Might lead to systematic debt. Cause errors for liquidators to run normally. In the function auction, there is an input validation around whether the to is address 0 or not. And if the auctioneerReward is set to an value 0 as default , each liquidate call will call Join module to pay out to auctioneer with the following line: This line will."
4,fee749ecd513,High,ERC4626,Inflation Attack,"Incorrect amount of Collateral moves for Auction Submitted by csanuragjain It was observed that the debt and collateral which moves for Auction is calculated incorrectly. In case where line.proportion is set to small value, chances are art will become lower than min debt. This causes whole collateral to go for auction, which was not expected. 1. Assume line.proportion is set to 10% which is a valid value 2. Auction is started on Vault associated with collateral & base representing line from Step 1 3. Now debt and."
5,03196f805abb,High,Reentrancy,Violating CEI / Missing nonReentrant,"PostAuctionLauncher.sol finalize Adding liquidity to an existing pool may allows the attacker to steal most of the tokens Submitted by WatchPug, also found by 0xRajeev and cmichel. PostAuctionLauncher.finalize can be called by anyone, and it sends tokens directly to the pair pool to mint liquidity, even when the pair pool exists. An attacker may control the LP price by creating the pool and then call finalize to mint LP token with unfair price pay huge amounts of tokens and get few amounts of LP token , and then."
6,03196f805abb,High,Reentrancy,Violating CEI / Missing nonReentrant,"Last person to withdraw his tokens might not be able to do this, in Crowdsale edge case Submitted by gpersoon . Suppose a Crowdsale is successful and enough commitments are made before the marketInfo.endTime. Suppose marketStatus.commitmentsTotal == marketInfo.totalTokens -1 // note this is an edge case, but can be constructed by an attacker Then the function auctionEnded returns true Assume auctionSuccessful is also true might depend on the config of marketPrice.goal and marketInfo.totalTokens Then an admin can."
7,98b7c1691811,High,Arithmetic,Precision Loss,"Malicious early user/attacker can malfunction the contract and even freeze users' funds in edge cases Submitted by WatchPug < In the current implementation, pointsPerUnit can be changed in updateDistribution which can be called by anyone. A malicious early user can lock with only 1 wei of XDEFI and makes pointsPerUnit to be very large, causing future users not to be able to lock and/or unlock anymore due to overflow in arithmetic related to pointsMultiplier. As a result, the contract can be malfunctioning and even."
8,804fe35b0164,High,Accounting Error,Incorrect Formula,"Direct theft of buyers ETH funds Submitted by 0xdeadbeef0x, also found by adriro, bin2chen, datapunk, hihen, KingNFT, Koolex, Lambda, philogy, rotcivegaf, Trust, V\ B, and wait Exchange.sol L168 Exchange.sol L565 Exchange.sol L212 Exchange.sol L154 Most severe issue:<br A Seller or Fee recipient can steal ETH funds from the buyer when he is making a single or bulk execution. Direct theft of funds . Additional impacts that can be caused by these bugs: 1. Seller or Fee recipient can cause next in line executions to."
9,1d8f1f43cde9,High,"Chainlink,Oracle",Stale Value,"Oracle price does not compound Submitted by cmichel ScalingPriceOracle.sol L136 ScalingPriceOracle.sol L113 The oracle does not correctly compound the monthly APRs - it resets on fulfill.<br Note that the oraclePrice storage variable is only set in updateCPIData as part of the oracle fulfill callback.<br It's set to the old price price from 1 month ago plus the interpolation from startTime to now.<br However, startTime is reset in requestCPIData due to the afterTimeInit modifier, and therefore when Chainlink calls."
10,4ef0b4d678ab,High,Reentrancy,Violating CEI / Missing nonReentrant,"Reentrancy in buy function for ERC777 tokens allows buying funds with considerable discount Submitted by carlitox477 also found by minhquanym gzeon 9svR6w Lambda koxuan KingNFT cozzetti rvierdiiev and cccz < < < < Current implementation of functions add, remove, buy and sell first transfer fractional tokens, and then base tokens. If this base token is ERC777 extension of ERC20 , we can call this function without updating the base token balance, but updating the fractional token balance. Allows to drain funds of a."
11,4ef0b4d678ab,High,Slippage,Missing minOut / maxAmount,"Liquidity providers may lose funds when adding liquidity Submitted by Jeiwan also found by minhtrng minhquanym HE1M wait hansfriese BAHOZ unforgiven 0xxm Junnon bytehat UNCHAIN carlitox477 RaymondFam Chom CRYP70 9svR6w mauricio1802 \ \ 141345\ \ hihen caventa koxuan obront nicobevi shung cccz Bobface and chaduke Liquidity providers may lose a portion of provided liquidity in either of the pair tokens. While the minLpTokenAmount protects from slippage when adding liquidity, it doesn't protect from providing."
12,9befb133ee74,High,"Chainlink,Oracle",Stale Value,"implicit underflows Submitted by gpersoon, also found by cmichel There are a few underflows that are converted via a typecast afterwards to the expected value. If solidity 0.8.x would be used, then the code would revert. int256 a-b where a and b are uint: For example, if a=1 and b=2, then the intermediate result would be uint -1 == 2 256-1 int256 -x where x is a uint. For example, if x=1, then the intermediate result would be uint -1 == 2 256-1 It's better not to have underflows by using the appropriate typecasts.."
13,9befb133ee74,High,ERC4626,Inflation Attack,"sortVaultsByDelta doesn't work as expected Submitted by gpersoon, also found by shw The function sortVaultsByDelta doesn't always work as expected. Suppose all the delta's are positive, and delta1 = delta2 = delta3 0. Then maxIndex = 0. And delta < minDelta ==0 is never true, so minIndex = 0. Then assuming bigFirst==true : This is clearly not what is wanted, all vaultIndexes should be different and should be in the range 0..2 . This is due to the fact that maxDelta and minDelta are initialized with the value 0.."
14,ba93b3b8d7cf,High,DoS,Bad Condition,"The check for value transfer success is made after the return statement in withdrawFromYieldPool of LidoVault Submitted by pedroais, also found by 0x52, 0xliumin, cccz, CertoraInc, fatherOfBlocks, GimelSec, hake, hickuphh3, hyh, IllIllI, isamjay, mtz, oyc 109, p4st13r4, peritoflores, rotcivegaf, sorrynotsorry, StErMi, tabish, WatchPug, z3s, 0x4non, 0xf15ers, berndartmueller, dipp, Dravee, MaratCerby, saian, simon135, sseefried, and TerrierLover Users can lose their funds LidoVault.sol L142 The code checks."
15,e6e43dfea59f,High,ERC4626,Inflation Attack,"StakedCitadel doesn't use correct balance for internal accounting Submitted by Ruhum, also found by cccz, wuwe1, VAD37, TrungOre, shenwilly, minhquanym, kyliek, danb, gs8nrv, and rayn < < < The StakedCitadel contract's balance function is supposed to return the balance of the vault + the balance of the strategy. But, it only returns the balance of the vault. The balance is used to determine the number of shares that should be minted when depositing funds into the vault and the number of shares that should be."
16,e6e43dfea59f,High,ERC4626,Inflation Attack,"StakedCitadel: wrong setupVesting function name Submitted by cccz, also found by TrungOre, wuwe1, reassor, 0xBug, georgypetrov, 0xDjango, scaraven, horsefacts, berndartmueller, CertoraInc, rayn, m9800, pedroais, and VAD37 In the \ withdraw function of the StakedCitadel contract, the setupVesting function of vesting is called, while in the StakedCitadelVester contract, the function name is vest, which will cause the \ withdraw function to fail, so that the user cannot withdraw the tokens. IVesting vesting."
17,e6e43dfea59f,High,ERC4626,Inflation Attack,"StakedCitadel depositors can be attacked by the first depositor with depressing of vault token denomination Submitted by hyh, also found by VAD37, cmichel, 0xDjango, berndartmueller, and danb < < An attacker can become the first depositor for a recently created StakedCitadel contract, providing a tiny amount of Citadel tokens by calling deposit 1 raw values here, 1 is 1 wei, 1e18 is 1 Citadel as it has 18 decimals . Then the attacker can directly transfer, for example, 10^6 1e18 - 1 Citadel to StakedCitadel."
18,dd17040a53bc,High,Accounting Error,Incorrect Formula,"Unused ERC20 tokens are not refunded, and can be stolen by attacker Submitted by WatchPug Under certain circumstances, e.g. annualizedFee being minted to feeBeneficiary between the time user sent the transaction and the transaction being packed into the block and causing amounts of underlying tokens for each basketToken to decrease. It's possible or even most certainly that there will be some leftover basket underlying tokens, as BasketFacet.sol joinPool will only transfer required amounts of basket tokens from."
19,7100a75d6ebd,High,Access Control,Centralization Risk,"Token Change Can Be Frontrun, Blocking Token Submitted by philogy, also found by berndartmueller and Lambda < < < This vulnerability allows malicious actors to block other users from changing tokens of their projects. Furthermore if ownership over the token contract is transferred to the JBTokenStore contract prior to the change, as suggested in the recourse section of Juicebox's 24.05.2022 post-mortem update this vulnerability would allow an attacker to become the owner of tokens being transferred. For JBToken."
20,d9b35c0c87a4,High,Access Control,Centralization Risk,"VaultProxy implementation can be initialized by anyone and self-destructed Submitted by broccolirob also found by dwward3n hals bin2chen and 0x70C9 < <br < When the VaultFactory contract is deployed and initialized, the initialise method on the newly created VaultProxy implementation contract is never called. As such, anyone can call that method and pass in whatever values they want as arguments. One important argument is the staderConfig address, which controls where the fallback function will direct delegatecall."
21,e169bbefc6e2,High,Upgradeable,Missing Initialization,"Update initializer modifier to prevent reentrancy during initialization Submitted by Dravee package.json L18-L19 The solution uses: These dependencies have a known high severity vulnerability: < < < Which makes these contracts vulnerable: Upgrade @openzeppelin/contracts and @openzeppelin/contracts-upgradeable to version 4.4.1 or higher. spaghettieth JPEG'd confirmed, but disagreed with High severity spaghettieth JPEG'd resolved and commented Fixed in jpegd/core 11"
22,e169bbefc6e2,High,ERC4626,Inflation Attack,"yVaultLPFarming: No guarantee JPEG currentBalance previousBalance Submitted by hickuphh3 yVaultLPFarming.sol L169-L170 yVault users participating in the farm have to trust that: vault.balanceOfJPEG returns the correct claimable JPEG amount by its strategy / strategies the strategy / strategies will send all claimable JPEG to the farm Should either of these assumptions break, then it could possibly be the case that currentBalance is less than previousBalance, causing deposits and crucially, withdrawals to fail due."
23,e169bbefc6e2,High,ERC4626,Inflation Attack,"Setting new controller can break YVaultLPFarming Submitted by cmichel yVaultLPFarming.sol L170 yVault.sol L108 The accruals in yVaultLPFarming will fail if currentBalance < previousBalance in computeUpdate. No funds can be withdrawn anymore as the withdraw functions first trigger an update. The currentBalance < previousBalance case can, for example, be triggerd by decreasing the vault.balanceOfJPEG due to calling yVault.setController: Setting a new controller on a vault must be done very carefully and requires a."
24,e169bbefc6e2,High,Accounting Error,Incorrect Formula,"Bad debts should not continue to accrue interest Submitted by WatchPug NFTVault.sol L844-L851 In the current design/implementation, the liquidator must fully repay the user's outstanding debt in order to get the NFT. When the market value of the NFT fell rapidly, the liquidators may not be able to successfully liquidate as they can not sell the NFT for more than the debt amount. In that case, the protocol will have positions that are considered bad debts. However, these loans, which may never be repaid, are still."
25,fa1836e0615e,High,ERC4626,Inflation Attack,Users can get immediate profit when deposit and redeem in PerpetualAtlanticVaultLP Submitted by said also found by 0xkazim glcanvas 1 2 Toshii KrisApostolov HHK Tendency Evo bin2chen bart1e peakbolt 1 2 3 AkshaySrivastav 1 2 0Kage sces60107 qpzm ubermensch mahdikarimi 836541 1 2 Neon2835 nobody2018 carrotsmuggler lanrebayode77 tapir volodya gjaldon 0xCiphky 1 2 HChang26 max10afternoon rvierdiiev 1 2 chaduke QiuhaoLi etherhood and josephdara Due to wrong order between previewDeposit and updateFunding inside.
26,0315ba9d8121,High,Arithmetic,Precision Loss,"Mismatch between yield amount deposited in shares calculation and getAccountYieldBalance Submitted by 0x73696d616f also found by bin2chen 1 2 Mismatch between the return amount in all yield Etherfi and Lido assets and the getAccountYieldBalance call causes the yield amount of each staked nft to the same YieldAccount to be incorrect, leading to the possibility of withdrawing the excess for some nfts while being closer to liquidation on others The issue stems from the fact that in YieldStakingBase::stake , on."
27,0315ba9d8121,High,Arithmetic,Precision Loss,"Revert due to underflow error, leading to lock of the liquidated NFT Submitted by Ch\ 301 also found by bin2chen and oakcobalt < The IsolateLogic.sol executeIsolateAuction is triggered by liquidators to launch a new auction or just participate in an existing one for isolated lending. Each NFT token has a predefined auction duration nftAssetData.auctionDuration, the MAX duration is 7 days. In the period of e.g. 7 days, the borrowAmount will keep increasing due to the interest: If the liquidator is the first bidder."
28,0315ba9d8121,High,Accounting Error,Incorrect Formula,"Bad debt is never handled which places insolvency risks on BendDAO Submitted by 0x73696d616f Bad debt is never handled, which may happen whenever the collateral asset price crashes or the debt value spikes. Whenever this happens ERC20 positions will be partially liquidated and ERC721 positions will not be profitable for liquidation, which means the debt will not be repaid. When this happens, the protocol will not have enough liquidity to fulfill withdrawals, DoSing them forever or until the price comes back up."
29,0315ba9d8121,High,DoS,Invalid Validation,"Users cannot unstake from YiedlETHStakingEtherfi.sol, because YieldAccount.sol is incompatible with ether.fi's WithdrawRequestNFT.sol Submitted by oakcobalt also found by 0x73696d616f and bin2chen In YiedlETHStakingEtherfi::stake, users yieldBorrow WETH, convert it to ETH, and stake in Ether.fi's LiquidityPool. Ether.fi's LiquidityPool will mint eETH protocol token to the user's yieldAccount. Users will unstake by requesting withdrawal of staked ETH from ether.fi's WithdrawRequestNFT::requestWithdraw. The problem."
30,0315ba9d8121,High,Accounting Error,Incorrect Formula,"Anyone can get the NFT collateral token after an Auction without bidding due to missing check on msg.sender Submitted by oakcobalt also found by bin2chen and 0x73696d616f < In IsolateLogic.sol, liquidation of an isolate loan can only be placed after the auction period is passed with bidding. The problem is that there is a missing check on msg.sender in isolate liquidation flow, which allows anyone to take the collateral NFT token. Flows: IsolateLiquidation::isolateLiquidate - IsolateLogic.executeIsolateLiquidate .."
31,0315ba9d8121,High,Access Control,Centralization Risk,"The bot won't be able to unstake or repay risky positions in the yield contract Submitted by SpicyMeatball also found by oakcobalt and bin2chen < When botAdmin attempts to unstake and repay risky positions, wrong account address will be used, causing the transaction to fail. Proof of Concept In the YieldStakingBase.sol contract, unstake and repay transaction can only be initiated by either the NFT owner or botAdmin. Unfortunately, there is a bug in which msg.sender is used to fetch borrower yield account address."
32,e0d2d83ea351,High,Accounting Error,Incorrect Formula,"Any user can drain the entire reward fund in MultiRewardStaking due to incorrect calculation of supplierDelta Submitted by ulqiorra also found by joestakey 0Kage and 0xMirce < < < Reward deltaIndex in accrueRewards is multiplied by 10 decimals but eventually divided by rewards.ONE which is equal to 10 IERC20Metadata address rewardToken .decimals in accrueUser . If the number of decimals in MultiRewardEscrow share token differs from the number of decimals in the reward token, then all rewards are multipled by 10."
33,e0d2d83ea351,High,Slippage,Missing minOut / maxAmount,"Incorrect Reward Duration After Change in Reward Speed in MultiRewardStaking Submitted by waldenyan20 also found by 0xRobocop minhtrng hansfriese KIntern\ NA mert\ eren peanuts cccz and Ruhum When the reward speed is changed in MultiRewardStaking, the new end time is calculated based off of the balance of the reward token owned by the contract. This, however, is not the same as the number of reward tokens that are left to be distributed since some of those tokens may be owed to users who have not collected their."
34,e0d2d83ea351,High,Accounting Error,Incorrect Formula,"Staking rewards can be drained Submitted by 0xdeadbeef0x also found by apvlki ulqiorra immeas fs0c gjaldon Aymen0909 SadBase hansfriese KIntern\ NA Krace aashar 0xNazgul mrpathfindr btk mert\ eren Kumpa waldenyan20 Kenshin y1cunhui KingNFT 0Kage rvi0x 0xRobocop eccentricexit supernova critical-or-high peanuts rvierdiiev cccz mgf15 and orion If ERC777 tokens are used for rewards, the entire balance of rewards in the staking contract can get drained by an attacker. ERC777 allow users to register a hook to notify."
35,e0d2d83ea351,High,ERC4626,Inflation Attack,"Lost Rewards in MultiRewardStaking Upon Third-Party Withdraw Submitted by waldenyan20 also found by ulqiorra hansfriese and KingNFT Affected contract: MultiRewardStaking When assets are withdrawn for user Alice by an approved user Bob to a receiver that is not Alice, the rewards are never accrued and the resulting staking rewards are lost forever . This is because accrueRewards is called on caller and receiver but never owner. Third-party withdrawals are allowed by the fact that withdraw uint256, address, address."
36,e0d2d83ea351,High,ERC4626,Inflation Attack,"Anyone who uses same adapter has the ability to pause it Submitted by rvierdiiev also found by bin2chen < < Anyone who uses same adapter has the ability to pause it. As result you have the ability to pause any vault by creating your vault with the same adapter. When a user creates vault, he has the ability to deploy new adapter or reuse already created adapter VaultController gives ability to pause adapter. < As you can see verifyCreatorOrOwner is used to determine if msg.sender can pause adapter. < So in case if."
37,e0d2d83ea351,High,ERC4626,Inflation Attack,"Attacker can deploy vaults with a malicious Staking contract Submitted by gjaldon also found by Ch\ 301 KIntern\ NA and mookimgo < < Anyone can deploy a Vault with a malicious Staking contract attached. If the Staking contract already exists, we can just pass its address to deployVault and no checks will be applied to see whether the Staking contract matches valid Staking templates in the Template Registry. An attacker can create malicious Staking contract that acts like a regular ERC-4626 vault but with a."
38,e0d2d83ea351,High,ERC4626,Inflation Attack,"Attacker can steal 99% of total balance from any reward token in any Staking contract Submitted by gjaldon < < < < < < Attacker can steal 99% of the balance of a reward token of any Staking contract in the blockchain. An attacker can do this by modifying the reward speed of the target reward token. So an attacker gets access to changeRewardSpeed, he will need to deploy a vault using the target Staking contract as its Staking contract. Since the Staking contract is now attached to the attacker's created vault, he."
39,e0d2d83ea351,High,ERC4626,Inflation Attack,"Protocol loses fees because highWaterMark is updated every time someone deposit, withdraw, mint Submitted by rvierdiiev also found by peakbolt < < < < Protocol loses fees because highWaterMark is updated every time someone deposit, withdraw, mint. Proof of Concept This bug is related to the fees accruing design. It was discussed with the sponsor in order to understand how it should work. Protocol has such thing as performance fee. Actually this is fee from accrued yields. If user deposited X assets and after some."
40,e0d2d83ea351,High,ERC4626,Inflation Attack,"Modifier VaultController. verifyCreatorOrOwner does not work as intented Submitted by ustas also found by okkothejawa Ada bin2chen pwnforce mert\ eren ktg 0xRobocop georgits gjaldon and hashminer0725 < < < < < < Modifier VaultController. verifyCreatorOrOwner does not work. Instead of checking the condition msg.sender is creator OR owner, it makes msg.sender is creator AND owner. This would block access to all created Vaults for creators and the owner if he did not create them . Specifically, the following."
41,099243e83259,High,DoS,Invalid Validation,"Any user being the first to claim rewards from GiantMevAndFeesPool can unexepectedly collect them all Submitted by clems4ever < < < Any user being the first to claim rewards from GiantMevAndFeesPool, can get all the previously generated rewards whatever the amount and even if he did not participate to generate those rewards... < Copy paste it in the test suite and run it. Tools Used forge test Recommended Mitigation Steps Rework the way accumulatedETHPerLPShare and claimed is used. There are multiple bugs due to."
42,099243e83259,High,ERC20,Missing Return Check,Rewards of GiantMevAndFeesPool can be locked for all users Submitted by clems4ever < < Any malicious user could make the rewards in GiantMevAndFeesPool inaccessible to all other users... < Copy the file in the test suite and run the test. Tools Used forge test Recommended Mitigation Steps Protect the inherited functions of the ERC20 tokens GiantLP and LPToken because transfer is not protected and can trigger the before and after hooks. There is the same issue with LPToken and StakingFundsVault. vince0656.
43,099243e83259,High,DoS,Invalid Validation,Theft of ETH of free floating SLOT holders Submitted by clems4ever also found by HE1M < < < A malicious user can steal all claimable ETH belonging to free floating SLOT holders... < Run it in the test suite with forge Tools Used Manual review / forge Recommended Mitigation Steps += operator instead of = in < ? The logic for keeping the rewards up-to-date is also quite complex in my opinion. The main thing that triggered it for me was the lazy call to updateAccruedETHPerShares. Why not keep the state updated after.
44,099243e83259,High,Arithmetic,Precision Loss,"Unstaking does not update the mapping sETHUserClaimForKnot Submitted by HE1M also found by 9svR6w If a user stakes some sETH, and after some time decides to unstake some amount of sETH, later s/he will not be qualified or be less qualified to claim ETH on the remaining staked sETH. Suppose Alice stakes 5 sETH by calling stake ... .<br < So, we will have: sETHUserClaimForKnot BLS Alice = 5 10^18 accumulatedETHPerFreeFloatingShare / PRECISION sETHStakedBalanceForKnot BLS Alice = 5 10^18 sETHTotalStakeForKnot BLS +=."
45,099243e83259,High,Reentrancy,Violating CEI / Missing nonReentrant,"Reentrancy in LiquidStakingManager.sol withdrawETHForKnow leads to loss of fund from smart wallet Submitted by ladboy233 also found by Trust btk 0xbepresent bitbopper and yixxas < < < < The code below violates the check effect pattern, the code banned the public key to mark the public key invalid to not let the msg.sender withdraw again after sending the ETH. Note the section: If the \ recipient is a smart contract, it can re-enter the withdraw function to withdraw another 4 ETH multiple times before the public."
46,099243e83259,High,ERC4626,Inflation Attack,"BringUnusedETHBackIntoGiantPool can cause stuck ether funds in Giant Pool Submitted by koxuan also found by hihen < < withdrawUnusedETHToGiantPool will withdraw any eth from the vault if staking has not commenced knot status is INITIALS REGISTERED , the eth will be drawn successful to the giant pool. However, idleETH variable is not updated. idleETH is the available ETH for withdrawing and depositing eth for staking. Since there is no other places that updates idleETH other than depositing eth for staking and."
47,099243e83259,High,ERC20,Missing Return Check,"GiantLP with a transferHookProcessor cant be burned, users' funds will be stuck in the Giant Pool Submitted by ronnyx2017 also found by Trust rotcivegaf 9svR6w Lambda and HE1M < < < The GiantLP with a transferHookProcessor will call transferHookProcessor.beforeTokenTransfer from, to, amount when it's transferred / minted / burned. But the to address is address 0x00 in the erc20 burn function. The GiantMevAndFeesPool.beforeTokenTransfer will call the function SyndicateRewardsProcessor.."
48,099243e83259,High,Accounting Error,Incorrect Formula,function withdrawETH from GiantMevAndFeesPool can steal most of eth because of idleETH is reduced before burning token Submitted by ronnyx2017 also found by cccz < < < The contract GiantMevAndFeesPool override the function totalRewardsReceived: return address this .balance + totalClaimed - idleETH; The function totalRewardsReceived is used as the current rewards balance to caculate the unprocessed rewards in the function SyndicateRewardsProcessor. updateAccumulatedETHPerLP uint256 received = totalRewardsReceived.
49,099243e83259,High,ERC4626,Inflation Attack,Incorrect accounting in SyndicateRewardsProcessor results in any LP token holder being able to steal other LP tokens holder's ETH from the fees and MEV vault Submitted by c7e7eff also found by Trust 0x4non arcoun Jeiwan unforgiven cccz corerouter rotcivegaf koxuan aphak5010 9svR6w HE1M and clems4ever < < The SyndicateRewardsProcessor's internal distributeETHRewardsToUserForToken function is called from external claimRewards function in the StakingFundsVault contract. This function is called by LP Token holders to.
50,099243e83259,High,Accounting Error,Incorrect Formula,GiantMevAndFeesPool.bringUnusedETHBackIntoGiantPool function loses the addition of the idleETH which allows attackers to steal most of eth from the Giant Pool Submitted by ronnyx2017 also found by Lambda < < The contract GiantMevAndFeesPool override the function totalRewardsReceived: return address this .balance + totalClaimed - idleETH; The function totalRewardsReceived is used as the current rewards balance to caculate the unprocessed rewards in the function SyndicateRewardsProcessor. updateAccumulatedETHPerLP.
51,099243e83259,High,Reentrancy,Violating CEI / Missing nonReentrant,"Protocol insolvent - Permanent freeze of funds Submitted by 0xdeadbeef0x also found by joestakey < < < Permanent freeze of funds - users who deposited ETH for staking will not be able to receive their funds, rewards or rotate to another token. The protocol becomes insolvent, it cannot pay anything to the users. Protocol's LifecycleStatus state machine is broken Other impacts: Users deposit funds to an unstakable validator node runner has already took out his funds Impact is also on the Giant Pools that give."
52,099243e83259,High,ERC4626,Inflation Attack,"Fund lose in function bringUnusedETHBackIntoGiantPool of GiantSavETHVaultPool ETH gets back to giant pool but the value of idleETH don't increase Submitted by unforgiven < < Variable idleETH in giant pools is storing total amount of ETH sat idle ready for either withdrawal or depositing into a liquid staking network and whenever a deposit or withdraw happens contract adjust the value of idleETH of contract, but in function bringUnusedETHBackIntoGiantPool which brings unused ETH from savETH vault to giant pool the."
53,099243e83259,High,Arithmetic,Precision Loss,User loses remaining rewards in GiantMevAndFeesPool when new deposits happen because onDepositETH set claimed to max without transferring user remaining rewards Submitted by unforgiven < < When depositETH is called in giant pool it calls onDepositETH which calls setClaimedToMax to make sure new ETH stakers are not entitled to ETH earned by but this can cause users to lose their remaining rewards when they deposits. code should first transfer user remaining rewards when deposit happens. This is depositETH code in.
54,099243e83259,High,Reentrancy,Violating CEI / Missing nonReentrant,"Reentrancy vulnerability in GiantMevAndFeesPool.withdrawETH Submitted by cccz GiantMevAndFeesPool.withdrawETH calls lpTokenETH.burn, then GiantMevAndFeesPool.beforeTokenTransfer, followed by a call to \ distributeETHRewardsToUserForToken sends ETH to the user, which allows the user to call any function in the fallback. While GiantMevAndFeesPool.withdrawETH has the nonReentrant modifier, GiantMevAndFeesPool.claimRewards does not have the nonReentrant modifier.<br When GiantMevAndFeesPool.claimRewards is called in."
55,099243e83259,High,ERC4626,Inflation Attack,Giant pools can be drained due to weak vault authenticity check Submitted by Jeiwan also found by Trust datapunk immeas JTJabba arcoun bin2chen imare wait unforgiven satoshipotato ronnyx2017 Lambda hihen bitbopper fs0c banky 9svR6w c7e7eff perseverancesuccess 0xdeadbeef0x and clems4ever < < An attacker can withdraw all ETH staked by users in a Giant pool. Both GiantSavETHVaultPool and GiantMevAndFeesPool are affected. The batchDepositETHForStaking function in the Giant pools check whether a provided vault is.
56,099243e83259,High,ERC4626,Inflation Attack,Old stakers can steal deposits of new stakers in StakingFundsVault Submitted by Jeiwan also found by immeas rbserver unforgiven cccz and 9svR6w < < < Stakers to the MEV+fees vault can steal funds from the new stakers who staked after a validator was registered and the derivatives were minted. A single staker who staked 4 ETH can steal all funds deposited by new stakers. StakingFundsVault is designed to pull rewards from a Syndicate contract and distributed them pro-rata among LP token holders StakingFundsVault.sol.
57,099243e83259,High,Reentrancy,Violating CEI / Missing nonReentrant,withdrawETH in GiantPoolBase don't call distributeETHRewardsToUserForToken or onWithdraw which would make users to lose their remaining rewards Submitted by unforgiven also found by 0x4non < < Function distributeETHRewardsToUserForToken is used to distribute remaining reward of user and it's called in onWithdraw of GiantMevAndFeesPool. but function withdrawETH in GiantPoolBase don't call either of them and burn user giant LP token balance so if user withdraw his funds and has some remaining ETH rewards he would.
58,099243e83259,High,Reentrancy,Violating CEI / Missing nonReentrant,"Possibly reentrancy attacks in distributeETHRewardsToUserForToken function Submitted by rotcivegaf also found by datapunk 0x4non and clems4ever < < < < < < The root of the problem is in the distributeETHRewardsToUserForToken which makes a call to distribute the ether rewards. With this call, the recipient can execute an reentrancy attack calling several times the different function to steal founds or take advantage of other users/protocol. This functions use the distributeETHRewardsToUserForToken."
59,099243e83259,High,ERC4626,Inflation Attack,"bringUnusedETHBackIntoGiantPool in GiantMevAndFeesPool can be used to steal LPTokens Submitted by datapunk real LPTokens can be transferred out of GiantMevAndFeesPool through fake stakingFundsVaults provided by an attacker. < bringUnusedETHBackIntoGiantPool takes in stakingFundsVaults, oldLPTokens, newLPTokens and rotate amounts from old to new tokens. The tokens are thoroughly verified by burnLPForETH in ETHPoolLPFactory.<br However, theres is no checking for the validity of stakingFundsVaults, nor the."
60,a4d91fb1550f,Medium,Access Control,Centralization Risk,"Unchecking the ownership of mph in function distributeFundingRewards could cause several critical functions to revert In contract MPHMinter, the function distributeFundingRewards does not check whether the contract itself is the owner of mph. If the contract is not the owner of mph, mph.ownerMint could revert, causing functions such as withdraw, rolloverDeposit, payInterestToFunders in the contract DInterest to revert as well. Recommend adding a mph.owner != address this check as in the other functions e.g.."
61,afa60bc8003d,Medium,Accounting Error,Incorrect Formula,"Incorrect accounting of free weight in decrementWeightUntilFree Submitted by gzeon In decrementWeightUntilFree, the free weight is calculated by balanceOf user - getUserWeight user plus weight freed from non-deprecated gauges. The non-deprecated criteria is unnecessary and lead to incorrect accounting of free weight. ERC20Gauges.sol L547-L583 function decrementWeightUntilFree address user, uint256 weight internal { uint256 userFreeWeight = balanceOf user - getUserWeight user ; // early return if already free if."
62,54405135ebf3,Medium,Slippage,Missing minOut / maxAmount,No slippage protection for Market functions Submitted by rvierdiiev also found by 0xMango d3e4 turvy\ fuzz Udsen pontifex jnforja Madalad peritoflores inzinko deepkin DarkTower peanuts pep7siup 0xarno vangrim aslanbek mojito\ auditor 1 2 mahyar nmirchev8 Yanchuan PENGUN 0x175 KupiaSec jasonxiale Pheonix rice\ cooker osmanozdemir1 neocrao twcctop T1MOH ast3ros Kose bart1e tnquanghuy0512 openwide t0x1c 1 2 3 zhaojie Tricko 0x3b Bauchibred chaduke 1 2 HChang26 RaoulSchaffranek max10afternoon ustas developerjordy.
63,54405135ebf3,Medium,Accounting Error,Incorrect Formula,"Users will lose rewards when buying new tokens if they already own some tokens Submitted by Krace also found by d3e4 immeas 0xAadi mojito\ auditor PENGUN Yanchuan D1r3Wolf ether\ sky tnquanghuy0512 AS leegh lanrebayode77 bin2chen 0xpiken glcanvas SpicyMeatball and rvierdiiev When users purchase new tokens, the old tokens they already own do not receive the fees from this purchase, resulting in a loss of funds for the users. According to the explanation by the sponsor Roman , when users buy new tokens, the recently."
64,8a20eb1e521f,Medium,Slippage,Missing minOut / maxAmount,"Incorrect comparison logic in post-operation checks Submitted by Nexarion also found by chaduke SBSecurity lian886 Drynooo stacey jesjupyter and Rhaydden The doCheckValueType function, which is crucial for post-operation validation, contains reversed comparison logic for the gte greater than or equal to and lte less than or equal to operators. This reversal causes the function to perform the opposite checks than intended, potentially allowing operations to pass validation when they should fail, or fail when they."
65,8a20eb1e521f,Medium,Slippage,Missing minOut / maxAmount,"Staking ETH incorrectly assumes revert bubbling Submitted by 0xBinChook also found by debo pep7siup DemoreX Greed alix40 and Chad0 When EbtcLeverageZapRouter::openCdpWithEth and EbtcLeverageZapRouter::adjustCdpWithEth stake ETH with Lido, the underlying function performing the call assumes that any exceptions from Lido will be bubbled up, but with call being a low level rather than a Solidity function, it is not the case. Lido stETH has two cases where a revert on depositing ETH for staking may be encountered."
66,8f18f7d5c396,Medium,Reentrancy,Violating CEI / Missing nonReentrant,"initialBalance for native token is wrong Submitted by WatchPug, also found by daejunpark, gpersoon, hickuphh3, kenzo, and pmerkleplant . < < When users swap to native token ETH , the initialBalance should use the balance of wrappedNativeToken instead of native token balance, because finalBalance is the balance of wrappedNativeToken. In the current implementation, when the toToken is the native token, initialBalance will be the ether balance of executioner contract. Therefore, when the ether balance of executioner."
67,8f18f7d5c396,Medium,Accounting Error,Incorrect Formula,"Trades where toToken is feeOnTransferToken might send user less tokens than finalAmountMin Submitted by kenzo . Slingshot's executeTrades checks that the trade result amount to be sent to the user is bigger than finalAmountMin, and after that sends the user the amount. But if the token charges fee on transfer, the final transfer to the user will decrease the amount the user is getting, maybe below finalAmountMin. Slingshot requires finalOutputAmount = finalAmountMin before sending the funds to the user: < So if."
68,a1ee58021528,Medium,DoS,Invalid Validation,"When transferring tokens not in whitelist on Ethereum to Terra with CrossAnchorBridge.depositStable , the funds may get frozen Submitted by WatchPug, also found by BondiPestControl, broccoli, and defsec In the current implementation of CrossAnchorBridge, all require that ""Check that token is a whitelisted token"" is commented out. As a result, users may send transcations with the non-whitelisted tokens and as they can not be processd properly on the Terra side, the funds can be frozen on the brige contract or on."
69,a1ee58021528,Medium,Arithmetic,Precision Loss,"Staking tokens can be stolen Submitted by cmichel < The staking contract keeps track of shares of each user.<br When withdrawing from the staking contract the amount parameter is converted to shares and this value is decreased shares = amount / total balance total share .<br This shares calculation rounds down which allows stealing tokens.<br The current code seems to try to protect against this by doing a maximum std::cmp::max v.multiply ratio total share, total balance .u128 , 1u128 but this only works for the."
70,b155c4de6012,Medium,Access Control,Centralization Risk,"No way to revoke Approval in DelegateToken.approve leads to unauthorized calling of DelegateToken.transferFrom Submitted by d4r3d3v1l < < < There is no way to revoke the approval which given via DelegateToken.approve address,delegateTokenId . They can able call the DelegateToken.transferFrom even the tokenHolder revoke the permission using the DelegateToken.setApprovalForAll. If the spender address is approved by the PT token, we can call the DelegateToken.withdraw. Alice is the token Holder. Alice approves Bob."
71,b155c4de6012,Medium,Arithmetic,Precision Loss,"CreateOfferer.sol should not enforce the nonce incremented sequentially, otherwise user can DOS the contract by skipping order Submitted by ladboy233 According to ""Seaport v1.2 introduced support for a new type of order: the contract order. In brief, a smart contract that implements the ContractOffererInterface referred to as an Seaport app contract or 'Seaport app' in the docs and a 'contract offerer' in the code can now provide a dynamically generated order a contract order in response to a buyer or sellers."
72,03196f805abb,Medium,DoS,Invalid Validation,"use of transfer instead of call to send eth Submitted by JMukesh . Use of transfer might render ETH impossible to withdraw because after istanbul hardfork, there is an increase in the gas cost of the SLOAD operation and therefore breaks some existing smart contracts.Those contracts will break because their fallback functions used to consume less than 2300 gas, and theyll now consume more, since 2300 the amount of gas a contracts fallback function receives if its called via Soliditys transfer or send methods. Any."
73,98b7c1691811,Medium,Accounting Error,Incorrect Formula,"safeMint Will Fail Due To An Edge Case In Calculating tokenId Using The generateNewTokenId Function Submitted by leastwood, also found by cmichel, cmichel, egjlmn1, kenzo, MaCree, onewayfunction, sirhashalot, and WatchPug NFTs are used to represent unique positions referenced by the generated tokenId. The tokenId value contains the position's score in the upper 128 bits and the index wrt. the token supply in the lower 128 bits. When positions are unlocked after expiring, the relevant position stored in the."
74,485f7b9ccb0a,Medium,Accounting Error,Incorrect Formula,"Tickets can be entered after prizes for current round have partially been distributed Submitted by EV\ om also found by 0xDING99YA 1 2 oakcobalt and rvierdiiev The ThrusterTreasure contract is designed to facilitate a lottery game where users can enter tickets to win prizes based on entropy. The contract includes mechanisms for entering tickets into rounds enterTickets , setting prizes for rounds setPrize , and claiming prizes claimPrizesForRound . A critical aspect of the game's integrity is ensuring each ticket."
75,485f7b9ccb0a,Medium,Accounting Error,Incorrect Formula,"claimPrizesForRound transfers the entire amount deposited for a prize regardless of the number of winners Submitted by EV\ om also found by 0xDING99YA and oakcobalt claimPrizesForRound transfers the entire amount of a prize to a winner without considering the total number of winners for that prize. The prize for a given round and prize index can be set by calling the setPrize function, which pulls the amounts from the caller the owner and stores the prize data in the prizes array: ThrusterTreasure.sol L163-L184."
76,485f7b9ccb0a,Medium,Access Control,Centralization Risk,"Dynamic modification of maxPrizeCount affects prize claims Submitted by EV\ om also found by 0xDING99YA and rvierdiiev The ThrusterTreasure contract is designed to manage rounds of a lottery game, where participants can enter tickets and claim prizes based on random draws. The contract includes a variable maxPrizeCount which dictates the maximum number of prizes that can be set for any given round. This variable can be modified by the contract owner at any time through the setMaxPrizeCount uint256 maxPrizeCount."
77,485f7b9ccb0a,Medium,Accounting Error,Incorrect Formula,"ThrusterFactory.setYieldCut should claim fees for all pools before Submitted by rvierdiiev Thruster have introduced ability to change yield cut for their uniswap v2 like pools. The yield is charged only, when some LP manages their position This means that in case if yield cut will be changed for a pool, then protocol fee should be minted for previous period using old yield cut, otherwise the yield cut will be incorrect, especially this is important for pools where liquidity is not added/removed often. Yield can be."
78,804fe35b0164,Medium,Accounting Error,Incorrect Formula,"Yul call return value not checked Submitted by rotcivegaf, also found by 0x4non, 0xDecorativePineapple, 9svR6w, adriro, ajtra, aviggiano, brgltd, carlitox477, chaduke, codexploder, corerouter, joestakey, ladboy233, s3cunda, saian, Trust, V\ B, and wait Exchange.sol L212-L227 The Yul call return value on function returnDust is not checked, which could leads to the sender lose funds The caller of the functions bulkExecute and execute could be a contract who may not implement the fallback or receive functions or."
79,804fe35b0164,Medium,Access Control,Centralization Risk,"Hacked owner or malicious owner can immediately steal all assets on the platform Submitted by Trust, also found by 0xhacksmithh, 0xSmartContract, 9svR6w, deliriusz, Josiah, ladboy233, and zaskoh Exchange.sol L639 Exchange.sol L30 In Non-Fungible's security model, users approve their ERC20 / ERC721 / ERC1155 tokens to the ExecutionDelegate contract, which accepts transfer requests from Exchange. The requests are made here: The issue is that there is a significant centralization risk trusting Exchange.sol contract."
80,804fe35b0164,Medium,"Chainlink,Oracle",Stale Value,"All orders which use expirationTime == 0 to support oracle cancellation are not executable Submitted by Trust, also found by cccz Exchange.sol L378 The Blur Exchange supplied docs state:<br Off-chain methods <br ""Oracle cancellations - if the order is signed with an expirationTime of 0, a user can request an oracle to stop producing authorization signatures; without a recent signature, the order will not be able to be matched"" From the docs, we can expect that when expirationTime is 0 , trader wishes to enable."
81,1d8f1f43cde9,Medium,Governance,Centralization Risk,"vcon address change not persistent across protocol components Submitted by rayn Core.sol L27 CoreRef.sol L22 CoreRef.sol L199 vcon address is allowed to be updated by GOVERNOR in Core, however, this change will not be reflected in CoreRef. vcon. Moreover, since CoreRef. vcon cannot be updated due to contract design, it is also impossible to fix this manually. We are not yet sure how vcon will be used throughout the volt protocol, since details have not yet been made clear and code does not include related."
82,1d8f1f43cde9,Medium,DoS,Invalid Validation,"Setting new buffer does not reduce current buffer to cap Submitted by cmichel, also found by rayn and catchup RateLimited.sol L142 The RateLimited.setBufferCap function first updates the buffer and then sets the new cap, but does not apply the new cap to the updated buffer.<br Meaning, the updated buffer value can be larger than the new buffer cap which should never be the case.<br Actions consuming more than the new buffer cap can be performed. Update the buffer after setting the new cap: ElliotFriedman Volt."
83,1d8f1f43cde9,Medium,MEV,Front Run,"Updating rate limit for addresses restores their entire buffer amount Submitted by cmichel MultiRateLimited.sol L280 When the bufferCap is updated for an address in updateAddress, the address's allowed buffer bufferStored is replenished to the entire bufferCap. The address could frontrun the updateAddress call and spend their entire buffer, then the buffer is replenished and they can spend their entire buffer a second time. Keep the old buffer value, capped by the new bufferCap: ElliotFriedman Volt confirmed and."
84,1d8f1f43cde9,Medium,"Chainlink,Oracle",Stale Value,"NonCustodialPSM can become insolvent as CPI index rises Submitted by hyh NonCustodialPSM.sol L236-L248 NonCustodialPSM mints and redeems VOLT to a chosen stablecoin at the current market rate minus a fixed fee. It is assumed that the difference to be covered with pcvDeposit funds. That assumption is similar to one used in FEI protocol, but there no rate growth takes place as FEI to USD rate supposed to be stable, while VOLT to USD rate will rise over time. VOLT market rate is tied to the off-chain published CPI."
85,2c5e13b4e147,Medium,Arithmetic,Precision Loss,"Missing check in the updateValset function Submitted by CertoraInc, also found by 0x1337, cccz, danb, dipp, dirk y, hubble, jah, and WatchPug Gravity.sol L276-L358 The updateValset function don't check that the sum of the powers of the new validators in the new valset is greater than the threshold, which can lead to unwanted behavior. There are 2 main problems that can occur in that situation: 1. The sum of the new validators' powers will be lower than the state powerThreshold 2. The sum of the new validators'."
86,2c5e13b4e147,Medium,Access Control,Centralization Risk,"Admin drains all ERC based user funds using withdrawERC20 Submitted by p crypt0, also found by 0x1337, AmitN, csanuragjain, danb, dirk y, GermanKuber, IllIllI, kirk-baird, and WatchPug Gravity.sol L632-L638 Gravity.sol L595-L609 Ability for admin to drain all ERC20 funds stored in contract at will, meaning all ERC20 based Cudos tokens and any other ERC20 tokens stored in the contract could be extracted by anyone with admin role and later sold, leaving users funds bridged on Cudos Cosmos chain with no ERC20."
87,2c5e13b4e147,Medium,Reentrancy,Violating CEI / Missing nonReentrant,"Protocol doesn't handle fee on transfer tokens Submitted by wuwe1, also found by cccz, defsec, dipp, Dravee, GermanKuber, GimelSec, jah, reassor, and WatchPug Gravity.sol L600 Since the tokenContract can be any token, it is possible that loans will be created with tokens that support fee on transfer. If a fee on transfer asset token is chosen, other user's funds might be drained. 1. Assume transfer fee to be 5% and Gravity.sol has 200 token. 2. Alice sendToCosmos 100 token. Now, Gravity.sol has 295 token. 3. Alice."
88,2c5e13b4e147,Medium,Reentrancy,Violating CEI / Missing nonReentrant,"Non-Cudos Erc20 funds sent through sendToCosmos will be lost. Submitted by p crypt0, also found by CertoraInc No checks for non-Cudos tokens mean that non-Cudos ERC20 tokens will be lost to the contract, with the user not having any chance of retrieving them. However, the admin can retrieve them through withdrawERC20. Impact is that users lose their funds, but admins gain them. The mistakes could be mitigated on the contract, by checking against a list of supported tokens, so that users don't get the bad."
89,40cc38c69cca,Medium,Reentrancy,Violating CEI / Missing nonReentrant,"Basket becomes unusable if everybody burns their shares Submitted by kenzo . While handling the fees, the contract calculates the new ibRatio by dividing by totalSupply. This can be 0 leading to a division by 0. If everybody burns their shares, in the next mint, totalSupply will be 0, handleFees will revert, and so nobody will be able to use the basket anymore. Proof of Concept Vulnerable line: < You can add the following test to Basket.test.js and see that it reverts ..after you remove ""nonReentrant"" from ""mint""."
90,97843b77b287,Medium,DoS,Invalid Validation,"reputation risks with updateSolution Submitted by gpersoon GovDev.sol has a function updateSolution to upgrade parts of the contract via the Diamond construction. Via updateSolution, any functionality can be changed and all the funds can be accessed/rugged. Even if this is well intended the project could still be called out resulting in a reputation risk, see for example Note: there is a function transferGovDev which can be used to disable the updateSolution Recommend applying extra safeguards for example to limit."
91,97843b77b287,Medium,Accounting Error,Incorrect Formula,"Yield distribution after large payout seems unfair Submitted by gpersoon When a large payout occurs, it will lower unallocatedSherX. This could mean some parties might not be able to get their Yield. The first couple of users for which harvest is called or which transfer tokens will be able to get their full Yield, until the moment unallocatedSherX is depleted. The next users don't get any yield at all. This doesn't seem fair. Recommend that If unallocatedSherX is insufficient to provide for all the yields, only."
92,c20104cb90d7,Medium,ERC20,Missing Return Check,"IERC20.transfer does not support all ERC20 token Submitted by VAD37, also found by AuditsAreUS, IllIllI, MaratCerby, rfa, and sorrynotsorry ForgottenRunesWarriorsGuild.sol L173-L176 ForgottenRunesWarriorsMinter.sol L627-L630 Token like USDT known for using non-standard ERC20. Missing return boolean on transfer Contract function forwardERC20 will always revert when try to transfer this kind of tokens. Cannot withdraw some special ERC20 token through contract call. Unexpected contract functionality = Medium severity."
93,c20104cb90d7,Medium,ERC4626,Inflation Attack,"Contract may not have enough fund to cover refund Submitted by gzeon, also found by AuditsAreUS, BowTiedWardens, pedroais, Ruhum, shenwilly, and teddav Owner of the contract can call withdrawAll before the refund process is done to send all ETH to the vault. Since there are no payable receive function in ForgottenRunesWarriorsMinter, the owner won't be able to replenish the contract for the refund process. ForgottenRunesWarriorsMinter.sol L616-L619 Recommended Mitigation Steps Only allow owner to call withdrawAll."
94,c20104cb90d7,Medium,DoS,Bad Condition,"Many unbounded and under-constrained variables in the system can lead to unfair price or DoS Submitted by throttle, also found by 0xDjango, BowTiedWardens, defsec, dipp, fatherOfBlocks, gzeon, hake, reassor, shung, unforgiven, and WatchPug Unbounded and under-constrained variables. 1. dsStartTime | daPriceCurveLength | daDropInterval The team can change the above variables during sale. It will either increase or decrease the price of an NFT. Or it can make currentDaPrice revert. ForgottenRunesWarriorsMinter.sol."
95,c20104cb90d7,Medium,Access Control,Centralization Risk,"The owner can mint all of the NFTs. Submitted by Kulk0, also found by 0x1f8b, 0xDjango, BowTiedWardens, broccolirob, defsec, Dinddle, dirk y, hyh, rajatbeladiya, Ruhum, throttle, and unforgiven ForgottenRunesWarriorsMinter.sol L257 In ForgottenRunesWarriorsMinter.teamSummon the owner can mint unrestricted amount of NFTs. This is more of a design issue than an actual bug in my opinion. If the private keys were compromised during the launch the attacker could mint almost all of the NFTs. Normally I wouldn't say this."
96,4ef0b4d678ab,Medium,Slippage,Missing minOut / maxAmount,"Missing deadline checks allow pending transactions to be maliciously executed Submitted by Bobface also found by cozzetti < <br < <br < <br < <br < <br < <br < <br < The Pair contract does not allow users to submit a deadline for their action. This missing feature enables pending transactions to be maliciously executed at a later point. AMMs should provide their users with an option to limit the execution of their pending actions, such as swaps or adding and removing liquidity. The most common solution is to."
97,4ef0b4d678ab,Medium,Accounting Error,Incorrect Formula,It's possible to swap NFT token ids without fee and also attacker can wrap unwrap all the NFT token balance of the Pair contract and steal their air drops for those token ids Submitted by unforgiven also found by imare and ElKu < <br < Users can wrap their NFT tokens which id is whitelisted and receive 1e18 fractional token or they can pay 1e18 fractional token and unwrap NFT token. there is two issue here: 1. anyone can swap their NFT token id with another NFT token id without paying any fee both ids should be.
98,4ef0b4d678ab,Medium,"Chainlink,Oracle",Stale Value,"Pair price may be manipulated by direct transfers Submitted by Jeiwan also found by BPZ ak1 Janio hansfriese UNCHAIN dic0de and ladboy233 < <br < <br < An attacker may manipulate the price of a pair by transferring tokens directly to the pair. Since the Pair contract exposes the price function, it maybe be used as a price oracle in third-party integrations. Manipulating the price of a pair may allow an attacker to steal funds from such integrations. The Pair contract is a pool of two tokens, a base token and a."
99,9befb133ee74,Medium,Accounting Error,Incorrect Formula,"Early user can break minting Submitted by cmichel The protocol computes a factor when minting and burning tokens, which is the exchange rate of rebase to base tokens base supply / total assets value , see GToken.factor . The first user can manipulate this factor such that it always returns 0. Example: - Attacker deposits 100.0 DAI and mints 100 1e18 PWRD: DepositHandler.depositGToken with dollarAmount = 100.0 = 100 1e18, then ctrl.mintGToken pwrd, msg.sender, 1e18 calls gt.mint account, gt.factor , amount=1e18."
100,ba93b3b8d7cf,Medium,ERC4626,Inflation Attack,"Possible lost msg.value Submitted by rotcivegaf, also found by AuditsAreUS, berndartmueller, cccz, MaratCerby, dipp, and StErMi GeneralVault.sol L75-L89 LidoVault.sol L79-L104 ConvexCurveLPVault.sol L131-L149 Possible lost value in depositCollateral function call In call depositCollateral can will send value and the asset can be an ERC20 != address 0 , if LidoVault and ConvexCurveLPVault contract receive this call the fouds will lost.<br Also in LidoVault, L88 , if send as asset ETH == address 0 and send more."
101,ba93b3b8d7cf,Medium,DoS,Invalid Validation,"UNISWAP FEE is hardcoded which will lead to significant losses compared to optimal routing Submitted by Picodes, also found by hickuphh3 In YieldManager UNISWAP FEE is hardcoded, which reduce significantly the possibilities and will lead to non optimal routes. In particular, all swaps using ETH path will use the wrong pool as it will use the ETH / USDC 1% one due to this line For example for CRV / USDC, the optimal route is currently CRV - ETH and ETH - USDC, and the pool ETH / USDC with 1% fees is tiny compared."
102,ba93b3b8d7cf,Medium,Accounting Error,Incorrect Formula,"processYield and distributeYield may run out of gas and revert due to long list of extra rewards/yields Submitted by IllIllI, also found by leastwood and StErMi Yields will not be able to be distributed to lenders because attempts to do so will revert. The processYield function loops overall of the extra rewards and transfers them ConvexCurveLPVault.sol L105-L110 There is no guarantee that the tokens involved will be efficient in their use of gas, and there are no upper bounds on the number of extra rewards."
103,ba93b3b8d7cf,Medium,Accounting Error,Incorrect Formula,"ConvexCurveLPVault's transferYield can become stuck with zero reward transfer Submitted by hyh Now there are no checks for the amounts to be transferred via \ transferYield and \ processTreasury. As reward token list is external and an arbitrary token can end up there, in the case when such token doesn't allow for zero amount transfers, the reward retrieval can become unavailable. I.e. processYield can be fully blocked for even an extended period, with some low probability, which cannot be controlled otherwise as."
104,ba93b3b8d7cf,Medium,Arithmetic,Precision Loss,"Withdrawing ETH collateral with max uint256 amount value reverts transaction Submitted by berndartmueller, also found by WatchPug Withdrawing ETH collateral via the withdrawCollateral function using type uint256 .max for the amount parameter reverts the transaction due to asset being the zero-address and IERC20Detailed asset .decimals not working for native ETH. GeneralVault.sol L121-L124 Recommended mitigation steps Check asset and use hard coded decimal value 18 for native ETH. sforman2000 Sturdy confirmed."
105,e6e43dfea59f,Medium,DoS,Bad Condition,"Funding.deposit doesn't work if there is no discount set Submitted by Ruhum, also found by TrungOre, MaratCerby, 0xBug, minhquanym, shenwilly, 0xDjango, remora, danb, IllIllI, pedroais, m9800, and hyh < < < < The Funding contract's deposit function uses the getAmountOut function to determine how many citadel tokens the user should receive for their deposit. But, if no discount is set, the function always returns 0. Now the deposit function tries to deposit 0 tokens for the user through the StakedCitadel contract.."
106,e6e43dfea59f,Medium,Input Validation,Invalid Validation,"KnightingRound tokenOutPrice changes Submitted by reassor, also found by cccz and cmichel Function.buy buys the tokens for whatever price is set as tokenOutPrice. This might lead to accidental collisions or front-running attacks when user is trying to buy the tokens and his transaction is being included after the transaction of changing the price of the token via setTokenOutPrice. Scenario: 1. User wants to buy tokens and can see price tokenOutPrice 2. User likes the price and issues a transaction to buy tokens 3.."
107,e6e43dfea59f,Medium,ERC4626,Inflation Attack,"New vest reset unlockBegin of existing vest without removing vested amount Submitted by gzeon, also found by cccz, TrungOre, minhquanym, cmichel, 0xDjango, and rayn < < When vest is called by xCTDL vault, the previous amount will re-lock according to the new vesting timeline. While this is as described in L127, claimableBalance might revert due to underflow if vesting recipient .claimedAmounts 0 because the user will need to vest the claimedAmounts again which should not be an expected behavior as it is already."
108,e6e43dfea59f,Medium,"Chainlink,Oracle",Stale Value,"Stale price used when citadelPriceFlag is cleared Submitted by IllIllI During the video it was explained that the policy operations team was meant to be a nimble group that could change protocol values considered to be safe. Further, it was explained that since pricing comes from an oracle, and there would have to be unusual coordination between the two to affect outcomes, the group was given the ability to clear the pricing flag to get things moving again once the price was determined to be valid If an oracle."
109,7b5e1803022e,Medium,Reentrancy,Violating CEI / Missing nonReentrant,deposit and mint and redeemInternal in wfCashERC4626 will revert for all fcash that asset token is underlying token because they always call mintInternal with useUnderlying==True Submitted by unforgiven < < < For some fcash the asset token is underlying token asset.tokenType == TokenType.NonMintable and NotionalV2 will not handle minting with useUnderlying==True for those fcashs according to what I asked from sponsor . In summery most of the logics in wfCashERC4626 will not work for those fcash tokens. when for.
110,7b5e1803022e,Medium,Reentrancy,Violating CEI / Missing nonReentrant,"Users Might Not Be Able To Purchase Or Redeem SetToken Submitted by xiaoming90, also found by berndartmueller < < Whenever a setToken is issued or redeemed, the moduleIssueHook and moduleRedeemHook will be triggered. These two hooks will in turn call the redeemMaturedPositions function to ensure that no matured fCash positions remain in the Set by redeeming any matured fCash position. < The redeemMaturedPositions will loop through all its fCash positions and attempts to redeem any fCash position that has already."
111,7b5e1803022e,Medium,Accounting Error,Incorrect Formula,"Residual Allowance Might Allow Tokens In SetToken To Be Stolen Submitted by xiaoming90 < < Whenever mintFCashPosition function is called to mint new fCash position, the contract will call the approve function to set the allowance to maxSendAmount so that the fCash Wrapper contact can pull the payment tokens from the SetToken contract during minting. < Note that maxSendAmount is the maximum amount of payment tokens that is allowed to be consumed during minting. This is not the actual amount of payment tokens."
112,7b5e1803022e,Medium,Reentrancy,Violating CEI / Missing nonReentrant,"DOS set token through erc777 hook Submitted by jonah1005 < < The wfCash is an erc777 token. ERC777.sol L376-L380 Users can get the control flow before sending token and after receiving tokens. This creates attack vectors that require extra caution in designing modules. Any combination of modules may lead to a possible exploit. To elaborate on the dangerousness of the re-entrancy attack, a possible scenario is presented. Before the exploit, we first elaborate on three attack vectors: 1. DebtIssuanceModule.sol."
113,7b5e1803022e,Medium,Arithmetic,Precision Loss,"Silent overflow of fCashAmount Submitted by GreyArt, also found by Meera < If a fCashAmount value that is greater than uint88 is passed into the mint function, downcasting it to uint88 will silently overflow. Recommended Mitigation Steps ckoopmann Index Coop confirmed and commented This seems reasonable and we'll probably adopt the suggested mitigation approach."
114,7b5e1803022e,Medium,Accounting Error,Incorrect Formula,"User can alter amount returned by redeem function due to control transfer Submitted by 0xDjango Control is transferred to the receiver when receiving the ERC777. They are able to transfer the ERC777 to another account, at which time the before and after balance calculation will be incorrect. uint256 balanceBefore = IERC20 asset .balanceOf receiver ; if msg.sender != owner { spendAllowance owner, msg.sender, shares ; } redeemInternal shares, receiver, owner ; ///////////// Control is transferred to user. They can."
115,b2a8c124d062,Medium,Arithmetic,Precision Loss,"With most functions in VaultTracker.sol, users can call them only once after maturity has been reached. Submitted by hansfriese, also found by panprog < < With most functions in VaultTracker.sol, users can call them only once after maturity has been reached. So from the second call of any functions after maturity, it will revert and users might lose their funds or interests. Proof of Concept The main problem is that vlt.exchangeRate might be larger than maturityRate after maturity here Then it will revert from the."
116,b2a8c124d062,Medium,Accounting Error,Incorrect Formula,"Swivel.setFee is implemented wrongly. Submitted by hansfriese, also found by jonatascm Swivel.setFee is implemented wrongly. Swivel.feenominators won't be set as expected. This function has a parameter ""i"" for the index of the new fee denomination but it isn't used during the update. Tools Used Solidity Visual Developer of VSCode Recommended Mitigation Steps This line should be modified like below. feenominators i x = d x ; JTraversa Swivel disagreed with severity and commented Given this allows us to change fees."
117,b2a8c124d062,Medium,Access Control,Centralization Risk,"Error in allowance logic Submitted by 0xDjango, also found by 0x1f8b, 8olidity, arcoun, Bahurum, caventa, csanuragjain, hansfriese, joestakey, jonatascm, Lambda, oyc& 95;109, and ronnyx2017 < < There is an error in the allowance functionality to allow a non-owner to withdraw or redeem ZcTokens for the owner. Taking ZcToken.redeem as an example, behold the following if/else block: if holder == msg.sender { return redeemer.authRedeem protocol, underlying, maturity, msg.sender, receiver, principalAmount ; } else {."
118,b2a8c124d062,Medium,ERC4626,Inflation Attack,"VaultTracker miscalculates compounding interest Submitted by GimelSec < < < < < < VaultTracker neglect previously accrued interest while attempting to calculate new interest. This causes nToken holders to receive less yield than they should. All functions within VaultTracker that calculate interest are affected, including addNotional, removeNotional, redeemInterest, transferNotionalFrom and transferNotionalFee. Proof of Concept Consider the case where some user N tries to initiate a vault at 3 specific moments."
119,b2a8c124d062,Medium,DoS,Invalid Validation,"Should use = instead of Submitted by oyc& 95;109 < < The comparison should be 'a = vlt.notional' instead of a vlt.notional. Otherwise dust amounts will always be left in vlt.notional when calling removeNotional or transferNotionalFrom . JTraversa Swivel confirmed, but disagreed with severity and commented While the leakage is potentially ... 1 wei, its leakage nonetheless and a frontend would surely provide the max amount most of the time leading to reverts. Maybe a quick severity review from wardens but happy."
120,b2a8c124d062,Medium,ERC4626,Inflation Attack,"Yearn vault integration is broken Submitted by bardamu < < Yearn integration is broken, making it impossible to create a MarketPlace associated with a Yearn vault. Proof of Concept Compounding.sol attempts to resolve the underlying token implemented by supported protocols: < function underlying uint8 p, address c internal view returns address { if p == uint8 Protocols.Compound { return ICompoundToken c .underlying ; } else if p == uint8 Protocols.Rari { return ICompoundToken c .underlying ; } else if p == uint8."
121,b2a8c124d062,Medium,Slippage,Missing minOut / maxAmount,"ZcToken.withdraw will send user 0 tokens if called after maturity deadline but before market is set mature Submitted by panprog < < If maturityRate is still 0 after maturity deadline because no transactions setting maturityRate have been executed yet , then previewWithdraw calculated amount used by ZcToken.withdraw function is 0 and thus withdraw function will send 0 underlying tokens to user, which might be very confusing to user. Subsequent call to the same function will send him correct amount. The same problem."
122,b2a8c124d062,Medium,Access Control,Centralization Risk,"VaultTracker has the wrong admin Submitted by itsmeSTYJ, also found by GimelSec < < < MarketPlace.createMarket calls Creator.create which creates an instance of ZcToken and a VaultTracker. VaultTracker takes msg.sender as the admin. We know that if contract A calls contract B which calls contract C, msg.sender in contract C is the address of B i.e. the msg.sender in VaultTracker is the address of the creator contract. However, the creator contract is not able and not supposed to interact with the VaultTracker."
123,b2a8c124d062,Medium,Flashloan,Invalid Validation,Loss of funds in an underlying protocol would cause catostrophic loss of funds for swivel Submitted by 0x52 Loss of all user funds. This exploit stems from a quirk in the way that exchange rate is tracked for matured positions. We first need to breakdown how interest is calculate for a matured position. < In L124 the yield for a matured position is calculated as the difference between the previous exchange ratio and the maturity rate. This counts on the fact the exchange rate of the underlying protocol never.
124,b2a8c124d062,Medium,Accounting Error,Incorrect Formula,"Interface definition error Submitted by bin2chen, also found by 0x52, 0xDjango, 0xSky, auditor0517, Picodes, rokinot, ronnyx2017, and scaraven < < < < MarketPlace.authRedeem call interface ISwivel.authRedeem but Swivel contract does not have this method only method ""authRedeemZcToken "". The result will cause MarketPlace.authRedeem to fail forever, thus causing ZcToken.withdraw to fail forever. Proof of Concept MarketPlace.sol call ISwivel.authRedeem function authRedeem uint8 p, address u, uint256 m, address f."
125,dd17040a53bc,Medium,Accounting Error,Incorrect Formula,"Function joinTokenSingle in SingleTokenJoin.sol and SingleTokenJoinV2.sol can be made to fail Submitted by pmerkleplant, also found by certora, hyh, p4st13r4, pauliax, robee, and WatchPug There's a griefing attack vulnerability in the function joinTokenSingle in SingleTokenJoin.sol as well as SingleTokenJoinV2.sol which makes any user transaction fail with ""FAILED OUTPUT AMOUNT"". Proof of Concept The JoinTokenStruct argument for joinTokenSingle includes a field outputAmount to indicate the amount of tokens the."
126,dd17040a53bc,Medium,Input Validation,Invalid Validation,"Unchecked return value from low-level call Submitted by JMukesh, also found by certora The return value of the low-level call is not checked, so if the call fails, the Ether will be locked in the contract. If the low level is used to prevent blocking operations, consider logging failed calls. Proof of Concept < Recommended Mitigation Steps add condition to check return value loki-sama Amun confirmed and disagreed with severity 0xleastwood Judge commented Nice find! I think this could be marked as medium as it."
127,dd17040a53bc,Medium,Accounting Error,Incorrect Formula,"Annualized fee APY dependence on the frequency of executing a function Submitted by Czar102 The APY of the annualized fee is dependent on the frequency of the execution of the BasketFacet::chargeOutstandingAnnualizedFee If it is called more frequently, the compounding is more frequent and the APY is higher. For less used baskets, the APY might be lower, because the compounding will happen at lower rate. Recommended Mitigation Steps Consider calculating the fee as the compounding was continous or with a constant."
128,dd17040a53bc,Medium,Accounting Error,Incorrect Formula,"totalSupply may exceed LibBasketStorage.basketStorage .maxCap Submitted by Czar102, also found by gpersoon, gzeon, kenzo, and WatchPug Total supply of the token may exceed the maxCap introduced. This can happen when a user wants to join the pool. The check in BasketFacet::joinPool ... includes only the base amount, without fee. Thus, if fee is on and someone will want to create as many tokens as possible, the totalSupply + amount will be set to maxCap. The call will succeed, but new tokens were also minted as the."
129,dd17040a53bc,Medium,Slippage,Missing minOut / maxAmount,"block.timestamp or deadline Submitted by gpersoon, also found by kenzo and robee Some functions, like rebalance in RebalanceManagerV3 use \ deadline as a time limit for swapExactTokensForTokens Other functions, like \ joinTokenSingle of SingleTokenJoinV2.sol and \ exit of SingleNativeTokenExitV2 use block.timestamp, although a deadline field is present in the struct. Possibly the deadline fields should have been used. Proof of Concept RebalanceManagerV3.sol L158-L203 RebalanceManagerV3.sol L63-L104."
130,dd17040a53bc,Medium,Input Validation,Invalid Validation,"SingleNativeTokenExitV2 assumes first exchange holds the outputToken Submitted by kenzo, also found by cmichel and hyh SingleNativeTokenExitV2 allows the user to exit and execute trades via multiple exchanges. When finishing the trades and sending a single output token back to the user, the contract takes that token from the last swap in the first exchange's trades. There is nothing in the struct that signifies this will be the output token, and this also impairs the exit functionality. Let's say a basket only."
131,dd17040a53bc,Medium,Accounting Error,Incorrect Formula,"Failed transfer with low level call could be overlooked Submitted by harleythedog The CallFacet.sol contract has the function call : function call address target, bytes memory calldata, uint256 value internal { require address this .balance = value, ""ETH BALANCE TOO LOW"" ; bool success, = target.call{value: value} calldata ; require success, ""CALL FAILED"" ; emit Call msg.sender, target, calldata, value ; } This function is utilized in a lot of different places. According to the Solidity docs < ""The low-level."
132,198fa93fabdd,Medium,Access Control,Centralization Risk,"Buyout cannot be rejected when paused Submitted by Lambda, also found by SmartSek < < < < While buy and sell are only callable when the system is not paused, redeem and withdrawERC721 are also callable when it is not. This means that the BUYOUT DURATION is ignored in such cases and it is possible that users are not able to reject certain buyouts. Proof of Concept A user initiates a buyout via initiateBuyout . Just afterwards, the system is stopped. The token holders now cannot buy new tokens to increase the value.."
133,198fa93fabdd,Medium,ERC4626,Inflation Attack,"Twav.sol getTwav will revert when timestamp 4294967296 Submitted by WatchPug, also found by hansfriese and IllIllI Since blockTimestamp is uint32, subtraction underflow is desired at twavObservationCurrent.timestamp - twavObservationPrev.timestamp. See: < Because the solidity version used by the current implementation is 0.8.10, and there are some breaking changes in Solidity v0.8.0: Arithmetic operations revert on underflow and overflow. Ref: < The timestamp subtraction may revert due to underflow. Since getTwav."
134,198fa93fabdd,Medium,ERC4626,Inflation Attack,"Lack of sanity check on initialTokenSupply and initialTokenPrice can lead to a seller losing his NFT Submitted by itsmeSTYJ There is no sanity check to ensure that primaryReserveRatio initialTokenSupply initialTokenPrice is SCALE 1e18 . As a result, primaryReserveBalance is given a value of 0 since divisions in solidity are rounded down. This also means that primaryReserveBalance and fictitiousPrimaryReserveBalance have a value of 0. When this happens, the buy function doesnt work because chargeFee will revert on."
135,198fa93fabdd,Medium,Accounting Error,Incorrect Formula,"NibblVault: In the buy function, users can avoid paying fees Submitted by cccz, also found by kenzo, Lambda, WatchPug, xiaoming90, and zzzitron In the buy function of the NibblVault contract, when msg.value \ lowerCurveDiff, the fee for SecondaryCurve part is not charged. if lowerCurveDiff = msg.value { purchaseReturn = buySecondaryCurve msg.value, totalSupply ; } else { //Gas Optimization purchaseReturn = initialTokenSupply - totalSupply; secondaryReserveBalance += lowerCurveDiff; // purchaseReturn =."
136,198fa93fabdd,Medium,Arithmetic,Precision Loss,"updateTwav and getTwav will revert when cumulativePrice overflows Submitted by peritoflores, also found by WatchPug < < Contract will break when cumulativeValuation overflows. Proof of Concept Cumulative prices are designed to work with overflows/underflows because in the end the difference is important. In updateTwav when \ prevCumulativeValuation + valuation timeElapsed overflows the contract will not work anymore. twavObservations twavObservationsIndex = TwavObservation blockTimestamp, prevCumulativeValuation +."
137,198fa93fabdd,Medium,Access Control,Centralization Risk,"NibblVault buyout duration longer than update timelock Submitted by reassor < < < User can buy out NFT by initiating the process through initiateBuyout, then he has to wait BUYOUT DURATION which is 5 days and if the buyout will not get rejected he can claim the NFT. During that period bidder cannot cancel the process. The issue is that since NibblVault is used through proxy it is possible to change its implementation through administrative functionality in NibblVaultFactory and the timelock for update'ing."
138,198fa93fabdd,Medium,ERC4626,Inflation Attack,Reentrancy bug in Basket's withdraw multiple tokens function which gives attacker ability to transfer basket ownership and spend it but withdraw all the tokens out of basket Submitted by unforgiven < < < Basket is used for keep multiple tokens in contract and mint one NFT token to represent their ownership. Basket only allows for owner of NFT id=0 to withdraw tokens from Basket address. users can deposit multiple tokens in one Basket and then create a NibbVault based on that Basket NFT. but due to reentrancy.
139,198fa93fabdd,Medium,Upgradeable,Missing Initialization,"Basket NFT have no name and symbol Submitted by Picodes, also found by cccz < < The Basket contract is intended to be used behind a proxy. But the ERC721 implementation used is not upgradeable, and its constructor is called at deployment time on the implementation. So all proxies will have a void name and symbol, breaking all potential integrations and listings. Proof of Concept ERC721 ""NFT Basket"", ""NFTB"" is called at deployment time, and sets private variable at the implementation level. Therefore when loading."
140,b7fc4d82013a,Medium,Arithmetic,Precision Loss,"Missing cap on LicenseFee Submitted by gzeon, also found by 0x0x0x and TomFrenchBlockchain There is no cap on LicenseFee. While change of LicenseFee is under 1 day timelock, introducing a\ maxLicenseFee can improve credibility by removing the ""rug"" vector. There is a minLicenseFee in the contracts, while imo make little sense to have minLicenseFee but not maxLicenseFee. An incorrectly set LicenseFee can potentially lead to over/underflow in Basket.sol L140-141 which is used in most of the function. Basket.sol L177."
141,b7fc4d82013a,Medium,Arithmetic,Precision Loss,"Lost fees due to precision loss in fees calculation Submitted by kenzo, also found by 0v3rf10w In fees calculation, division is being used in the midst of the calculation, not at the end of it. This leads to lost precision in fee amount as solidity doesn't save remainder of division . Division should happen at the end to maintain precision. Lost fees. The exact amount depends on the parameters set and being tested. According to a few tests I ran, it seems that in normal usage, 1% of fees are lost. In some cases."
142,b7fc4d82013a,Medium,Arithmetic,Precision Loss,"Fee calculation is slightly off Submitted by gzeon The fee calculation tries to calculate a fee such that fee/ supply+fee = %fee using a simple interest formula i.e. no compounding , this lead to slightly less fee collected when fee are collected more frequently small timeDiff vs less frequently big timeDiff . Basket.sol L133 frank-beard Kuiper acknowledged, but disagreed with Medium severity and commented While this is technically true, the actual precision loss should be very negligible. 0xleastwood judge."
143,7100a75d6ebd,Medium,Arithmetic,Precision Loss,"Lack of check on mustStartAtOrAfter Submitted by zzzitron, also found by IllIllI < < By setting huge mustStartAtOrAfter, the owner can set start time in the past. It might open up possibility to bypass the ballot waiting time depending on the ballot's implementation. Proof of Concept The proof of concept is almost the same as TestReconfigure::testReconfigureProject In the original test, the owner of the project is reconfiguring funding cycle, but it is not in effect immediately because ballot is set. Only after 3."
144,7100a75d6ebd,Medium,ERC20,Missing Return Check,"Use a safe transfer helper library for ERC20 transfers Submitted by horsefacts, also found by 0x1f8b, 0x29A, 0x52, 0xf15ers, AlleyCat, apostle0x01, berndartmueller, cccz, Ch& 95;301, Chom, cloudjunky, codexploder, cryptphi, delfin454000, durianSausage, fatherOfBlocks, Franfran, hake, hansfriese, hyh, IllIllI, jonatascm, Kaiziron, Limbooo, m& 95;Rassska, Meera, oyc& 95;109, peritoflores, rajatbeladiya, rbserver, Ruhum, Sm4rty, svskaushik, and zzzitron JBERC20PaymentTerminal transferFrom calls IERC20 transfer and."
145,7100a75d6ebd,Medium,Accounting Error,Incorrect Formula,"Juicebox project owner can create a honeypot to cause grief Submitted by dirk& 95;y, also found by IllIllI, and ylv < < In a Juicebox project the project owner or anyone that they approve can set splits. These splits are details of the token distributions to other addresses in response to contributions to the project. At the moment the SPLITS TOTAL PERCENT = 1 000 000 000. This means that the project owner could theoretically add 1 billion different splits, each with a percent value of 1. Of course, this would."
146,7100a75d6ebd,Medium,Arithmetic,Precision Loss,"Discounted fee calculation is imprecise and calculates less fees than anticipated Submitted by berndartmueller, also found by 0x52, hyh, and Ruhum The JBPayoutRedemptionPaymentTerminal. feeAmount function is used to calculate the fee based on a given amount, a fee rate fee and an optional discount feeDiscount. However, the current implementation calculates the fee in a way that leads to inaccuracy and to fewer fees being paid than anticipated by the protocol. JBPayoutRedemptionPaymentTerminal.\ feeAmount Example."
147,7100a75d6ebd,Medium,Accounting Error,Incorrect Formula,"Code credits fee-on-transfer tokens for amount stated, not amount transferred Submitted by IllIllI, also found by cccz, hake, Meera, rbserver, and robee Some ERC20 tokens, such as USDT, allow for charging a fee any time transfer or transferFrom is called. If a contract does not allow for amounts to change after transfers, subsequent transfer operations based on the original amount will revert due to the contract having an insufficient balance. If there is only one user that has use a payment terminal with a."
148,7100a75d6ebd,Medium,Accounting Error,Incorrect Formula,"processFees may fail due to exceed gas limit Submitted by oyc& 95;109, also found by 0x52, IllIllI, and pashov < The function processFees in JBPayoutRedemptionPaymentTerminal.sol may fail due to unbounded loop over heldFeesOf projectId heldFeesOf projectId can get very large due to the function takeFeeFrom where it pushes fees that should be paid to a specific beneficiary onto the array < heldFeesOf projectId could get large and cause a DOS condition where no fees can be distributed due to exceed of gas limit."
149,7100a75d6ebd,Medium,Reentrancy,Violating CEI / Missing nonReentrant,"Reentrancy issues on function distributePayoutsOf Submitted by 0x29A, also found by AlleyCat and hubble < < < < < In the contract JBPayoutRedemptionPaymentTerminal, the function distributePayoutsOf calls the internal function distributePayoutsOf and this internal function perfoms a loop where is using the function distributeToPayoutSplitsOf In these functions there are a transferFrom what: JBETHPaymentTerminal using a Address.sendValue to, amount JBERC20PaymentTerminal using a IERC20 token .transfer to, amount."
150,7100a75d6ebd,Medium,"Chainlink,Oracle",Stale Value,"Unhandled chainlink revert would lock all price oracle access Submitted by bardamu, also found by berndartmueller, codexploder, Alex the Entreprenerd, and horsefacts Call to latestRoundData could potentially revert and make it impossible to query any prices. Feeds cannot be changed after they are configured < so this would result in a permanent denial of service. Chainlink's multisigs can immediately block access to price feeds at will. Therefore, to prevent denial of service scenarios, it is recommended to query."
151,7100a75d6ebd,Medium,Access Control,Centralization Risk,"Grieffer beneficiary can cause DOS Submitted by hake, also found by cccz Payouts won't be able to be distributed if one of multiple beneficiaries decides to revert the transaction on receival. < If token used is native ETH or ERC777 a beneficiary can revert the transaction on the callback and DOS distributeToPayoutSplitsOf for all the other beneficiaries. Recommended Mitigation Steps Have beneficiaries withdraw their benefit instead of sending it to them. mejango Juicebox acknowledged and commented By design.."
152,7100a75d6ebd,Medium,Arithmetic,Precision Loss,"More outstanding reserved tokens are distributed than anticipated leading to less redeemable assets and therefore loss of user funds Submitted by berndartmueller The JBController.distributeReservedTokensOf function is used to distribute all outstanding reserved tokens for a project. Internally, the JBController. distributeReservedTokensOf function calculates the distributable amount of tokens tokenCount with the function JBController. reservedTokenAmountFrom. However, the current implementation of JBController.."
153,7100a75d6ebd,Medium,DoS,Invalid Validation,"Locked splits can be updated Submitted by berndartmueller The check if the newly provided project splits contain the currently locked splits does not check the JBSplit struct properties preferClaimed and preferAddToBalance. According to the docs in JBSplit.sol, ""...if the split should be unchangeable until the specified time, with the exception of extending the locked period."" , locked sets are unchangeable. However, locked sets with either preferClaimed or preferAddToBalance set to true can have their bool values."
154,d9b35c0c87a4,Medium,"Chainlink,Oracle",Stale Value,"Corruption of oracle data Submitted by etherhood < <br < Block for lastReportedSDPriceData = 7200<br Let's make the current block = 21601<br Now StaderOracle will have data for 14400 and 21600, both blocks are being pushed by nodes and in the prices array.<br It will be all mixed up. Also, As soon as the 14400 block is finalised, the data for block 21600 is all lost as well.<br Recommended Mitigation Steps Add if sdPriceData.reportingBlockNumber == getSDPriceReportableBlock to ensure it is always the latest."
155,d9b35c0c87a4,Medium,Access Control,Centralization Risk,"Owner in VaultProxy.sol is address 0 Submitted by josephdara also found by ksk2345 Aymen0909 bin2chen ChrisTina and NoamYakov The owner variable in the VaultProxy.sol is going to be zero because of a bug in staderConfig. The intialize function in staderConfig grants the admin role to an admin passed in the native grantRole , but does not update the mapping that getAdmin reads from. < <br < The intialization of the vaults would not revert and all functions restricted to the owner would be inaccessible, unless."
156,d9b35c0c87a4,Medium,"Chainlink,Oracle",Stale Value,"Chainlink's latestRoundData may return a stale or incorrect result Submitted by Madalad also found by MohammedRizwan turvy\ fuzz Breeje etherhood dwward3n Aymen0909 LaScaloneta erictee tallo DadeKuma bin2chen peanuts Bauchibred Bauchibred Bauchibred Bauchibred whimints whimints piyushshukla rvierdiiev saneryee Hama Madalad and kutugu < <br < Chainlink's latestRoundData is used here to retrieve price feed data; however, there is insufficient protection against price staleness. Return arguments other than int256."
157,af8e4af75dc2,Medium,Arithmetic,Precision Loss,"Users can avoid paying fees if they manage to update their accrued fees periodically Submitted by RaoulSchaffranek also found by carlitox477 DBR.sol L287 While a user borrows DOLA, his debt position in the DBR contract accrues more debt over time. However, Solidity contracts cannot update their storage automatically over time; state updates must always be triggered by externally owned accounts. For this reason, the DBR contract cannot accurately represent a user's debt position in its storage at all times.."
158,af8e4af75dc2,Medium,Accounting Error,Incorrect Formula,User can borrow DOLA indefinitely without settling DBR deficit by keeping their debt close to the allowed maximum Submitted by Holmgren A user can borrow DOLA interest-free. This requires the user to precisely manage their collateral. This issue might become especially troublesome if a Market is opened with some stablecoin as the collateral because price fluctuations would become negligible and carefully managing collateral level would be easy . This issue is harder to exploit but not impossible if gov takes.
159,af8e4af75dc2,Medium,Reentrancy,Violating CEI / Missing nonReentrant,"ERC777 reentrancy when withdrawing can be used to withdraw all collateral Submitted by Lambda Market.sol L464 Markets can be deployed with arbitrary tokens for the collateral, including ERC777 tokens that are downwards-compatible with ERC20 . However, when the system is used with those tokens, an attacker can drain his escrow contract completely while still having a loan. This happens because with ERC777 tokens, there is a tokensToSend hook that is executed before the actual transfer and the balance updates."
160,af8e4af75dc2,Medium,ERC20,Missing Return Check,"repay function can be DOSed Submitted by djxploit also found by immeas Market.sol L531 In repay users can repay their debt. function repay address user, uint amount public { uint debt = debts user ; require debt = amount, ""Insufficient debt"" ; debts user -= amount; totalDebt -= amount; dbr.onRepay user, amount ; dola.transferFrom msg.sender, address this , amount ; emit Repay user, msg.sender, amount ; } There is a require condition, that checks if the amount provided, is greater than the debt of the user. If it."
161,af8e4af75dc2,Medium,Accounting Error,Incorrect Formula,"User can free from liquidation fee if its escrow balance is less than the calculated liquidation fee Submitted by jayphbee also found by catchup corerouter trustindistrust and cccz User can free from liquidation fee if its escrow balance less than the calculated liquidation fee. If the liquidationFeeBps is enabled, the gov should receive the liquidation fee. But if user's escrow balance is less than the calculated liquidation fee, gov got nothing.<br < Recommended Mitigation Steps User should pay all the remaining."
162,af8e4af75dc2,Medium,"Chainlink,Oracle",Stale Value,"Oracle's two-day feature can be gamed Submitted by Ruhum Oracle.sol L124 The two-day feature of the oracle can be gamed where you only have to manipulate the oracle for \~2 blocks. The oracle computes the day using: Since we're working with uint values here, the following is true:<br 1728799 / 86400 = 1<br 172800 / 86400 = 2<br Meaning, if you manipulate the oracle at the last block of day X, e.g. 23:59:50, and at the first block of day X + 1, e.g. 00:00:02, you bypass the two-day feature of the oracle. You only."
163,af8e4af75dc2,Medium,Accounting Error,Incorrect Formula,"Protocol withdrawals of collateral can be unexpectedly locked if governance sets the collateralFactorBps to 0 Submitted by trustindistrust also found by cryptonue d3e4 pashov eierina pedroais RaoulSchaffranek c7e7eff simon135 Jujic catchup 0xbepresent jwood Lambda peanuts and codexploder < < The FiRM Marketplace contract contains multiple governance functions for setting important values for a given debt market. Many of these are numeric values that affect ratios/levels for debt positions, fees, incentives, etc.."
164,af8e4af75dc2,Medium,Liquidation,Unfair Liquidation,"Avoidable misconfiguration could lead to INVEscrow contract not minting xINV tokens Submitted by neumo also found by minhtrng ladboy233 BClabs and rvierdiiev Market.sol L281-L283 If a user creates a market with the INVEscrow implementation as escrowImplementation and false as callOnDepositCallback , the deposits made by users in the escrow through the market would not mint xINV tokens for them. As callOnDepositCallback is an immutable variable set in the constructor, this mistake would make the market a failure."
165,af8e4af75dc2,Medium,"Chainlink,Oracle",Stale Value,"Liquidation should make a borrower healthier Submitted by hansfriese < < For a lending pool, borrower's debt healthness can be decided by the health factor, i.e. the collateral value divided by debt. $C/D$ The less the health factor is, the borrower's collateral is more risky of being liquidated. Liquidation is supposed to make the borrower healthier by paying debts and claiming some collateral , or else continuous liquidations can follow up and this can lead to a so-called liquidation crisis In a normal lending."
166,af8e4af75dc2,Medium,"Chainlink,Oracle",Stale Value,viewPrice doesn't always report dampened price Submitted by Jeiwan Oracle.sol L91 Oracle's viewPrice function doesn't report a dampened price until getPrice is called and today's price is updated. This will impact the public read-only functions that call it: getCollateralValue getCreditLimit calls getCollateralValue ; getLiquidatableDebt calls getCreditLimit ; getWithdrawalLimit These functions are used to get on-chain state and prepare values for write calls e.g. calculate withdrawal amount before withdrawing or.
167,af8e4af75dc2,Medium,"Chainlink,Oracle",Stale Value,Users could get some DOLA even if they are on liquidation position Submitted by Ch\ 301 Market.sol L566 Users able to invoke forceReplenish when they are on liquidation position. On Market.sol == forceReplenish <br On this line uint collateralValue = getCollateralValueInternal user ; getCollateralValueInternal user only return the value of the collateral function getCollateralValueInternal address user internal returns uint { IEscrow escrow = predictEscrow user ; uint collateralBalance = escrow.balance ; return.
168,af8e4af75dc2,Medium,Accounting Error,Incorrect Formula,"Market::forceReplenish can be DoSed Submitted by immeas Market.sol L562 If a user wants to completely forceReplenish a borrower with deficit, the borrower or any other malicious party can front run this with a dust amount to prevent the replenish. This requires that the two txs end up in the same block. If they end up in different blocks the front run transaction will need to account for the increase in deficit between blocks. Tools Used vscode, forge Recommended Mitigation Steps Use min deficit,amount as amount."
169,af8e4af75dc2,Medium,"Chainlink,Oracle",Stale Value,"Two day low oracle used in Market.liquidate makes the system highly at risk in an oracle attack Submitted by gs8nrv also found by immeas yamapyblack idkwhatimdoing kaden Holmgren and rvierdiiev < < < Usage of the 2 day low exchange rate when trying to liquidate is highly risky as it incentives even more malicious agents to control the price feed for a short period of time. By controlling shortly the feed, it puts at risk any debt opened for a 2 day period + the collateral released will be overshoot during the."
170,af8e4af75dc2,Medium,"Chainlink,Oracle",Stale Value,Oracle assumes token and feed decimals will be limited to 18 decimals Submitted by adriro also found by pashov sorrynotsorry neumo Chom CertoraInc Ruhum eierina Lambda RaoulSchaffranek cryptphi codexploder BClabs 8olidity and joestakey < < The Oracle contract normalizes prices in both viewPrices and getPrices functions to adjust for potential decimal differences between feed and token decimals and the expected return value. However these functions assume that feedDecimals and tokenDecimals won't exceed 18 since.
171,af8e4af75dc2,Medium,ERC20,Missing Return Check,"Calling repay function sends less DOLA to Market contract when forceReplenish function is not called while it could be called Submitted by rbserver also found by Picodes Ch\ 301 Jeiwan ElKu 0xRobocop MiloTruck and sam\ cunningham When a user incurs a DBR deficit, a replenisher can call the forceReplenish function to force the user to replenish DBR. However, there is no guarantee that the forceReplenish function will always be called. When the forceReplenish function is not called, such as because that the."
172,af8e4af75dc2,Medium,"Chainlink,Oracle",Stale Value,"Protocol's usability becomes very limited when access to Chainlink oracle data feed is blocked Submitted by rbserver Based on the current implementation, when the protocol wants to use Chainlink oracle data feed for getting a collateral token's price, the fixed price for the token should not be set. When the fixed price is not set for the token, calling the Oracle contract's viewPrice or getPrice function will execute uint price = feeds token .feed.latestAnswer . As < mentions, it is possible that Chainlinks."
173,e169bbefc6e2,Medium,ERC4626,Inflation Attack,"NFTHelper Contract Allows Owner to Burn NFTs Submitted by Kenshin CryptoPunksHelper.sol L38 CryptoPunksHelper.sol L52 In the NFT helper contract, there is no validation on that the receiver address must not be address zero. Therefore, it allows owner or an attacker who gain access to the owner address to burn NFTs forever through the functions by transferring the NFTs to address zero. The PoC is originally conducted using foundry. However, it isn't that complicated so I rewrote it in TypeScipt as well, the team."
174,e169bbefc6e2,Medium,Accounting Error,Incorrect Formula,"reward will be locked in the farm if no LP join the pool at epoch.startBlock Submitted by TrungOre LPFarming.sol L214 LPFarming.sol L107 A part of reward tokens will be locked in the farming pool if no user deposits lpToken at the epoch.startBlock. it ""a part of reward should be locked in farm if no LP join the pool at epoch.startBlock"", async = { // manual mine new block await network.provider.send ""evm setAutomine"", false ; // prepare await lpTokens 0 .transfer alice.address, units 1000 ; await lpTokens 0."
175,e169bbefc6e2,Medium,Accounting Error,Incorrect Formula,"setDebtInterestApr should accrue debt first Submitted by cmichel, also found by pedroais NFTVault.sol L212 The setDebtInterestApr changes the debt interest rate without first accruing the debt.<br This means that the new debt interest rate is applied retroactively to the unaccrued period on next accrue call. It should never be applied retroactively to a previous time window as this is unfair & wrong.<br Borrowers can incur more debt than they should. Call accrue first in setDebtInterestApr before setting the new."
176,e169bbefc6e2,Medium,Accounting Error,Incorrect Formula,"Rewards will be locked if user transfer directly to pool without using deposit function Submitted by TrungOre LPFarming.sol L190 Reward will be locked in the farming, when user execute a direct transfer with lpToken to farm without using deposit. ""pls add this test to LpFarming.ts to check"" it ""a part of rewards can't be distributed if user execute a direct transfer to farm"", async = { // manual mine new block await network.provider.send ""evm setAutomine"", false ; // prepare const attacker = bob; await lpTokens 0."
177,e169bbefc6e2,Medium,Arithmetic,Precision Loss,"Division before Multiplication May Result In No Interest Being Accrued Submitted by AuditsAreUS, also found by minhquanym NFTVault.sol L590-L595 There is a division before multiplication bug in NFTVault. calculateAdditionalInterest which may result in no interesting being accrued and will have significant rounding issues for tokens with small decimal places. This issue occurs since an intermediate calculation of interestPerSec may round to zero and therefore the multiplication by elapsedTime may remain zero.."
178,9cc1dc4ae06a,Medium,Reentrancy,Violating CEI / Missing nonReentrant,"ConvexMasterChef's deposit and withdraw can be reentered drawing all reward funds from the contract if reward token allows for transfer flow control Submitted by hyh Reward token accounting update in deposit and withdraw happens after reward transfer. If reward token allows for the control of transfer call flow or can be upgraded to allow it in the future i.e. have or can introduce the \ beforetokentransfer, \ afterTokenTransfer type of hooks; or, say, can be upgraded to ERC777 , the current implementation makes."
179,9cc1dc4ae06a,Medium,Accounting Error,Incorrect Formula,"AuraBalRewardPool charges a penalty to all users in the pool if the AuraLocker has been shut down Submitted by IllIllI, also found by csanuragjain Users are charged the penalty due to admin actions, and they have no way to avoid it When claiming their rewards, users are charged a penalty if they take the reward directly, rather than by passing it into the auraLocker. Those are the only two options: AuraBalRewardPool.sol L176-L186 If the pool has been shut down, the auraLocker.lock call will always revert, which."
180,fa1836e0615e,Medium,ERC4626,Inflation Attack,"No mechanism to settle out-of-money put options even after Bond receipt token is redeemed. Submitted by 0Kage also found by peakbolt pep7siup ABA 0xnev and zzebra83 < < < In the current implementation of PerpetualAtlanticVault::settle, the only way an optionId can be burnt is when the option is in-the-money. Note that at the time of bonding, a put option that is 25% out of the money is purchased by user. If the RDPX-ETH price is above this price, the option is rolled over to the next epoch and a new premium is."
181,fa1836e0615e,Medium,ERC4626,Inflation Attack,A malicious early depositor can manipulate the LP-Token price per share to take an unfair share of future user deposits Submitted by 0xWagmi also found by Matin vangrim catellatech MohammedRizwan Hama 836541 okolicodes Inspecktor erebus GangsOfBrahmin Bauchibred lsaudit ravikiranweb3 zaevlad tapir niki and IceBear < < A malicious early depositor can profit from future depositors' deposits. While the late depositors will lose part of their funds to the attacker. The first depositor can buy a small number of shares.
182,fa1836e0615e,Medium,Arithmetic,Precision Loss,"User that delegate eth to RdpxV2Core will incur loss if his delegated eth fulfilled by decaying bonds Submitted by said also found by peakbolt and HChang26 < < Current design allow user call bondWithDelegate using decaying bonds, this will make delegatee incur loss because they will get less bond and paid more eth. When users have decaying bonds, they can either utilize it via bond or bondWithDelegate. If user choose to use bondWithDelegate, they need to provide delegateIds delegated eth that can fulfill the."
183,fa1836e0615e,Medium,Slippage,Missing minOut / maxAmount,"No slippage protection for bonders Submitted by dirk\ y also found by ladboy233 Evo Brenzee and T1MOH < < When a user calls bond or bondWithDelegate they specify the amount of DpxEth they want to bond for. As part of this call the cost of the bond in WETH and rDPX is calculated. The discount provided for a bond depends on the bond discount factor and the amount of rDPX in the reserve. The bond discount factor should remain relatively static since it is modified only by the admin, but the amount of rDPX in the."
184,0315ba9d8121,Medium,Accounting Error,Incorrect Formula,"Risk of mass liquidation after pool/asset pause and unpause, due to borrow interest compounding implementation Submitted by oakcobalt Current pausing features allow a pool to be globally paused all assets borrow, repay, liquidation pausing and asset pausing specific asset borrow, repay, liquidation pausing . See validatePoolBasic and validateAssetBasic which are checked in borrow, repay and will revert if the pool or the asset is paused. The problem is the borrow interest compounding implementation InterestLogic."
185,0315ba9d8121,Medium,Access Control,Centralization Risk,"If an isolated borrower/bidder is blacklisted by the debt token, risk of DOS liquidation/auction of the corresponding loan Submitted by oakcobalt also found by bin2chen and Ch\ 301 If a debt asset has a blacklisting feature e.g., USDC , and an isolated borrower/bidder is blacklisted by the asset token, isolated liquidation/auction of the corresponding loan can be DOSsed. When a user is blacklisted by an erc20 token, the asset cannot be transferred in or out of the blacklisted users account. 1. A bidder is."
186,0315ba9d8121,Medium,Accounting Error,Incorrect Formula,"User are forced to borrow again in order to unlock their NFTs from IsolateLending.sol Submitted by Ch\ 301 Isolated Margin Lending the BendDAO protocol will calculate the health factor based on a single collateral one NFT , the liquidation of collateral will be achieved by selling the NFT through an auction mechanism. However, the borrower who gets liquidated his NFT is in the auction state still able to repay his loan and close the auction, by triggering IsolateLiquidation.sol isolateRedeem . Each asset has a."
187,0315ba9d8121,Medium,"Chainlink,Oracle",Stale Value,"No check if Arbitrum/Optimism L2 sequencer is down in Chainlink feeds PriceOracle.sol Submitted by Ch\ 301 also found by oakcobalt and bin2chen Chainlink recommends that all Optimistic L2 oracles consult the Sequencer Uptime Feed to ensure that the sequencer is live before trusting the data returned by the oracle. If the Arbitrum Sequencer goes down, oracle data will not be kept up to date, and thus could become stale. However, users are able to continue to interact with the protocol directly through the L1."
188,0315ba9d8121,Medium,Accounting Error,Incorrect Formula,"Major insolvency risk in LiquidationLogic::executeCrossLiquidateERC721 due to not setting a maximum liquidation price Submitted by 0x73696d616f Whenever the price of a nft suffers a significant drop or the debt asset increases in price, there is a threshold after which liquidations are not profitable at all for the liquidator. Moreover, it does not offer the possibility of partial liquidation to at least partially mitigate this issue. In LiquidationLogic::executeCrossLiquidateERC721 , the actual debt to liquidate."
189,0315ba9d8121,Medium,Accounting Error,Incorrect Formula,"Incorrect accounting of utilization, supply/borrow rates due to vulnerable implementation in IsolateLogic::executeIsolateLiquidate Submitted by oakcobalt When an isolate loan borrow against a single nft token is auctioned and liquidated, the liquidator caller of IsolateLogic::executeIsolateLiquidate may need to repay extra amount of debt vars.totalExtraAmount if the bid amount doesn't fully cover total debt vars.totalBorrowAmount . The problem is the above case is not correctly implemented when interests rates are."
190,0315ba9d8121,Medium,Access Control,Centralization Risk,"It's impossible to retrieve collected fines from the yield staking contract Submitted by SpicyMeatball also found by oakcobalt 0x73696d616f and bin2chen < No means to retrieve collected fines from the staking contract. Proof of Concept If botAdmin forcefully unstakes a position, a staker will have to pay an additional fine when the stake is repayed: Note that the user's total debt consists of the actual NFT debt and the fine. When the stake is paid off, only the nftDebt is sent to the pool, and the unstakeFine."
191,0315ba9d8121,Medium,Liquidation,Unfair Liquidation,"Changing auction duration will have effect on ongoing auctions Submitted by SpicyMeatball < Auctions created before the auction duration was changed will have their duration shortened/extended, which may catch their participants off guard. Proof of Concept When an isolated position reaches it's liquidation threshold, users can put it up for auction to pay off the debt and take the collateral NFT. The auction has a fixed duration during which borrower can redeem the debt and if it doesn't happen, the last bidder."
192,0315ba9d8121,Medium,Accounting Error,Incorrect Formula,Updating fee factor may create issues for the protocol Submitted by SpicyMeatball also found by oakcobalt < When the protocol fee is modified in the Configurator module: - The new fee percentage will be applied to the interest collected before the fee change. - The protocol will use the supply rate that was calculated using the old fee factor. Proof of Concept The feeFactor parameter is used to calculate amount of interest that goes to the treasury: To adjust the asset's supply rate taking into account fee.
193,0315ba9d8121,Medium,Accounting Error,Incorrect Formula,"Protocol should update interest rate after changing rate model in the configurator module Submitted by SpicyMeatball < After updating the interest model, the protocol does not update the interest rate, resulting in interest being calculated at the old model rates for some time. Proof of Concept The pool admin can change rate model in the Configurator.sol module: However, interest rate is not updated, meaning interest will be calculated with the cached old model rates until InterestLogic.updateInterestRates is."
194,0315ba9d8121,Medium,Reentrancy,Violating CEI / Missing nonReentrant,"Incorrect unwrapNativeTokenInWallet receiver address Submitted by SpicyMeatball also found by oakcobalt < If the user specifies native tokens as output assets, the protocol will mistakenly try to unwrap wrapped tokens from the msg.sender instead of the receiver address that was specified in the function call. Proof of Concept This issue occurs in the following modules: - BVault - CrossLending - IsolateLending Users are allowed to specify an output asset when borrowing/withdrawing funds from the protocol. If the."
195,e0d2d83ea351,Medium,ERC4626,Inflation Attack,"Vault creator can prevent users from claiming staking rewards Submitted by 0xdeadbeef0x Vault creator can prevent users from claiming rewards from the staking contract. This can boost his liquidity and lure depositors to stake vault tokens. He can present a high APY and low fee percentage which will incentivize stakers. When the staking contract is empty of stakes, he can change the settings and claim all the rewards to himself. Vault creator receives management fees from two places: 1. Deposits to the vault 2.."
196,e0d2d83ea351,Medium,ERC4626,Inflation Attack,"Adapters logic contracts can be destroyed Submitted by eierina also found by doublesharp < < < < AdapterBase based adapters instances like BeefyAdapter, and YearnAdapter can be rendered inoperable and halt the project. Proof of Concept When using upgradeable smart contracts, all interactions occur with the contract instance, not the underlying logic contract. A malicious actor sending transactions directly to the logic contract does not pose a significant threat because changes made to the state of the logic."
197,e0d2d83ea351,Medium,Reentrancy,Violating CEI / Missing nonReentrant,"Users can fail to withdraw deposited assets from a vault that uses YearnAdapter contract as its adapter because maxLoss input for calling corresponding Yearn vault's withdraw function cannot be specified Submitted by rbserver also found by ladboy233 hansfriese and 0xjuicer < < < For a vault that uses the YearnAdapter contract as its adapter, calling the Vault.withdraw or Vault.redeem function will eventually call the AdapterBase. withdraw and YearnAdapter. protocolWithdraw functions below when the adapter is not."
198,e0d2d83ea351,Medium,ERC4626,Inflation Attack,cool down time period is not properly respected for the harvest method Submitted by imare also found by Walter Malatrax Hawkeye hansfriese Ch\ 301 KIntern\ NA bin2chen rbserver ladboy233 eccentricexit 7siech rvierdiiev peakbolt thecatking and Ruhum < < Harvest method is called on every deposit or withdraw into the Vault which further calls into the provided strategy. This calling into strategy is limited by the cool down period. But in the current implementation is not properly respected. Impact Setting the cool.
199,e0d2d83ea351,Medium,Reentrancy,Violating CEI / Missing nonReentrant,"Vault.redeem function does not use syncFeeCheckpoint modifier Submitted by rbserver also found by hansfriese bin2chen eccentricexit chaduke cccz and ustas < < < < < < The following Vault.redeem function does not use the syncFeeCheckpoint modifier, which is unlike the Vault.withdraw function below. Because of this, after calling the Vault.redeem function, highWaterMark is not sync'ed. In this case, calling functions like Vault.takeManagementAndPerformanceFees after the Vault.redeem function is called and before the."
200,e0d2d83ea351,Medium,ERC4626,Inflation Attack,Management Fee for a vault is charged even when there is no assets under management and subject to manipulation. Submitted by ast3ros also found by rvierdiiev < < < managementFee is calculated by accruedManagementFee function: \- managementFee x totalAssets x block.timestamp - feesUpdatedAt /SECONDS PER YEAR <br < Impact 1 Management Fee for a vault is charged even when there is no assets under management. The feesUpdatedAt variable is first assigned at block.timestamp when the vault is initialized: <br < The.
201,e0d2d83ea351,Medium,ERC4626,Inflation Attack,"The calculation of in contract is incorrect Submitted by KingNFT also found by immeas and bin2chen The calculation of takeFees in Vault contract is incorrect, which will cause fee charged less than expected. < To simplify the problem, let's given the fee parameters are as follows: And the initial asset token and share tokens in the vault are: The yield earnings is also set to 0. As the yearly management fee is 50%, so the expected fee for one year is: Now let's calculate the actual fee. The implementation of."
202,e0d2d83ea351,Medium,ERC4626,Inflation Attack,"Strategy can't earn yields for user as underlyingBalance is not updated when strategy deposits Submitted by rvierdiiev < < Strategy can't earn yields for user as underlyingBalance is not updated when strategy deposits. Proof of Concept When someone deposits/withdraws from adapter, then underlyingBalance variable is updated with deposited/withdrawn to the vault shares amount. Only when user deposits or withdraws, then AdapterBase changes totalSupply mints or burns shares . This is how shares of users are calculated."
203,e0d2d83ea351,Medium,ERC4626,Inflation Attack,"Owner can collect management fees with a new increased fee for previous time period. Submitted by GreedyGoblin also found by chaduke jasonxiale 0xNineDec and peakbolt < < < < The Owner of the contract can change the fee, and after the rage quit period it can cash those fees for the period of time where different fees were active. This allows the Owner to collect as much management fee as it wants for an already passed time period, when it should only apply from the time it has been changed. Proof of Concept This."
204,e0d2d83ea351,Medium,Reentrancy,Violating CEI / Missing nonReentrant,"erc777 cross function re-entrancy Submitted by 0xWeiss When an erc777 is used as asset for the vault, you can re-enter the \ mint function by minting the double you would have minted with a normal erc20 token. The following 2 functions allow minting in the vault. One is for depositing a certain amount of assets, in this case, erc777 and getting shares in exchange, and the second one is to calculate the number of assets you have to send to mint ""x"" shares. The problem relies on the following lines: deposit."
205,e0d2d83ea351,Medium,ERC4626,Inflation Attack,"AdapterBase should always use delegatecall to call the functions in the strategy Submitted by cccz also found by bin2chen The strategy contract will generally let the Adapter contract use delegatecall to call its functions. So IAdapter address this .call is used frequently in strategy contracts, because when the Adapter calls the strategy's functions using delegatecall, address this is the Adapter: But in AdapterBase.\ verifyAndSetupStrategy, the verifyAdapterSelectorCompatibility/verifyAdapterCompatibility/setUp."
206,e0d2d83ea351,Medium,ERC4626,Inflation Attack,"syncFeeCheckpoint does not modify the highWaterMark correctly, sometimes it might even decrease its value, resulting in charging more performance fees than it should Submitted by chaduke also found by KIntern\ NA rbserver cccz and cccz syncFeeCheckpoint does not modify the highWaterMark correctly, sometimes it might even decrease its value, resulting in charging more performance fees than it should. The Vault.syncFeeCheckpoint function does not modify the highWaterMark correctly, sometimes it might even decrease."
207,e0d2d83ea351,Medium,ERC4626,Inflation Attack,"Accrued perfomance fee calculation takes wrong assumptions for share decimals, leading to loss of shares or hyperinflation Submitted by DadeKuma also found by joestakey Kumpa CRYP70 and 0xTraub < < This issue applies to both AdapterBase.sol and Vault.sol. For the sake of simplicity and brevity, this POC will describe just the former. Impact Fee calculation is wrong and it either takes too few or too many shares than what is supposed to be when calculating the accruedPerformanceFee and the shares decimals are not."
208,e0d2d83ea351,Medium,ERC4626,Inflation Attack,"AdpaterBase.harvest should be called before deposit and withdraw Submitted by rvierdiiev also found by bin2chen < < < AdpaterBase.harvest should be called before deposit and withdraw. Proof of Concept Function harvest is called in order to receive yields for the adapter. It calls strategy, which handles that process. Depending on strategy it can call strategyDeposit function in order to deposit earned amount through the adaptor. That actually means that in case if totalAssets was X before harvest call, then after."
209,e0d2d83ea351,Medium,ERC4626,Inflation Attack,Harvest may not be executed when changing a Vault adapter Submitted by 0xBeirao < < Changing the adapter that uses a strategy of an already credited vault can result in a loss of user funds. Proof of Concept Scenario: A Vault owner wants to change the underlying Adapter Owner calls the proposeAdapter and then changeAdapter that will call the redeem adapter function : < Here the goal is to empty the Strategy and Adapter underlying contracts of the Vault to make a safe adapter change. Issue scenario 1 : the harvest.
210,e0d2d83ea351,Medium,ERC4626,Inflation Attack,"Faulty Escrow config will lock up reward tokens in Staking contract Submitted by gjaldon also found by Aymen0909 0x52 hansfriese KIntern\ NA and rvierdiiev < < < < < When a Vault owner creates/adds a reward token to the Staking contract with faulty escrow config parameters, the reward tokens sent to the Staking contract will forever be locked up. This can happen since there are no validity checks on the values of the Escrow config for the reward tokens when adding a reward token to the Staking contract via the."
211,e0d2d83ea351,Medium,Reentrancy,Violating CEI / Missing nonReentrant,"Reentrancy abuse to reduce the minted management fees when changing an adapter Submitted by 0xNineDec also found by thecatking < < < Vaults using hookable tokens present a reentrancy upon changing adapter. Each vault has the takeFees modifier that processes performance and management fees. That modifier is invoked only in two opportunities: takeManagementAndPerformanceFees external non access controlled and when changing an adapter with changeAdapter external, non access controlled and depends on having a."
212,e0d2d83ea351,Medium,Accounting Error,Incorrect Formula,"MultiRewardStaking.changeRewardSpeed breaks the distribution Submitted by Ruhum also found by minhtrng ulqiorra 0xMirce rvierdiiev gjaldon cccz 0xRobocop and chaduke < < The changeRewardSpeed doesn't calculate the new endTimestamp correctly. That causes the reward distribution to be broken. Proof of Concept Given that we have an existing reward with the following configuration: startTimestamp = 0 endTimestamp = 100 rewardPerSecond = 2 initialBalance = 200 The reward speed is changed at timestamp = 50, meaning 100."
213,e0d2d83ea351,Medium,ERC4626,Inflation Attack,"DOS any Staking contract with Arithmetic Overflow Submitted by gjaldon also found by joestakey jasonxiale 0xMirce Kumpa Kenshin rvierdiiev and chaduke < < < < < < < This allows attackers to disable any Staking contract deployed via the system, essentially locking up all funds within the Staking contract. It would lead to a significant loss of funds for all users and the protocol who have staked their Vault tokens. All Staking contracts can be disabled by an attacker. The attack is possible once vault deployments."
214,e0d2d83ea351,Medium,Reentrancy,Violating CEI / Missing nonReentrant,"Users lose their entire investment when making a deposit and resulting shares are zero Submitted by DadeKuma also found by chaduke < < < Users could receive 0 shares and thus lose their entire investment when making a deposit. Proof of Concept Alice calls deposit with 999 assets, with herself as the receiver Shares are calculated through previewDeposit, which uses convertToShares rounding down With specific conditions, the share calculation will round to zero. Let's suppose that totalSupply = 100 000 and."
215,e0d2d83ea351,Medium,ERC4626,Inflation Attack,Anyone can reset fees to 0 value when Vault is deployed Submitted by rvierdiiev also found by immeas hansfriese bin2chen Lirios ayeslick jasonxiale critical-or-high mookimgo Ruhum hashminer0725 and hashminer0725 Anyone can reset fees to 0 value when Vault is deployed. As result protocol will stop collecting fees. Anyone can call changeFees function in order to change fees variable to proposedFees. < There is a check that should not allow anyone to call function before quitPeriod has passed after fees changing was.
216,099243e83259,Medium,ERC4626,Inflation Attack,Freezing of funds - Hacker can prevent users withdraws in giant pools Submitted by 0xdeadbeef0x also found by Trust JTJabba joestakey V\ B minhtrng unforgiven Jeiwan hihen Lambda aphak5010 and HE1M < < < A hacker can prevent users from withdrawing dETH or LPTokens in giant pools. This bug causes a revert in: 1. WithdrawLP - GiantMevAndFeesPool 2. WithdrawLP - GiantSavETHVaultPool 3. WithdrawDETH - GiantSavETHVaultPool A hacker can prevent a user from receiving dETH when users are eligible and guaranteed to receive.
217,099243e83259,Medium,DoS,Invalid Validation,"Rotating LPTokens to banned BLS public key Submitted by HE1M It is possible to rotate LPTokens to a banned BLS public key. This is not a safe action, because it can result in insolvency of the project specially if the banned BLS public key was malicious . When a user deposits ETH for staking by calling depositETHForStaking, the manager checks whether the provided BLS public key is banned or not.<br require liquidStakingNetworkManager.isBLSPublicKeyBanned blsPublicKeyOfKnot == false, ""BLS public key is banned or."
218,099243e83259,Medium,Reentrancy,Violating CEI / Missing nonReentrant,"Giant pools cannot receive ETH from vaults Submitted by 0xdeadbeef0x also found by datapunk bin2chen hihen and koxuan < < Both giant pools are affected: 1. GiantSavETHVaultPool 2. bringUnusedETHBackIntoGiantPool The giant pools have a bringUnusedETHBackIntoGiantPool function that calls the vaults to send back any unused ETH. Currently, any call to this function will revert.<br Unused ETH will not be sent to the giant pools and will stay in the vaults. This causes an insolvency issue when many users want to."
219,099243e83259,Medium,DoS,Bad Condition,GiantPool should not check ETH amount on withdrawal Submitted by aphak5010 also found by Trust Jeiwan yixxas and HE1M The GiantPoolBase.withdrawETH function requires that the amount to withdraw is at least as big as the MIN STAKING AMOUNT < This check does not serve any purpose and can actually cause the user problems when withdrawing his ETH. 1. Bob deposits ETH into the GiantPool with the GiantPoolBase.depositETH function.\ The amount is equal to MIN STAKING AMOUNT + 0.99 MIN STAKING AMOUNT. 2. Bob witdraws MIN.
220,099243e83259,Medium,Input Validation,Invalid Validation,"Adding non EOA representative Submitted by HE1M also found by joestakey SmartSek Jeiwan and yixxas < < It is not allowed to add non-EOA representative to the smart wallet.<br But, this limitation can be bypassed by rotating representatives. During registering a node runner to LSD by creating a new smart wallet, it is checked that the eoaRepresentative is an EOA or not. require !Address.isContract eoaRepresentative , ""Only EOA representative permitted"" ; < But this check is missing during rotating EOA."
221,099243e83259,Medium,Accounting Error,Incorrect Formula,Withdrawing wrong LPToken from GiantPool leads to loss of funds Submitted by aphak5010 also found by datapunk arcoun wait unforgiven and yixxas The GiantPoolBase.withdrawLPTokens function < allows to withdraw LP tokens from a GiantPool by burning an equal amount of GiantLP. This allows a user to handle the LP tokens directly without the need for a GiantPool as intermediary. It is not checked however whether the LP tokens to be withdrawn were transferred to the GiantPool in exchange for staking ETH. I.e. whether.
222,099243e83259,Medium,Access Control,Centralization Risk,"OwnableSmartWallet: Multiple approvals can lead to unwanted ownership transfers Submitted by aphak5010 < < The OwnableSmartWallet contract employs a mechanism for the owner to approve addresses that can then claim ownership < of the contract. The source code has a comment included which states that ""Approval is revoked, in order to avoid unintended transfer allowance if this wallet ever returns to the previous owner"" < This means that when ownership is transferred from User A to User B, the approvals that User A."
223,099243e83259,Medium,Reentrancy,Violating CEI / Missing nonReentrant,"DAO admin in LiquidStakingManager.sol can rug the registered node operator by stealing their fund in the smart wallet via arbitrary execution. Submitted by ladboy233 also found by joestakey Trust and chaduke < < < < < DAO admin in LiquidStakingManager.sol can rug the registered node operator by stealing their fund via arbitrary execution. After the Liquid Staking Manager.so is deployed via LSDNFactory::deployNewLiquidStakingDerivativeNetwork, The DAO address governance address contract has very high privilege. The."
224,099243e83259,Medium,Accounting Error,Incorrect Formula,"DAO or lsdn owner can steal funds from node runner Submitted by koxuan < DAO or LSD network owner can swap node runner of the smart contract to their own eoa, allowing them to withdrawETH or claim rewards from node runner. There are no checks done when swapping the node runner whether there are funds in the smart contract that belongs to the node runner. Therefore, a malicious dao or lsd network owner can simply swap them out just right after the node runner has deposited 4 ether in the smart wallet. Place poc in."
225,099243e83259,Medium,Slippage,Missing minOut / maxAmount,"Incorrect implementation of the ETHPoolLPFactory.sol rotateLPTokens let user stakes ETH more than maxStakingAmountPerValidator in StakingFundsVault, and DOS the stake function in LiquidStakingManager Submitted by ladboy233 also found by immeas 0xdeadbeef0x bin2chen minhtrng and SaeedAlipoor01988 < < < < < < < The user is not able to stake the 32 ETH for validators because the staking fund vault LP total supply exceeds 4 ETHER. After the smart wallet, staking fund vault and savETH vault has 32 ETH, the user should."
226,099243e83259,Medium,Access Control,Centralization Risk,"Attacker can grift syndicate staking by staking a small amount Submitted by Lambda < < LiquidStakingManager. autoStakeWithSyndicate always stakes a fixed amount of 12 ETH. However, Syndicate.stake only allows a total staking amount of 12 ETH and reverts otherwise: An attacker can abuse this and front-run calls to mintDerivatives which call autoStakeWithSyndicate internally . Because Syndicate.stake can be called by everyone, he can stake the minimum amount 1 gwei such that the mintDerivatives call fails. As soon."
227,099243e83259,Medium,Accounting Error,Incorrect Formula,GiantPool batchRotateLPTokens function: Minimum balance for rotating LP Tokens should by dynamically calculated Submitted by aphak5010 < < < The GiantSavETHVaultPool and GiantMevAndFeesPool both have a batchRotateLPTokens function that allows to move staked ETH to another key. Both functions require that the GiantLP balance of the sender is =0.5 ether. < < The reason for this is that there is a common interest needed in order to rotate LP Tokens. The way this is implemented right now does not serve this purpose.
228,099243e83259,Medium,EIP712,Nonce,"Cross-chain replay attacks are possible with deployLPToken Submitted by 0xSmartContract Mistakes made on one chain can be re-applied to a new chain. There is no chain.id in the data. If a user does deployLPToken using the wrong network, an attacker can replay the action on the correct chain, and steal the funds a-la the wintermute gnosis safe attack, where the attacker can create the same address that the user tried to, and steal the funds from there < Recommended Mitigation Steps Include the chain.id vince0656."
229,099243e83259,Medium,DoS,Invalid Validation,"GiantMevAndFeesPool.previewAccumulatedETH function: ""accumulated"" variable is not updated correctly in for loop leading to result that is too low Submitted by aphak5010 also found by datapunk Trust Aymen0909 and zaskoh < < The GiantMevAndFeesPool.previewAccumulatedETH function < allows to view the ETH that is accumulated by an address. However the formula is not correct. In each iteration of the foor loop, accumulated is assigned a new value < when actually the value should be updated like this: Obviously the."
230,099243e83259,Medium,Accounting Error,Incorrect Formula,"Node runners can lose all their stake rewards due to how the DAO commissions can be set to a 100% Submitted by yixxas also found by joestakey sahar pashov and cccz Node runners can have all their stake rewards taken by the DAO as commissions can be set to a 100%. There is no limits on updateDAORevenueCommission except not exceeding MODULO, which means it can be set to a 100%. LiquidStakingManager.sol L948-L955 This percentage is used to calculate uint256 daoAmount = received daoCommissionPercentage / MODULO in."
231,099243e83259,Medium,DoS,Invalid Validation,"When users transfer GiantLP, some rewards may be lost Submitted by cccz GiantMevAndFeesPool.beforeTokenTransfer will try to distribute the user's current rewards to the user when transferring GaintLP, but since beforeTokenTransfer will not call StakingFundsVault.claimRewards to claim the latest rewards, thus making the calculated accumulatedETHPerLPShare smaller and causing the user to lose some rewards. < Recommended Mitigation Steps Consider claiming the latest rewards from StakingFundsVault before the."
232,099243e83259,Medium,Access Control,Centralization Risk,"smartWallet address is not guaranteed correct. ETH may be lost Submitted by gz627 also found by datapunk < < Liquid staking manager call function withdrawETHForStaking address smartWallet, uint256 amount to withdraw ETH for staking. It's manager's responsibility to set the correct smartWallet address. However, there is no way to guarantee this. If a typo or any other reasons leads to a non-zero non-existent smartWallet address, this function won't be able to detect the problem, and the ETH transfer statement will."
233,099243e83259,Medium,ERC4626,Inflation Attack,"EIP1559 rewards received by syndicate during the period when it has no registered knots can be lost Submitted by rbserver < < < < < When the deRegisterKnotFromSyndicate function is called by the DAO, the deRegisterKnot function is eventually called to execute numberOfRegisteredKnots -= 1. It is possible that numberOfRegisteredKnots is reduced to 0. During the period when the syndicate has no registered knots, the EIP1559 rewards that are received by the syndicate remain in the syndicate since functions like."
234,099243e83259,Medium,Accounting Error,Incorrect Formula,"ETH sent when calling executeAsSmartWallet function can be lost Submitted by rbserver also found by 0xbepresent < < Calling the executeAsSmartWallet function by the DAO further calls the OwnableSmartWallet.execute function. Since the executeAsSmartWallet function is payable, an ETH amount can be sent when calling it. However, since the sent ETH amount is not forwarded to the smart wallet contract, such sent amount can become locked in the LiquidStakingManager contract. For example, when the DAO attempts to call."
235,099243e83259,Medium,Reentrancy,Violating CEI / Missing nonReentrant,"Calling updateNodeRunnerWhitelistStatus function always reverts Submitted by rbserver also found by 0xPanda ReyAdmirado Trust Josiah Franfran pashov Aymen0909 btk zgo Jeiwan SmartSek Awesome shark RaymondFam trustindistrust HE1M and aphak5010 < < < Calling the updateNodeRunnerWhitelistStatus function by the DAO supposes to allow the trusted node runners to use and interact with the protocol when enableWhitelisting is set to true. However, since calling the updateNodeRunnerWhitelistStatus function executes require."
236,099243e83259,Medium,Reentrancy,Violating CEI / Missing nonReentrant,"Node runner who is already known to be malicious cannot be banned before corresponding smart wallet is created Submitted by rbserver < < < Currently, the rotateNodeRunnerOfSmartWallet function provides the only way to set bannedNodeRunners to true for a malicious node runner. However, before the node runner calls the registerBLSPublicKeys function to create a smart wallet, calling the rotateNodeRunnerOfSmartWallet function reverts. This means that for a node runner, who is already known to be malicious such as."
237,099243e83259,Medium,Access Control,Centralization Risk,"Compromised or malicious DAO can restrict actions of node runners who are not malicious Submitted by rbserver also found by chaduke < < < < < When calling the deployNewLiquidStakingDerivativeNetwork function, dao is not required to be an address that corresponds to a governance contract. This is also confirmed by the code walkthrough at < which mentions that dao can correspond to an address of a single user. Especially when the DAO is set to be an EOA address, it is possible that its private key becomes."
238,099243e83259,Medium,Access Control,Centralization Risk,"rotateNodeRunnerOfSmartWallet is vulnerable to a frontrun attack Submitted by Franfran < < As the rotateNodeRunnerOfSmartWallet function can be called by anyone who is a node runner in the LSD network, this function is vulnerable to a frontrun attack in the case of this node runner being malicious. If that is the current node runner is malicious, the DAO would purposely call this same rotateNodeRunnerOfSmartWallet with the wasPreviousNodeRunnerMalicious flag turned on.<br An actual node runner that has been."
239,099243e83259,Medium,"Chainlink,Oracle",Stale Value,"Funds are not claimed from syndicate for valid BLS keys of first key is invalid no longer part of syndicate . Submitted by Trust < claimRewards in StakingFundsVault.sol has this code: if i == 0 && !Syndicate payable liquidStakingNetworkManager.syndicate .isNoLongerPartOfSyndicate blsPubKeys i { // Withdraw any ETH accrued on free floating SLOT from syndicate to this contract // If a partial list of BLS keys that have free floating staked are supplied, then partial funds accrued will be fetched."
240,099243e83259,Medium,Reentrancy,Violating CEI / Missing nonReentrant,"User receives less rewards than they are eligible for if first passed BLS key is inactive Submitted by Trust < StakingFundsVault has the claimRewards function to allow users to withdraw profits. function claimRewards address recipient, bytes calldata blsPubKeys external nonReentrant { for uint256 i; i < blsPubKeys.length; ++i { require liquidStakingNetworkManager.isBLSPublicKeyBanned blsPubKeys i == false, ""Unknown BLS public key"" ; // Ensure that the BLS key has its derivatives minted require getAccountManager."
241,099243e83259,Medium,ERC4626,Inflation Attack,"Giant pools are prone to user griefing, preventing their holdings from being staked Submitted by Trust < batchRotateLPTokens in GiantMevAndFeesPool allows any user to rotate LP tokens of stakingFundsVaults around. function batchRotateLPTokens address calldata stakingFundsVaults, LPToken calldata oldLPTokens, LPToken calldata newLPTokens, uint256 calldata amounts external { uint256 numOfRotations = stakingFundsVaults.length; require numOfRotations 0, ""Empty arrays"" ; require numOfRotations == oldLPTokens.length."
242,099243e83259,Medium,Slippage,Missing minOut / maxAmount,"Vaults can be griefed to not be able to be used for deposits Submitted by Trust also found by datapunk and Lambda < Interaction with SavETHVault and StakingFundsVault require a minimum amount of MIN STAKING AMOUNT. In order to be used for staking, there needs to be 24 ETH or 4 ETH for the desired BLS public key in those vaults. The issue is that vaults can be griefed and made impossible to use for depositing by constantly making sure the remaining amount to be added to complete the deposit to the."
243,e169bbefc6e2,Medium,"Chainlink,Oracle",Stale Value,"Oracle data feed is insufficiently validated. Submitted by Jujic, also found by hickuphh3 Price can be stale and can lead to wrong answer return value. Oracle data feed is insufficiently validated. There is no check for stale price and round completeness. Price can be stale and can lead to wrong answer return value. FungibleAssetVaultForDAO.sol L105 Recommended Mitigation Steps Validate data feed 0xJPEG JPEG'd confirmed, but disagreed with High severity and commented Can add validation for round not being complete."
244,9cc1dc4ae06a,Medium,Input Validation,"Invalid Validation, No Recovery Mechanism","User will lose funds Submitted by csanuragjain, also found by hyh and kirk-baird AuraClaimZap.sol L224-L226 It was observed that User will lose funds due to missing else condition. 1. User call claimRewards at ClaimZap.sol L103 with Options.LockCvx as false 2. claimRewards internally calls \ claimExtras 3. Everything goes good until AuraClaimZap.sol L218 <!---- if depositCvxMaxAmount 0 { uint256 cvxBalance = IERC20 cvx .balanceOf msg.sender .sub removeCvxBalance ; cvxBalance = AuraMath.min cvxBalance."
245,0315ba9d8121,Medium,"Chainlink,Oracle",Stale Value,"PriceOracle has invalid checks on price staleness Submitted by oakcobalt also found by Ch\ 301 bin2chen and SpicyMeatball There are two checks on price staleness in PriceOracle::getAssetPriceFromChainlink, but both checks are invalid. 1. updatedAt != 0 - In chainlink aggregator, the price is updated at a set heartbeat and a threshold of deviation. updatedAt should be used to check if the answer is within the heartbeat or acceptable time limits. See doc 2. answeredInRound = roundId - answeredInRound is deprecated."
246,592eed5791df,High,Arithmetic,Precision Loss,Attacker will prevent distribution of USDC to stakers through frequent reward updates Hot Boysenberry Pelican Medium Summary USDC's lower precision of 6 decimals and frequent reward updates will cause stakers to receive 0 of the allotted 10K USDC weekly rewards distributions should be done at the pace of 10k per week until fully distributed Root Cause Using the same reward-per-token calculation for USDC used for KWENTA is a mistake as USDC only has 6 decimals of precision compared to KWENTA's 18 decimals. Internal.
247,73f6a793d916,High,call / delegatecall,No Recovery Mechanism,"Vaults can be bricked by selfdestruct ing implementations, using forged immutable args Cheery Carob Gecko high Summary The clone-with-immutable-args pattern is unsafe to use when one of the immutable arguments controls an address being delegated to. Vulnerability Detail As was seen in the Astaria beacon proxy issue an attacker is able to forge the calldata that the proxy normally would forward, and can cause the implementation to selfdestruct itself via a delegatecall . The current code has a very similar."
248,9ddd6b83c27e,High,Slippage,Invalid Slippage Control / Missing slippage check,"Incorrect Uniswap Paths keccak123 high Summary In DnGmxJuniorVaultManager, the functions USDC TO WBTC and WBTC TO USDC are identical. The return value in USDC TO WBTC is wrong. The same problem is found with WETH TO USDC and USDC TO WETH. Vulnerability Detail In DnGmxJuniorVaultManager, line 1456 indicates that the SwapRouter used is the Uniswap V3 SwapRouter. The Uniswap V3 docs explain that a multihop swap is built by ordering the tokens in the order that the swap should happen. When examining the USDC TO WBTC."
249,9ddd6b83c27e,High,Access Control,Asset Theft,"If a user approves junior vault tokens to WithdrawPeriphery, anyone can withdraw/redeem his/her token GimelSec high Summary If users want to withdraw/redeem tokens by WithdrawPeriphery, they should approve token approval to WithdrawPeriphery, then call withdrawToken or redeemToken . But if users approve dnGmxJuniorVault to WithdrawPeriphery, anyone can withdraw/redeem his/her token. Vulnerability Detail Users should approve dnGmxJuniorVault before calling withdrawToken or redeemToken : For better user experience."
250,e7921851ec01,High,Accounting Error,Incorrect Formula,"Users don't need to pay for swapFee when selling or buying tokens Ancient Felt Gazelle high Summary The D3Trading contract only charges the mtFee and ignores the swapFee in function querySellTokens and queryBuyTokens. This results in users obtaining more to tokens with the same amount of from tokens or expending fewer from tokens to acquire the same amount of to tokens. Vulnerability Detail queriySellTokens should return the amount of to tokens that user should receive, which should exclude mtFee and swapFee, but."
251,103f39b0f29b,High,Input Validation,Invalid Validation,"Attacker can submit malicious order and user may lose funds interacting with it Rare Pistachio Guppy high Summary GladiusOrderQuoter does not verify if the reactor in an order is valid, attacker can submit order with malicious reactor, user who interacts with this order may suffer a loss. Vulnerability Detail GladiusOrderQuoter is used on the off-chain side, and validates orders during their creation, before pushing them into database. Market maker can send POST request to the API to submit an order."
252,51c6dc5fd57f,High,"EIP712, Governance, Replay Attack",Nonce,MinterGateway.updateCollateral signatures may be replayed to mint uncollateralized MToken in case of two collateral updates around the same time Rough Violet Copperhead medium Summary It is possible for a minter who obtains two sets of signatures to do two collateral updates around the same time to replay the first set of signatures to set the collateral value higher than the actual offchain holdings and mint uncollateralized MToken for profit. Vulnerability Detail There are a few details that make this attack.
253,51c6dc5fd57f,High,EIP712,"Invalid Validation,Nonce","Using minimum timestamp across all signatures could drain the gateway Young Umber Okapi high Summary Using the minimum timestamp across all signatures could drain the gateway. Vulnerability Detail Assume the validator threshold is three 3 . The ecosystem has four validators, $V 1, V 2, V 3, V 4$. Assume that Bob obtains the following three signatures, which all attest that Bob's collateral value is 100, and submit them to the updateCollateral function. $T6$ and $T7$ means that the timestamp is 1 second apart 1.."
254,51c6dc5fd57f,High,Accounting Error,Incorrect Formula,"Minting can incur bad debt Young Umber Okapi high Summary Minting can incur bad debt as the collateral check does not consider the existing penalties incurred by the minters. As a result, the protocol could incur excessive bad debt, the M tokens will not be backed by sufficient collateral assets, there will be an increased risk of insolvency, and the M token might depeg. Vulnerability Detail When the minters call the proposeMint and mintM functions to mint M tokens, the revertIfUndercollateralized function will be."
255,51c6dc5fd57f,High,Accounting Error,State Update Inconsistency,"Multiple withdrawals Young Umber Okapi high Summary A minter can withdraw multiple times, leading to a loss of assets for the gateway/protocol. Vulnerability Detail Assume the validator threshold is two 2 . The ecosystem has four validators, $V 1, V 2, V 3, V 4$. Bob obtains the following four signatures, which all attest that Bob's collateral value is 100 from all four validators, even though only two signatures are needed to meet the threshold requirement. 1. $Sig 1$ signed by $V 1$ with timestamp $T1$ 2. $Sig."
256,51c6dc5fd57f,High,Accounting Error,Incorrect Formula,"Bootstrapping is likely to destroy a large portion of users' Power Tokens Rough Violet Copperhead high Summary The INITIAL SUPPLY constant used to calculate bootstrap balances is too small, and many Power Token holders' balances will round down to zero. Vulnerability Detail getBootstrapBalance calculates the balance to bootstrap to Power Token holders when the Power Token is migrated/redeployed. The balance is calculated as INITIAL SUPPLY User's Balance Total Supply. The problem is that the INITIAL SUPPLY constant."
257,73f6a793d916,Medium,Governance,Missing Functionality,"Missing function to cast vote with params Shambolic Pickle Gazelle medium Summary The OZVotingAdaptor contract provides functionality to cast votes and to provide a reason when casting a vote, but fails to include the case when the vote should carry parameters. Vulnerability Detail The OpenZeppelin Governor interface provides the following functions to vote: - castVote proposalId, support - castVoteWithReason proposalId, support, reason - castVoteWithReasonAndParams proposalId, support, reason, params The first."
258,9470d2cf198f,Medium,Input Validation,Missing Upper/Lower Bound Check,"maxTokenAmountPerUser limit can be bypassed when currency token has less decimals than the launch token. Source: 056Security, 0x15, 0xAlipede, 0xAsen, 0xDemon, 0xMosh, 0xShahilHussain, 0xYjs, 0xbakeng, 0xeix, 0xiehnnkta, 0xlookman, 0xmujahid002, 0xnegan, 0xnolo, 0xpetern, 0xpranav, 10ap17, 1nc0gn170, Aamirusmani1552, Adotsam, Albort, BZ, Bbash, Bigsam, BusinessShotgun, CL001, Chain-sentry, D4n13l, DenTonylifer, DharkArtz, Elawdie, Fiifi, Flare, Harry\ cryptodev, Harsh, Josh4324, Kirkeelee, Limbooo, PASCAL, POB."
259,9470d2cf198f,Medium,Accounting Error,State Update Inconsistency,"userTokens accounting in Launch.sol::updateParticipation is updated incorrectly and can lead to loss of user funds, DOS and a broken invariant Source: 0rpse, 0xbakeng, 0xc0ffEE, 10ap17, Boy2000, IvanFitro, John44, KlosMitSoss, Limbooo, X0sauce, ZdravkoHr., farismaulana, rokinot, zzykxx Summary When a user reduces their participation tokens in the launch group sale,userTokens in the userTokensByLaunchGroup mapping is updated incorrectly which can lead to loss of user funds for any user trying to claim a refund."
260,1167ec3a176e,Medium,Access Control,Centralization Risk,"Timelock roles/deployment gives the public vault owner full control over the vault Curly Banana Sardine high Summary The public vault owner role is restricted according to the documentation, even though it's wrapped in a Timelock, i.e. each action will have a 2 day delay before it's executed, there's no way to cancel the pending action and/or remove/assign roles in the Timelock. This gives a restricted role full control, including being able to whitelist new modules, etc. through which they can take."
261,1167ec3a176e,Medium,Slippage,Invalid Slippage Control / Missing slippage check,"Deposits/Withdrawals to/from Arrakis Vaults can be sandwiched due to no slippage checks in mint/burn functions Curly Banana Sardine medium Summary There are two instances in which deposits/withdrawals can be sandwiched: - When depositing funds through the Router, there is slippage protection, but when directly minting through the vault, no slippage protection is present, making all of the deposits prone to being sandwiched. - Same goes for withdrawing directly by burning the shares on the vault instead of going."
262,1167ec3a176e,Medium,DoS,Bad Condition,"HOT::setPriceBounds Malicious executor can brick vault withdrawals for at least 2 days Merry Yellow Osprey medium Summary The HOT::setPriceBounds function in the HOT contract allows an executor to set the AMM position's square-root upper and lower price bounds. A malicious executor can exploit this function to set the bounds very close together, causing an uint128 overflow when calculating liquidity. This results in disabling vault withdrawals, requiring a timelock of 2 days to set a new executor and re-enable."
263,1167ec3a176e,Medium,Slippage,Invalid Slippage Control / Missing slippage check,"ArrakisMetaVaultPrivate::fund No slippage control on private vault deposit can cause unlimited loss to owner Merry Yellow Osprey high Summary An attacker can front-run a deposit transaction for an ArrakisMetaVaultPrivate, forcing the depositor to deposit in an unbalanced way. This increases liquidity around an unfavorable price, leading to a loss of one side of the provided liquidity. Vulnerability Detail The owner of a private vault has full ownership of the shares of liquidity, so they are not even calculated."
264,9ddd6b83c27e,Medium,DoS,Bad Condition,"User can call executeBatchDeposit any time to unpause the vault and DOS the vault by calling deposit ctf sec medium Summary User can call executeBatchDeposit any time to unpause the vault and DOS the vault. Vulnerability Detail The keeper can pause or unpause the contract DnGmxBatchingManager.sol if one user deposits and we buy glp then and call stakeGlp rewardRouter.mintAndStakeGlp , then other user will have to wait 15 mins, so adversary can keep deposit very small amount every 15 mins and DOS it hence we."
265,9ddd6b83c27e,Medium,ERC4626,Inflation Attack,Early depositors to DnGmxSeniorVault can manipulate exchange rates to steal funds from later depositors 0x52 high Summary To calculate the exchange rate for shares in DnGmxSeniorVault it divides the total supply of shares by the totalAssets of the vault. The first deposit can mint a very small number of shares then donate aUSDC to the vault to grossly manipulate the share price. When later depositor deposit into the vault they will lose value due to precision loss and the adversary will profit. Vulnerability.
266,e7921851ec01,Medium,DoS,Missing Functionality,"Inability to Re-add oldToken After Execution of D3MakerFreeSlot.setNewTokenAndReplace Huge Felt Chipmunk medium Summary The D3MakerFreeSlot contract's setNewTokenAndReplace function, when executed, permanently removes the oldToken information without clearing its index from state.priceListInfo.tokenIndexMap. This oversight prevents the re-addition of the oldToken using either setNewTokenAndReplace or setNewToken methods. Vulnerability Detail The setNewTokenAndReplace function is designed to replace an existing."
267,e7921851ec01,Medium,Accounting Error,Incorrect Formula,"payFromAmount is calculated with incorrect fee amount Decent Gauze Goldfish high Summary This protocol has two different fees: swap fee and the maintainer fee. The protocol calculates incorrect payFromAmount in the queryBuyTokens function. It uses maintainer fee instead of the swap fee for this calculation. Vulnerability Detail Users provide exactly how many toToken to buy in D3Trading::buyToken function, and pay the necessary amount of fromToken. The fromToken amount to pay is queried with the."
268,e7921851ec01,Medium,DoS,Bad Condition,Malicious user can block LPs from providing liquidity to vaults Ambitious Holographic Cormorant medium Summary Since the original V3 release the method withdrawLeft has been commented out which allowed the owner of the vault to withdraw tokens directly transferred into the vault that had not been accounted . As a result of removing this method it is now possible for a malicious user to grief the protocol by preventing legitimate LPs from contributing to the vault and earning yield. Vulnerability Detail When an LP.
269,e7921851ec01,Medium,Logic Error,Bad Condition,"The checkBorrowSafe method is not set properly Savory Magenta Antelope high Summary according to the DODO Docs, Borrowing Collateral Ratio serves as an additional check condition when SP borrows funds. After borrowing, it must be ensured that borrowing collateral ratio is greater than 1 + IM. Vulnerability Detail However, in the checkBorrowSafe method, the Borrowing Collateral Ratio is greater than IM. For simplicity, assume the following scenario: IM=40% now pool has, balance: 300 token3 borrowed: 200 token3."
270,ee25ec7abd40,Medium,Cross-Chain,1/64 Gas Rule,OptimismPortal.depositTransaction continues to function even the protocol paused Bauer medium Summary It is still possible to deposit when the OptimismPortal protocol is paused. This is because OptimismPortal.depositTransaction lacks the whenNotPaused modifier. Vulnerability Detail It is still possible to deposit when the OptimismPortal protocol is paused. This is because OptimismPortal.depositTransaction lacks the whenNotPaused modifier. Impact It is still possible to deposit even when the OptimismPortal protocol.
271,ee25ec7abd40,Medium,DoS,Bad Condition,"Incorrect calculation of required gas limit during deposit transaction HE1M medium Summary It is possible to bypass burning the gas on L1 if gasLimit is accurately chosen between 21000 and used gas. Vulnerability Detail The gas that deposit transactions use on L2 is bought on L1 via a gas burn in ResourceMeterin.sol: There is also a condition on the parameter gasLimit to protect against DoS attack: But, by using this limitation, it does not enforce to burn correct amount of gas on L1. Because, if the following."
272,ee25ec7abd40,Medium,Access Control,Invalid Validation,"Missing onlyEOA in OptimismPortal and L2ToL1MessagePasser HE1M medium Summary If contracts directly transfer ETH to OptimismPortal or L2ToL1MessagePasser, they will lose their fund on the other chain. Vulnerability Detail When ETH is directly transferred to a contract, the function receive will be triggered. There are 4 cases that should be considered carefully in Optimism: 1. A contract directly transfers ETH to L1StandardBridge on L1: In this case, the modifier onlyEOA reverts the transaction. This is correct."
273,ee25ec7abd40,Medium,Accounting Error,Incorrect Formula,Possible loss of funds in case extra ether sent to OptimismPortal for old withdrawals Koolex medium Summary Possible loss of funds in case extra ether sent to OptimismPortal for old withdrawals Vulnerability Detail Optimism added donateETH method in OptimismPortal contract. As per the comment it exists for the sake of the migration This function mainly exists for the sake of the migration between the legacy Optimism system and Bedrock. This makes sense since OptimismPortal will initially have zero ether. Old.
274,103f39b0f29b,Medium,Arithmetic,Precision Loss,"Pairs with ""MAX FEE"" can revert due to rounding inconsistencies Macho Maroon Parrot medium Summary If the pair has set the max fee by the fee controller admin which is ""1 000"" then depending on the amount to be swapped, the tx can revert due to rounding error. Vulnerability Detail When the fee amount is calculated inside the RubiconFeeController, the fee amount is rounded down. then, ProtocolFees abstract contract will do a double check on the fee taken as follows: As we can see, it uses mulDivDown, so if the."
275,103f39b0f29b,Medium,Accounting Error,Incorrect Formula,"Apply fee when false still adds a base fee Boxy Boysenberry Vulture medium Summary When a token pair's fee applyFee is set to false, then the RubiconFeeController will still apply a base fee to the feeAmount. This is in direct contradiction to the code comments which state: Take note of the last line, which states that the dynamic and base fee can be disabled by setting applyFee to false. Vulnerability Detail The vulnerability has to do with a if statement called in getFeeOutputs . This if statement applies a base."
276,103f39b0f29b,Medium,Accounting Error,State Update Inconsistency,Fee updated on the memory variable instead on the original result Brave Teal Starling medium Summary Fee is increased on the copy of the output token instead on the original one. Vulnerability Detail In the following code instead of increasing the fee on the result array it is increased on its copy Impact Fee is not correctly updated Code Snippet Tool used Manual Review Recommendation make the following change
277,103f39b0f29b,Medium,Accounting Error,Incorrect Formula,Fees is not injected properly Brave Teal Starling high Summary Instead of injecting fees on the correct resolved order the function injects the fees on its copy Vulnerability Detail Following is execute functions it applies to all other execute types prepare function is meant to update resolvedOrders but it updates and injects fees on the copy of resolvedOrders as can be seen from the following highlighted lines It can be clearly seen that fees is injected on order instead of orders i and as order is copy of.
278,103f39b0f29b,Medium,Accounting Error,Duplicate Value,"H RubiconFeeController::getFeeOutputs incorrectly creates feeOutput tokens, thus adding duplicates to the order.outputs Puny Aqua Ladybug medium high Summary The problem is that order.outputs and feeOutputs arrays contain the same tokens, and in the end we add feeOutputs to the order.outputs and pay out the same output twice. Vulnerability Detail As we can see, there is a check for the tokens with a special fee if feeAmount != 0 Then it starts looping through the results arrays with the condition j = 0; j <."
279,103f39b0f29b,Medium,Arithmetic,Token Decimal,"Token with low decimals can have problems on fee and partial filling calculations Macho Maroon Parrot medium Summary Fee calculations and partial fill calculations can be off when working with tokens with low decimals like 0-1-2. Vulnerability Detail When calculating the fee to be deducted from an order, the following code is used: Let's assume the output token is EURS, which has 2 decimals, and the output amount is 10 1e2 EURS 10 EURS . The baseFee is set to ""10"" as default. The calculation for the feeAmount will."
280,103f39b0f29b,Medium,DoS,Bad Condition,"execute transactions can be reverted by a malicious user. Elegant Tan Wallaby high Summary execute, executeWithCallback, executeBatch, and executeBatchWithCallback transactions can be made to revert by an attacker. Vulnerability Detail Please read this blog first by Trust Security - The following is a little similar to the issue above. When a filler calls the execute transaction, its parameter order can be seen by anyone in the mempool. This parameter is used to call the function permit2.permitWitnessTransferFrom."
281,103f39b0f29b,Medium,MEV,Front Run,"Fillers' profit can be stolen by MEVbot or Block Proposer Stable Brick Goblin medium Summary Orders are executed by fillers, who are expected to run an off-chain logic, and pick orders, then get them to execute for profit. The issue is MEVbot or Block Proposers can front run the execution and just replace the filler role to get profit. They have not to do any off-chain work, just monitor the node mempool and extract risk free profit from fillers. Vulnerability Detail In current implementation, the field is."
282,103f39b0f29b,Medium,DoS,Invalid Validation,"Users can grief fillers by set malicious ValidationContract. Clever Rusty Starfish medium Summary When a user creates a new order, he can pass in an additionalValidationContract depending on his preference. When a filler executes the order, it calls the validate function in that contract to do some check. However, the problem is that this ValidationContract can be specified by the creator of the order, making it possible for gas-griefing attack. Vulnerability Detail When fillers try to execute a order."
283,51c6dc5fd57f,Medium,Access Control,Invalid Validation,A malicious user could cause the M Minter to incur more penalties by calling burnM Amusing Wooden Dragon medium Summary A malicious user could cause the Minter to incur more penalties by calling burnM Vulnerability Detail Minters maintain their on-chain collateral value by calling MinterGateway updateCollateral periodically. They have to pay penalty if they fail to call updateCollateral within Update Collateral Interval of the previous time they called it. The penalty will be calculated as below at the time of.
284,51c6dc5fd57f,Medium,Accounting Error,State Update Inconsistency,"An earner can still continue earning even after being removed from the approved list. Amusing Wooden Dragon medium Summary An earner can still continue earning even after being removed from the approved list. Vulnerability Detail A M holder is eligible to earn the Earner Rate when they are approved by TTG. The approved M holder can call startEarning then begin to earn the Earner Rate. They also can stopEarning to quit earning. However, when an approved M holder is disapproved, only the disapproved holder."
285,51c6dc5fd57f,Medium,Input Validation,Bypass Mechanism,"Users might receive worthless Power Tokens during the auction Young Umber Okapi high Summary Users might receive worthless Power Tokens during the auction, leading to a loss of assets for the affected users. Vulnerability Detail Users can configure the expiryEpoch of their buy order so that it is only valid until the end of the current transfer epoch OR is valid across multiple transfer epochs multiple auctions . A reset can occur at any epoch or any point in time as long as the threshold of the zero proposal is."
286,51c6dc5fd57f,Medium,Governance,Invalid Validation,"Proposal fee of new cash token takes effect in the wrong epoch Young Umber Okapi high Summary The proposal fee of the new cash tokens takes effect in the wrong epoch, leading to a loss of assets for the zero token holders and/or users. Vulnerability Detail Per the remark in the fix review PDF shared during the contest, it was understood that the system/protocol is designed in a manner where the switch of cash token is coupled with the proposal fee to avoid unfair griefing issues. ! image-20240318145127303 During."
287,51c6dc5fd57f,Medium,Governance,State Update Inconsistency,The sum of all voting power might be different from the sum of all power token balance due to the flaw of inflation mechanism Amusing Wooden Dragon medium Summary The sum of all voting power might be different from the sum of all power token balance due to the flaw of inflation mechanism Vulnerability Detail The total supply of Power Token will be inflated if there is at least one active standard proposal in the voting epoch. A voter can inflate their own Power balance as well as the Power balances of all.
288,51c6dc5fd57f,Medium,Input Validation,Incorrect Parameter,"The MinterGateway.sol verifyvalidatorSignatures function calculates minTimestamp incorrectly. Curly Shamrock Cow medium Summary The MinterGateway.sol verifyvalidatorSignatures function returns minTimestamp as the minimum value of the first updateCollateralValidatorThreshold valid timestamps in the signature array, regardless of the total number of signatures entered. This can be detrimental to minters when they use more signatures than the updateCollateralValidatorThreshold number and the minter's updateTimestamp."
289,51c6dc5fd57f,Medium,Accounting Error,Incorrect Parameter,"A different cash token pulled from the buyer wallet Young Umber Okapi high Summary If the cash token is switched between the time the buyer submits its order and the order is executed, a different cash token will be pulled from the buyer's wallet, leading to a loss of assets for the affected users. Vulnerability Detail Users can configure the expiryEpoch of their buy order so that it is only valid until the end of the current transfer epoch OR is valid across multiple transfer epochs multiple auctions . Assume."
290,51c6dc5fd57f,Medium,Governance,Invalid Validation,"The proposer of the setProposalFee has a chance to retrieve their proposal fee after the RESET event, while others do not have this opportunity. Amusing Wooden Dragon medium Summary When RESET event happens, PowerToken, StandardGovernor and EmergencyGovernor will be redeployed. Certora identified one problem of proposalFee: Proposal fee is not returned to proposer after RESET event The sponsor stated in Audit review that it is by design. StandardGovernor supports five types of proposals: - addToList -."
291,51c6dc5fd57f,Medium,MEV,Front Run,"The mint and burn function is vulnerable to Sandwitch Attack at Minter Rate update. Curly Shamrock Cow high Summary If an attacker finds a proposal in the mempool that reduces the Minter Rate, he or she can retain MToken for free through a Sandwitch attack. Vulnerability Detail The MinterGateway.sol rate function and MinterRateModel.sol rate function are as follows. As shown on the right, rate recalled in the MinterGateway.sol rate function is the Minter Rate value currently set in TTG. Additionally, the."
292,51c6dc5fd57f,Medium,Accounting Error,Incorrect Formula,"Penalty charge is not considered during recalculation of principalOfTotalActiveOwedM while deactivating a minter results misscount throughout various functions. Dry Lime Stork medium Summary During deactivating a minter rawOwedM minter is deducted from principalOfTotalActiveOwedM, however if the minter missed any update before calling the deactivate function the penalty rate is not accounted in deduction. But it is accounted to calculate totalInactiveOwedM . Vulnerability Detail See this part of deactivateMinter."
293,51c6dc5fd57f,Medium,Governance,Not EIP Compliant,"EIP-5805 non-compliance Droll Iron Ferret medium Summary EpochBasedVoteToken and EpochBasedInflationaryToken fail to comply with the inherited ERC5805 standard. Vulnerability Detail EpochBasedVoteToken and EpochBasedInflationaryToken inherit ERC5805 but are non-compliant in two ways: 1. The EIP states: ""Tokens that are delegated to address 0 should not be tracked."" However, this is not the case. Instead, tokens that are delegated to address 0 are self-delegated: 2. The EIP also states: ""For all accounts a != 0 and."
294,51c6dc5fd57f,Medium,Governance,Invalid Validation,Voters can receive inflation from voting with 0 voting weight Droll Iron Ferret medium Summary Users can vote on proposals with zero voting weight before syncing their bootstrap balance then receive inflation for the vote based on their bootstrapped balance. Vulnerability Detail It's possible to vote on StandardGovernor proposals with 0 voting power. It's also possible for users to have a balance from the old Power token which can be bootstrapped when they initially call sync. If voters have an unsynced bootstrap.
295,51c6dc5fd57f,Medium,DoS,Bad Condition,"Minters that are earning and active are unable to burn their full balance of owed M Droll Iron Ferret medium Summary Rounding error causes the owed M balance to be greater than the earning M balance, causing a revert when attempting to burn the full owed balance. Note: A similar issue also exists in MToken. transfer, wherein the earning amount subtracted is the rounded up principal amount, which could also trigger a revert. Vulnerability Detail When you mint M as an active minter that is also earning, we first."
296,51c6dc5fd57f,Medium,Accounting Error,Incorrect Formula,"There will always be less supply of M tokens than owedM active/inactive in the protocol. Dizzy Cream Kitten medium Summary Vulnerability Detail See function mintM, principalAmount = getPrincipalAmountRoundedUp amount ; In function getPrincipalAmountRoundedUp amount , amount minted M are divided by currentindex , so owed M rawOwedM msg.sender += principalAmount ; for users is less than actual minted M. When users calls function burnM which calls the function repayForActiveMinter, See function repayForActiveMinter."
297,fa1836e0615e,High,DoS,Front Run,"Put settlement can be anticipated and lead to user losses and bonding DoS Submitted by LokiThe5th also found by \ \ 141345\ \ peakbolt rvierdiiev Nikki mahdikarimi and wintermute < < < The liquidity providers deposit WETH into the PerpetualAtlanticVaultLP which in turn provides the required collateral for put options writing. Writing puts locks collateral and to write more puts excess collateral is needed. Once a put is in the money it can be exercised by the RdpxCoreV2 contract, which forces the liquidity."
298,fa1836e0615e,High,Arithmetic,Token Decimal,"Incorrect precision assumed from RdpxPriceOracle creates multiple issues related to value inflation/deflation Submitted by LokiThe5th also found by minhtrng QiuhaoLi Udsen 1 2 0xvj 1 2 josephdara kutugu Evo 0xTiwa crunch circlelooper 0xPsuedoPandit Jiamin gjaldon 1 2 3 4 Juntao umarkhatab\ 465 hals 1 2 eeshenggoh 0xnev T1MOH and niki < < < < The RdpxEthPriceOracle, available in the audit repo here provides the RdpxV2Core, the UniV2LiquidityAmo and the PerpetualAtlanticVault contracts the necessary values for rdpx."
299,fa1836e0615e,High,DoS,Inflation Attack,The settle feature will be broken if attacker arbitrarily transfer collateral tokens to the PerpetualAtlanticVaultLP Submitted by klau5 also found by KrisApostolov Toshii 0xc0ffEE codegpt clash ge6a QiuhaoLi parsely Tendency wintermute bin2chen Blockian \ \ 141345\ \ Evo 0xbranded visualbits Udsen 0xvj nirlin ak1 jasonxiale pontifex Aymen0909 DanielArmstrong AkshaySrivastav savi0ur RED-LOTUS-REACH crunch sces60107 pks\ Mike\ Bello90 1 2 tnquanghuy0512 circlelooper ubermensch asui oakcobalt bart1e Anirruth 1 2.
300,fa1836e0615e,High,ERC721,Missing Functionality,UniV3LiquidityAMO::recoverERC721 will cause ERC721 tokens to be permanently locked in rdpxV2Core Submitted by bart1e also found by rokinot gkrastenov HHK bin2chen jasonxiale Aymen0909 josephdara pep7siup peakbolt Inspex kodyvim tapir 0x3b 0xCiphky rvierdiiev and chaduke < < UniV3LiquidityAMO::recoverERC721 is a function created in order to be able to recover ERC721 tokens from the UniV3LiquidityAMO contract. It can only be called by admin and will transfer all ERC721 tokens to the RdpxV2Core contract. The problem.
301,fa1836e0615e,High,Arithmetic,State Update Inconsistency,The peg stability module can be compromised by forcing lowerDepeg to revert Submitted by 0xrafaelnicolau also found by HHK koo \ eperezok ubermensch nobody2018 bart1e peakbolt 0xnev ElCid HChang26 Vagner max10afternoon volodya yashar degensec Krace minhtrng KrisApostolov dimulski 0xc0ffEE pontifex Toshii 0xkazim dethera 0xMosh halden mussucal ether\ sky wintermute bin2chen QiuhaoLi 0xvj Aymen0909 glcanvas RED-LOTUS-REACH gizzy MiniGlome Talfao carrotsmuggler ladboy233 Baki hals chainsnake asui Viktor\ Cortess.
302,e169bbefc6e2,High,DoS,Incorrect Parameter,"StrategyPUSDConvex.balanceOfJPEG uses incorrect function signature while calling extraReward.earned, causing the function to unexpectedly revert everytime Submitted by rayn StrategyPUSDConvex.sol L234 As specified in Convex BaseRewardPool.sol and VirtualRewardPool.sol the function signature of earned is earned address . However, balanceOfJPEG did not pass any arguments to earned, which would cause balanceOfJPEG to always revert. This bug will propagate through Controller and YVault until finally reaching the."
303,fa1836e0615e,High,DoS,Violating CEI / Missing nonReentrant,"Bond operations will always revert at certain time when putOptionsRequired is true Submitted by said < < < when putOptionsRequired is true, there is period of time where bond operations will always revert when try to purchase options from perp atlantic vault. When bond is called and putOptionsRequired is true, it will call purchaseOptions providing the calculated rdpxRequired. < Inside purchaseOptions, it will call PerpetualAtlanticVault.purchase providing the amount and address this as receiver : < Then inside."
304,e169bbefc6e2,High,DoS,"Duplicate Value, Invalid Validation","Existing users locked JPEG could be overwritten by new user, causing permanent loss of JPEG funds Submitted by hickuphh3, also found by 0x1f8b, AuditsAreUS, Foundation, Kthere, Meta0xNull, rayn, and WatchPug NFTVault.sol L375 JPEGLock.sol L54-L62 A users JPEG lock schedule can be overwritten by another users if he the other user submits and finalizes a proposal to change the same NFT indexs value. The existing user will be unable to withdraw his locked JPEGs, resulting in permanent lock up of JPEG in the locker."
305,e169bbefc6e2,High,ERC4626,Inflation Attack,"yVault: First depositor can break minting of shares Submitted by hickuphh3, also found by 0xDjango, berndartmueller, cmichel, hyh, and WatchPug yVault.sol L148-L153 The attack vector and impact is the same as TOB-YEARN-003 where users may not receive shares in exchange for their deposits if the total asset amount has been manipulated through a large donation. Attacker deposits 1 wei to mint 1 share Attacker transfers exorbitant amount to the StrategyPUSDConvex contract to greatly inflate the shares price. Note."
306,fa1836e0615e,High,Arithmetic,"Hardcoded Parameter, Token Decimal","Improper precision of strike price calculation can result in broken protocol Submitted by Toshii also found by Matin Qeew visualbits crunch circlelooper qpzm Jiamin pep7siup Juntao 0xmystery eeshenggoh lsaudit 1 2 peakbolt 0xDING99YA Cosine Topmark 0x3b deadrxsezzz piyushshukla and catwhiskeys < < Due to a lack of adequate precision, the calculated strike price for a PUT option for rDPX is not guaranteed to be 25% OTM, which breaks core assumptions around 1 protecting downside price movement of the rDPX which."
307,e169bbefc6e2,High,DoS,Incorrect Parameter,"Controller: Strategy migration will fail Submitted by hickuphh3, also found by rayn Controller.sol L95 StrategyPUSDConvex.sol L266 The controller calls the withdraw method to withdraw JPEGs from the contract, but the strategy might blacklist the JPEG asset, which is what the PUSDConvex strategy has done. The migration would therefore revert. Insert this test into StrategyPUSDConvex.ts Recommended Mitigation Steps Replace current.withdraw address jpeg ; with current.withdrawJPEG vaults token . spaghettieth JPEG'd."
308,40cc38c69cca,High,DoS,Front Run,"Bonding mechanism allows malicious user to DOS auctions Submitted by kenzo . A malicious user can listen to the mempool and immediately bond when an auction starts, without aim of settling the auction. As no one can cancel his bond in less than 24h, this will freeze user funds and auction settlement for 24h until his bond is burned and the new index is deleted. The malicious user can then repeat this when a new auction starts. While the malicious user will have to pay by having his bond burned, it might not be."
309,e169bbefc6e2,High,Reentrancy,Violating CEI / Missing nonReentrant,"Reentrancy issue in yVault.deposit Submitted by cmichel yVault.sol L144-L145 In deposit, the balance is cached and then a token.transferFrom is triggered which can lead to exploits if the token is a token that gives control to the sender, like ERC777 tokens. Initial state: balance = 1000, shares supply = 1000. Depositing 1000 amount should mint 1000 supply, but one can split the 1000 amounts into two 500 deposits and use re-entrancy to profit. Outer deposit 500 : balanceBefore = 1000. Control is given to attacker."
310,b7fc4d82013a,High,Accounting Error,State Update Inconsistency,"Wrong fee calculation after totalSupply was 0 Submitted by kenzo handleFees does not update lastFee if startSupply == 0. This means that wrongly, extra fee tokens would be minted once the basket is resupplied and handleFees is called again. Loss of user funds. The extra minting of fee tokens comes on the expense of the regular basket token owners, which upon withdrawal would get less underlying than their true share, due to the dilution of their tokens' value. Proof of Concept Scenario: All basket token holders."
311,a3e15237ea08,High,Accounting Error,Rebase Token,"A malicious user can steal money out of the vault and other users Submitted by samuraii77 also found by Bauchibred ilchovski rbserver 1 2 mt030d and cheatc0d3 A malicious user can steal money out of other users and the vault when a rebasing token like AMPL is used. That particular token is whitelisted as seen here In particular, the AMPL token has a gonsPerFragment variable that is used to change the balances of other users. The goal of that is to keep a stable price by manipulating the supply. This creates a huge."
312,7100a75d6ebd,High,Chainlink,Stale Value,"Oracle data feed can be outdated yet used anyways which will impact payment logic Submitted by 0xNineDec, also found by 0x1f8b, 0x29A, 0x52, 0xdanial, 0xDjango, 0xf15ers, bardamu, cccz, Cheeezzyyyy, Chom, codexploder, defsec, Franfran, Alex the Entreprenerd, Green, hake, hansfriese, horsefacts, hubble, hyh, IllIllI, jonatascm, kebabsec, Meera, oyc& 95;109, pashov, rbserver, Ruhum, simon135, tabish, tintin, and zzzitron < < < < < < < The current implementation of JBChainlinkV3PriceFeed is used by the protocol to."
313,a3e15237ea08,High,Logic Error,Invariant Violation,"ThorChain will be informed wrongly about the unsuccessful ETH transfers due to the incorrect events emissions Submitted by Shaheen also found by mt030d \ karanel 1 2 bigtone ilchovski Fortis\ audits Team\ RockSolid Svetoslavb Heba-Elhasan Greed 0xAadi and shaflow2 < One of the main invariant of the protocol is: Only valid events emitted from the Router contract itself should result in the txInItem parameter being populated in the GetTxInItem function of the smartcontract log parser. In short, this means that all."
314,98b7c1691811,High,Reentrancy,Violating CEI / Missing nonReentrant,"The reentrancy vulnerability in safeMint can allow an attacker to steal all rewards Submitted by cccz, also found by cmichel, Fitraldys, kenzo, onewayfunction, and tqts There is a reentrancy vulnerability in the \ safeMint function The lock function changes the totalDepositedXDEFI variable after calling the \ safeMint function Since the updateDistribution function does not use the noReenter modifier, the attacker can re-enter the updateDistribution function in the \ safeMint function. Since the value of."
315,ba93b3b8d7cf,High,Slippage,Hardcoded Parameter,"Hard-coded slippage may freeze user funds during market turbulence Submitted by jonah1005, also found by berndartmueller, Picodes, IllIllI, sorrynotsorry, and WatchPug GeneralVault.sol L125 GeneralVault set a hardcoded slippage control of 99%. However, the underlying yield tokens price may go down.<br If Luna/UST things happen again, users' funds may get locked.<br LidoVault.sol L130-L137 Moreover, the withdrawal of the lidoVault takes a swap from the curve pool. 1 stEth worth 0.98 ETH at the time of writing.<br."
316,7b5e1803022e,High,ERC4626,Rounding Error,"Rounding Issues In Certain Functions Submitted by xiaoming90, also found by berndartmueller, GreyArt, jonah1005, kenzo, and minhquanym < < Per EIP 4626's Security Considerations < Finally, ERC-4626 Vault implementers should be aware of the need for specific, opposing rounding directions across the different mutable and view methods, as it is considered most secure to favor the Vault itself during calculations over its users: If 1 its calculating how many shares to issue to a user for a certain amount of the."
317,fa1836e0615e,Medium,Access Control,Centralization Risk,"Change of fundingDuration causes ""time travel"" of PerpetualAtlanticVault.nextFundingPaymentTimestamp Submitted by 0xTheC0der also found by nirlin \ \ 141345\ \ QiuhaoLi 1 2 bin2chen 0xbranded jasonxiale 0Kage pep7siup 836541 joaovwfreire bart1e ABA alexfilippov314 peakbolt ayden 0xDING99YA T1MOH chaduke SpicyMeatball degensec Kow rvierdiiev 0xHelium and tnquanghuy0512 The return value of PerpetualAtlanticVault.nextFundingPaymentTimestamp which marks the beginning of the next funding epoch, scales linearly with the."
318,fa1836e0615e,Medium,Accounting Error,State Update Inconsistency,sync function in RdpxV2Core.sol should be called in multiple scenarios to account for the balance changes that occurs Submitted by Vagner also found by oakcobalt T1MOH Aymen0909 savi0ur codegpt KmanOfficial alexzoid wintermute nemveer bin2chen Evo ak1 1 2 0Kage pep7siup MohammedRizwan qbs hals said ladboy233 1 2 Viktor\ Cortess peakbolt 0xnev 1 2 zaevlad 1 2 ABAIKUNANBAEV 1 2 mrudenko zzebra83 0xCiphky Yanchuan and tapir < < The function sync is used in RdpxV2Core.sol to synchronize the balances of the reserve.
319,fa1836e0615e,Medium,"Chainlink,Oracle",Price Manipulation / Arbitrage opportunity,"reLPContract.reLP is susceptible to sandwich attack due to user control over bond Submitted by peakbolt < < RdpxV2Core.bond calls reLPContract.reLP at the end of the bonding to adjust the LP for the rDPX/ETH pool and swap ETH for rDPX. Within reLPContract.reLP , it first calls removeLiquidity to remove liquidity rDPX and ETH , followed by swapExactTokensForTokens and addLiquidity . However, the issue is that an attacker has control over RdpxV2Core.bond and can use it to indirectly call reLPContract.reLP . That."
320,fa1836e0615e,Medium,Arithmetic,State Update Inconsistency,"User can avoid paying high premium price by correctly timing his bond call Submitted by said also found by qpzm \ \ 141345\ \ 1 2 Tendency nirlin carrotsmuggler wallstreetvilkas Nyx 0xWaitress RED-LOTUS-REACH and peakbolt < < When user execute bond operations and putOptionsRequired is true, the premium that they will pay is depend on time when the bond operations will be executed. This will cause the premium paid by user will be less despite bond the same amount at the same price if they time it correctly. When."
321,198fa93fabdd,Medium,TWAP,Price Manipulation / Arbitrage opportunity,"Ineffective TWAV Implementation Submitted by xiaoming90, also found by hyh The current TWAV implementation consists of an array of 4 observations/valuations called twavObservations. Whenever, the new valuation is updated, the new cumulative valuation will be appended to the twavObservations array and the oldest observation/valuation will be removed from the twavObservations array. Description of current TWAV implementation can be found at < Time-weighted average valuation Uses an array of length 4 which stores."
322,fa1836e0615e,Medium,Uniswap,No Recovery Mechanism,"Inaccurate swap amount calculation in ReLP leads to stuck tokens and lost liquidity Submitted by degensec also found by KmanOfficial QiuhaoLi jasonxiale bart1e nirlin pep7siup qpzm ubermensch peanuts tapir kutugu mert\ eren WoolCentaur peakbolt ayden 0xnev T1MOH HChang26 Yanchuan 0x3b and wintermute ReLPContract contains logic that removes WETH-RDPX liquidity from Uniswap V2, swaps some amount WETH to RDPX and re-adds the liquidity. The calculation logic for the amount of tokens to swap is unreliable and sometimes."
323,d9b35c0c87a4,Medium,Input Validation,Duplicate Value,"Risk of losing admin access if updateAdmin set with same current admin address Submitted by ksk2345 also found by ChrisTina and NoamYakov Current admin will lose DEFAULT ADMIN ROLE role if updateAdmin issued with same address. There is a possibility of loss of protocol admin access to the critical StaderConfig.sol contract, if updateAdmin is set with same current admin address by mistake. Contract : StaderConfig.sol.<br Function : function updateAdmin address admin . Using Brownie python automation framework."
324,9cc1dc4ae06a,Medium,Accounting Error,Incorrect Parameter,"AuraLocker kick reward only takes last locked amount into consideration, instead of whole balance Submitted by kenzo The issue occurs in AuraLocker, when expired locks are processed via kicking, and if all the user locks have expired.<br In this scenario, to calculate the kick reward, processExpiredLocks multiplies the last locked amount by the number of epochs between the last lock's unlock time and the current epoch.<br A comment in this section mentions ""wont have the exact reward rate that you would get if."
325,fa1836e0615e,Medium,Accounting Error,Asset Theft,"Bonding WETH discounts can drain WETH reserves of RdpxV2Core contract to zero Submitted by Toshii < < Depending on the reserves of rDPX, bonding discounts are given both on the rDPX and WETH collateral requirements for minting dpxETH. The bonding discounts for both rDPX and WETH portions are provided as rDPX which is taken from the treasury. The issue with this is that the RdpxV2Core contract only functions properly when the full amount of WETH is provided 75% of the dpxETH value , because as per docs, 50% of the."
326,9cc1dc4ae06a,Medium,DoS,Out of Gas,Reward may be locked forever if user doesn't claim reward for a very long time such that too many epochs have been passed Submitted by Chom ExtraRewardsDistributor.sol L233-L240 AuraLocker.sol L334-L337 Reward may be locked forever if user doesn't claim reward for a very long time such that too many epochs have been passed. The platform then forced to reimburse reward to the user that got their reward locked. Causing huge economics loss. Can be done by reverse engineering from the affected code for uint256 i =.
327,9cc1dc4ae06a,Medium,Accounting Error,State Update Inconsistency,Improperly Skewed Governance Mechanism Submitted by 0xsomeone AuraLocker.sol L594-L609 AuraLocker.sol L611-L618 | File | Lines | Type | | :------------- | :--------------------------------------------------------------------------------------------------------------------------------------------------------------------------------------------------------- | :------------------------ | | AuraLocker.sol | L594-L609 L611-L618 | Governance Susceptibility | The balance checkpointing system exposed by the contract for.
328,d9b35c0c87a4,Medium,Pause,Does not match with Doc,"pause/unpause functionalities not implemented in many pausable contracts Submitted by Aymen0909 also found by LaScaloneta tallo martin bin2chen jaraxxus josephdara djxploit SovaSlava SovaSlava SovaSlava ChrisTina T1MOH NoamYakov NoamYakov and Deps < <br < <br < The following contracts: SocializingPool, StaderOracle, OperatorRewardsCollector and Auction are supposed to be pausable as they all inherit from PausableUpgradeable , but they don't implement the external pause/unpause functionalities which means it will."
329,d562802cb53a,Medium,Logic Error,"Does not match with Doc, Implementation Error",Freezed Chain will never be unfreeze since StateTransitionManager::unfreezeChain is calling freezeDiamond instead of unfreezeDiamond Submitted by 0x11singh99 also found by oakcobalt Bauchibred erebus XDZIBECX Dup1337 yashar bin2chen forgebyola Topmark rvierdiiev bctester and zhanmingjing StateTransitionManager::unfreezeChain function is meant for unfreeze the freezed chain of passed chainId param. While freezeChain function is meant for freeze the chain according to passed \ chainId. But freezeChain and.
330,fa1836e0615e,Medium,ERC721,State Update Inconsistency,"The owner of RPDX Decaying Bonds is not updated on token transfers Submitted by juancito also found by glcanvas Yanchuan and volodya < < The RdpxDecayingBonds contract keeps track of a bonds mapping with bonds information including the bond token owner. When the token is transfered, the bonds bondId .owner value should be updated, but it isn't. The owner value will be bricked when a token is transfered, as it can't be changed by any means. Any integration relying on this value will make wrong trusted assumptions."
331,fa1836e0615e,Medium,"Arithmetic,ERC4626",Price Manipulation / Arbitrage opportunity,"The vault allows ""free"" swaps from WETH to RDPX Submitted by LokiThe5th also found by Evo 0xnev and volodya < < < The PerpetualAtlanticVaultLP allows users to deposit WETH into the vault and receive shares in return. If a user calls redeem on the vault, they receive a proportional amount of WETH and rdpx in return for burning their shares. This can be used as a way to swap from WETH to rdpx without needing to pay swap fees to the V2 Permissioned AMM that is being introduced in V2. Swapping in this way may allow."
332,d9b35c0c87a4,Medium,Logic Error,Bypass Mechanism,"Protocol will not benefit from slashing mechanism when remaining penalty bigger than minThreshold Submitted by Co0nan also found by Co0nan and 0xWaitress During the withdraw process, the function settleFunds get called. This function first calculates the operatorShare and the penaltyAmount. If the operatorShare < penaltyAmount, the function calls slashValidatorSD in order to slash the operator and start new auction to cover the loss. The issue here, is slashValidatorSD determines the amount to be reduced based on."
333,9cc1dc4ae06a,Medium,DoS,Reward Manipulation,"Rewards distribution can be delayed/never distributed on AuraLocker.sol L848 Submitted by 0xjuicer, also found by csanuragjain Rewards distribution can be delayed/never distributed on AuraLocker.sol L848 Someone malicious can delay the rewards distribution for non cvxCrv tokens distributed on AuraLocker.sol. 1: Attacker will send one wei of token that are distributed on the AuraLocker.sol to AuraStakingProxy 2: Attacker will call distributeOther The function will call notifyRewardAmount that calls \ notifyReward."
334,fa1836e0615e,Medium,Arithmetic,Precision Loss,Cannot withdraw RDPX if WETH withdrawn is zero Submitted by gjaldon also found by Toshii QiuhaoLi Evo Yanchuan peakbolt tapir HChang26 and rvierdiiev < < < < VaultLP does not allow redemption of shares when it leads to 0 WETH being withdrawn. VaultLP can end up in a state where it has a small amount of WETH and most of its reserves is in RDPX instead. This can happen when most of its WETH is locked as collateral for Put Options and all these Put Options were exercised/settled due to RDPX price dropping. In this.
335,e169bbefc6e2,Medium,Slippage,Invalid Slippage Control / Missing slippage check,"swapUniswapV2 may use an improper path which can cause a loss of the majority of the rewardTokens Submitted by WatchPug StrategyPUSDConvex.sol L311-L334 StrategyPUSDConvex.sol L410-L430 In the current implementation, rewardTokens from the underlying strategy will be swapped to weth first then weth - usdc. However, the path used for swapping from rewardToken - weth is hardcoded as rewardToken, weth , which may not be the optimal route. For example, the majority liquidity for a particular rewardToken may actually be."
336,9cc1dc4ae06a,Medium,DoS,Out of Gas,"massUpdatePools is susceptible to DoS with block gas limit Submitted by catchup ConvexMasterChef.sol L178-L183 massUpdatePools is a public function and it calls the updatePool function for the length of poolInfo. Hence, it is an unbounded loop, depending on the length of poolInfo.<br If poolInfo.length is big enough, block gas limit may be hit. < Recommended Mitigation Steps I suggest to limit the max number of loop iterations to prevent hitting block gas limit. 0xMaharishi Aura Finance disagreed with severity and."
337,d9b35c0c87a4,Medium,Access Control,Front Run,"ValidatorWithdrawalVault.distributeRewards can be called to make operator slashable Submitted by rvierdiiev An attacker can call distributeRewards right before settleFunds to make operatorShare < penaltyAmount. As a result, the validator will face loses. ValidatorWithdrawalVault.distributeRewards can be called by anyone. It's purpose is to distribute validators rewards among the stakers protocol and the operator. After the call, the balance of ValidatorWithdrawalVault becomes 0. ValidatorWithdrawalVault.settle is."
338,d9b35c0c87a4,Medium,DoS,Duplicate Value,"updatePoolAddress functions always revert when updating existing poolId Submitted by Aymen0909 also found by trustOne bin2chen and T1MOH The purpose of the updatePoolAddress function is to update the pool address associated with an existing poolId. However, due to its internal invocation of the verifyNewPool function, the updatePoolAddress function always reverts. This occurs because the verifyNewPool function itself reverts when the specified poolId already exists. Consequently, it is not possible to update the."
339,d9b35c0c87a4,Medium,DoS,Bad Condition,"StaderOracle - Strict equal can cause no consensus if trusted nodes are removed before consensus Submitted by dwward3n < <br < if submissionCount == trustedNodesCount / 2 + 1 && exchangeRate.reportingBlockNumber exchangeRate.reportingBlockNumber { updateWithInLimitER exchangeRate.totalETHBalance, exchangeRate.totalETHXSupply, exchangeRate.reportingBlockNumber ; } In submitExchangeRateData, consensus is reached if submissionCount is strictly equal to desired number. However, trustNodesCount can be decreased and."
340,b7fc4d82013a,Medium,Accounting Error,Incorrect Parameter,"Basket:handleFees fee calculation is wrong Submitted by GiveMeTestEther The fee calculation on L141 is wrong. It should only get divided by BASE and not BASE - feePct This shows dividing only by BASE is correct:<br Assumptions: BASE is 1e18 accordign to the code timeDiff is exactly ONE YEAR for easier calculations startSupply is 1e18 exactly one basket token, also represents 100% in fee terms licenseFee is 1e15 0.1% If we calculate the fee of one whole year and startSupply is one token 1e18, equal to 100% , the."
341,e169bbefc6e2,Medium,Input Validation,"Bypass Mechanism, Invalid Validation","The noContract modifier does not work as expected. Submitted by Wayne, also found by hyh, PPrieditis, rayn, smiling heretic, and Cr4ckM3 yVault.sol L61 yVaultLPFarming.sol L54 The expectation of the noContract modifier is to allow access only to accounts inside EOA or Whitelist, if access is controlled using ! access control with \ account.isContract , then because isContract gets the size of the code length of the account in question by relying on extcodesize/address.code.length, this means that the restriction."
342,9cc1dc4ae06a,Medium,Accounting Error,"Does not match with Doc, State Update Inconsistency","Locking up AURA Token does not increase voting power of individual Submitted by xiaoming90 Per the documentation AURA tokens can be locked in the AuraLocker to recieve vlAURA. <u vlAURA is voting power </u in the AURA ecosystem. It is also possible for the users to delegate their voting power to a specific address by calling the AuraLocker.delegate address account function. However, after users locked up their AURA tokens in exchange for vlAURA tokens, their voting power did not increase. The following shows an."
343,9cc1dc4ae06a,Medium,Accounting Error,State Update Inconsistency,"ConvexMasterChef: When using add and set , it should always call massUpdatePools to update all pools Submitted by cccz Same as IDX-003 in < The totalAllocPoint variable is used to determine the portion that each pool would get from the total reward, so it is one of the main factors used in the rewards calculation. Therefore, whenever the totalAllocPoint variable is modified without updating the pending reward first, the reward of each pool will be incorrectly calculated.<br For example, when \ withUpdate is false."
344,d9b35c0c87a4,Medium,Logic Error,State Update Inconsistency,"ValidatorWithdrawalVault.settleFunds doesn't check amount that user has inside NodeELRewardVault to pay for penalty Submitted by rvierdiiev ValidatorWithdrawalVault.settleFunds doesn't check amount that user has inside NodeELRewardVault to pay for penalty. That value can increase operator's earned amount, which can avoid slashing. When a validator withdraws from beacon chain the ValidatorWithdrawalVault.settleFunds function is called. This function calculates amount that a validator has earned for attestations as."
345,9cc1dc4ae06a,Medium,Logic Error,"Does not match with Doc, Incorrect Parameter","CrvDepositor.sol Wrong implementation of the 2-week buffer for lock Submitted by WatchPug CrvDepositor.sol L127-L134 In lockCurve , unlockInWeeks - unlockTime is being used as a number in weeks, while it actually is a number in seconds. Thus, comparing it with 2 actually means a 2 seconds buffer instead of a 2 weeks buffer. The intention is to wait for 2 weeks before extending the lock time again, but the current implementation allows the extension of the lock once a new week begins. Consider changing the name of."
346,9cc1dc4ae06a,Medium,Input Validation,Missing Time Constraint,"Reward can be vested even after endTime Submitted by csanuragjain AuraVestedEscrow.sol L96 Reward vesting should end once endTime is reached, this is not done currently. 1. Observe the fund function 2. Observe that there is no check to disallow funding once endTime has been reached Recommended Mitigation Steps Add below check require block.timestamp<=endTime, ""Reward vesting period over"" ; 0xMaharishi Aura Finance acknowledged, but disagreed with severity and commented This report is kind of invalid, because there."
347,9cc1dc4ae06a,Medium,DoS,Front Run,DDOS in BalLiquidityProvider Submitted by QuantumBrief DDOS to liquidity providers in BalLiquidityProvider. bal is equal to the contracts balance of the asset: BalLiquidityProvider.sol L56 bal is required to be equal to the input parameter \ request.maxAmountsIn\ i : BalLiquidityProvider.sol L57 An attacker can front-run liquidity providers by sending 1 Wei of the asset to make the balance not equal to the input. This can be repeated and be used to impede the liquidity provider from using the function which will.
348,e169bbefc6e2,Medium,Input Validation,Reward Manipulation,"When lpToken is jpeg, reward calculation is incorrect Submitted by cccz, also found by minhquanym In the LPFarming contract, a new staking pool can be added using the add function. The staking token for the new pool is defined using the \ lpToken variable. However, there is no additional checking whether the \ lpToken is the same as the reward token jpeg or not. function add uint256 allocPoint, IERC20 lpToken external onlyOwner { massUpdatePools ; uint256 lastRewardBlock = blockNumber ; totalAllocPoint =."
349,9cc1dc4ae06a,Medium,Input Validation,Invalid Validation,"ConvexMasterChef: When lpToken is cvx, reward calculation is incorrect Submitted by cccz In the ConvexMasterChef contract, a new staking pool can be added using the add function. The staking token for the new pool is defined using the \ lpToken variable. However, there is no additional checking whether the \ lpToken is the same as the reward token cvx or not. function add uint256 allocPoint, IERC20 lpToken, IRewarder rewarder, bool withUpdate public onlyOwner { if withUpdate { massUpdatePools ; } uint256."
350,b7fc4d82013a,Medium,"DoS,Input Validation",Invalid Validation,"Publisher can lock all user funds in the Basket in order to force a user to have their bond burned Submitted by TomFrenchBlockchain, also found by WatchPug All user funds in a basket being held hostage by the publisher The Basket publisher can propose an auction in order to set new tokens and weights with a 1 day timelock. Basket.sol L216-L244 As part of this call they can set the minIbRatio variable which determines what the maximum slippage on the auction is allowed to be. If it's set to the current IbRatio then."
351,bb3018c8812c,Medium,DoS,Bad Condition,Balance check during MagicSpend validation cannot ensure that MagicSpend has enough balance to cover the requested fund Submitted by doublespending also found by imare Balance check during MagicSpend validation cannot ensure that MagicSpend has enough balance to cover the requested fund. 1. EntryPoint executes userOps by two loops: validation loop and execution loop 2. Suppose we have two userOps using MagicSpend: userOp1 with withdrawAmount 100 userOp2 with withdrawAmount 150 3. userOp1 and userOp2 are packed.
352,c20104cb90d7,Medium,DoS,Out of Gas,"Use of .send May Revert if The Recipient's Fallback Function Consumes More Than 2300 Gas Submitted by leastwood, also found by 0xliumin, berndartmueller, cccz, Czar102, gzeon, hickuphh3, horsefacts, ilan, IllIllI, joestakey, m9800, p4st13r4, peritoflores, reassor, rfa, robee, sorrynotsorry, tintin, TrungOre, VAD37, WatchPug, and z3s ForgottenRunesWarriorsMinter.sol L610 ForgottenRunesWarriorsMinter.sol L618 ForgottenRunesWarriorsGuild.sol L164 The .send function intends to transfer an ETH amount with a fixed."
353,d562802cb53a,Medium,Access Control,Does not match with Doc,"State transition manager is unable to force upgrade a deployed ST, which invalidates the designed safeguard for 'urgent high risk situation' Submitted by oakcobalt State transition manager STM will be unable to force upgrade a deployed ST against intended design for 'urgent high risk situation'. This invalidates the designed safeguard mechanism of an STM force upgrade and ST. Proof of Concept According to doc in case of urgent high risk situation, STM might force upgrade the contract ST . However, the above."
354,198fa93fabdd,Medium,Pause,State Update Inconsistency,"User Could Change The State Of The System While In Pause Mode Submitted by xiaoming90 Calling NibblVault.updateTWAP function will change the state of the system. It will cause the TWAP to be updated and buyout to be rejected in certain condition. When the system is in Pause mode, the system state should be frozen. However, it was possible for someone to call the NibblVault.updateTWAP function during the Pause mode, thus making changes to the system state. < Ensure that the NibblVault.updateVault function cannot be."
355,9cc1dc4ae06a,Medium,DoS,Incorrect Formula,"Users can grief reward distribution Submitted by IllIllI Users can grief reward distributions by spending dust. If a reward is targeted for an epoch in the past, a user can front-run the txn in the mempool and call addRewardToEpoch with a dust amount at an epoch after the one in question. This will cause the transaction in the mempool to revert ExtraRewardsDistributor.sol L74 Recommended Mitigation Steps Allow the backdating of rewards, which will cost more gas 0xMaharishi Aura Finance acknowledged, but disagreed."
356,af8e4af75dc2,Medium,Chainlink,Deprecated Library,Chainlink oracle data feed is not sufficiently validated and can return stale price Submitted by rbserver also found by d3e4 TomJ pashov sorrynotsorry Aymen0909 c7e7eff horsefacts pedroais minhtrng dipp 0xc0ffEE Chom immeas imare Olivierdem Jeiwan cccz hansfriese bin2chen elprofesor \ \ 141345\ \ tonisives catchup 0xNazgul Rolezn Ruhum Franfran Wawrdog idkwhatimdoing carlitox477 Lambda peanuts saneryee djxploit eierina cuteboiz martin M4TZ1P Jujic rokinot ladboy233 codexploder 0x1f8b joestakey leosathya rvierdiiev.
357,b7fc4d82013a,Medium,DoS,Bad Condition,"Auction.sol settleAuction Bonder may not be able to settle a bonded auction, leading to loss of funds Submitted by WatchPug Auction.sol L97-L102 In the current implementation, newRatio is calculated and compared with minIbRatio in settleAuction . However, if newRatio is less than minIbRatio, settleAuction will always fail and there is no way for the bonder to cancel and get a refund. Given: bondPercentDiv = 400 basketToken.totalSupply = 40,000 factory.auctionMultiplier = 2 factory.auctionDecrement = 10,000."
358,40cc38c69cca,Medium,DoS,Implementation Error,"Basket.sol mint Malfunction due to extra nonReentrant modifier Submitted by WatchPug, also found by kenzo, pants, and pauliax . < The mint method is malfunction because of the extra nonReentrant modifier, as mintTo already has a nonReentrant modifier. Change to: frank-beard Kuiper confirmed Alex the Entreprenerd judge commented Mint is factually broken, definitely an oversight. I don't think high severity is correct here though as since no-one can mint, no funds are at risk. I'll go with medium severity as per the."
359,9cc1dc4ae06a,Medium,Arithmetic,Token Decimal,"Integer overflow will lock all rewards in AuraLocker Submitted by kirk-baird AuraLocker.sol L176-L177 AuraLocker.sol L802-L814 AuraLocker.sol L864 There is a potential overflow in the rewards calculations which would lead to updateReward always reverting. The impact of this overflow is that all reward tokens will be permanently locked in the contract. User's will be unable to call any of the functions which have the updateReward modifier, that is: lock getReward processExpiredLocks notifyReward As a result the."
360,e169bbefc6e2,Medium,Arithmetic,Token Decimal,Wrong calculation for yVault price per share if decimals != 18 Submitted by berndartmueller The yVault.getPricePerFullShare function calculates the price per share by multiplying with 1e18 token decimals with the assumption that the underlying token always has 18 decimals. yVault has the same amount of decimals as it's underlying token see yVault.decimals But tokens don't always have 1e18 decimals e.g. USDC . The price per share calculation does not return the correct price for underlying tokens that do not have.
361,9cc1dc4ae06a,Medium,DoS,Fee On Transfer Token,"Users may lose rewards to other users if rewards are given as fee-on-transfer tokens Submitted by IllIllI, also found by Aits, BowTiedWardens, and MaratCerby If rewards are given in fee-on-transfer tokens, users may get no rewards, breaking functionality. Med: Assets not at direct risk, but the function of the protocol or its availability could be impacted, or :::leak value with a hypothetical attack path with stated assumptions:::, but external requirements. emphasis mine The underlying BAL protocol support."
362,fa1836e0615e,Medium,Slippage,minOut set to 0,"Missing slippage parameter on Uniswap addLiquidity function Submitted by juancito also found by KrisApostolov nemveer RED-LOTUS-REACH 0xmuxyz ciphermarco ladboy233 Bauchibred Viktor\ Cortess 0xnev ArmedGoose 0x3b ginlee and mitko1111 The Uniswap addLiquidity function expects the slippage params amountAMin, and amountBMin to be passed. The reLP sets those values as 0, which in other terms, means that the contract is ok with receiveing less amount of tokens than the fair market price when providing liquidity. Less."
363,b7fc4d82013a,Medium,Upgradeable,Invalid Validation,"Reentrancy vulnerability in Basket contract's initialize method. Submitted by broccolirob A malicious ""publisher"" can create a basket proposal that mixes real ERC20 tokens with a malicious ERC20 token containing a reentrancy callback in it's approve method. When the initialize method is called on the newly cloned Basket contract, a method called approveUnderlying address auction is called, which would trigger the reentrancy, call initialize again, passing in altered critical values such as auction and factory, and."
364,9befb133ee74,Medium,Chainlink,Deprecated Library,"Use of deprecated Chainlink function latestAnswer Submitted by shw According to Chainlink's documentation Deprecated API Reference Migration Instructions and API Reference the latestAnswer function is deprecated. This function does not throw an error if no answer has been reached, but instead returns 0, causing an incorrect price to be fed to the Buoy3Pool. See Buoy3Pool.sol L207 and L214-L216 Recommend using the latestRoundData function to get the price instead. Also recommend adding checks on the return data."
365,40cc38c69cca,Medium,Input Validation,"Asset Theft,Invalid Validation","Auction bonder can steal user funds if bond block is high enough Submitted by kenzo . After an auction has started, as time passes and according to the bondBlock, newRatio which starts at 2\ ibRatio gets smaller and smaller and therefore less and less tokens need to remain in the basket. This is not capped, and after a while, newRatio can become smaller than current ibRatio. If for some reason nobody has bonded and settled an auction and the publisher didn't stop it, a malicious user can wait until newRatio <."
366,a3e15237ea08,Medium,DoS,Incorrect Parameter,"Due to the use of msg.value in for loop, anyone can drain all the funds from the THORChain Router contract Submitted by PetarTolev also found by mt030d samuraii77 bigtone 0xfox TECHFUND-inc 0xAadi benoitonchain Team\ RockSolid ilchovski Svetoslavb Timenov EPSec hunter\ w3b Shaheen inh3l Limbooo LuarSec shaflow2 Gosho and 0x1771 < The functions transferOutAndCallV5 and batchTransferOutAndCallV5 both internally invoke transferOutAndCallV5 This function, in turn, calls the swapOutV5 function on the."
367,b7fc4d82013a,Medium,Accounting Error,Incorrect Parameter,"Basket:handleFees : fees are overcharged Submitted by GiveMeTestEther The fee calculation is based on the totalSupply of the basket token. But some amount of the totalSupply represents the fees paid to the publisher/ protocol owner. Therefore the fees are ""overcharged"": because the fee amount is calculated on a part of already ""paid"" fees, should only take into account what is ""owned"" by the users and not the publisher/protocol owner. L141: the fee percent is multiplied by startSupply =basket token total supply."
368,ba93b3b8d7cf,Medium,TWAP,Incorrect Formula,"Yield can be unfairly divided because of MEV/Just-in-time stablecoin deposits Submitted by mtz, also found by 0x52, hyh, jonah1005, leastwood, and sorrynotsorry YieldManager.sol L129-L134 YieldManager.sol L160-L161 An attacker can use MEV via gas auction or Flashbots or control of miners to cause an unfair division of yield. By providing a very large relative to the size of all other stablecoin deposits combined stablecoin deposit Just-in-Time before an admin's call to distributeYield the stablecoin deposited by."
369,804fe35b0164,Medium,Upgradeable,Missing Initialization,"Pool designed to be upgradeable but does not set owner, making it un-upgradeable Submitted by Trust, also found by 0xDecorativePineapple, adriro, bin2chen, fs0c, hihen, neko nyaa, philogy, and wait The docs state:<br "" The pool allows user to predeposit ETH so that it can be used when a seller takes their bid. It uses an ERC1967 proxy pattern and only the exchange contract is permitted to make transfers. "" Pool is designed as an ERC1967 upgradeable proxy which handles balances of users in Not Fungible. Users may."
370,bb3018c8812c,Medium,DoS,"Front Run, Nonce","Users can front run the signature of the paymaster operation leading to some problems Submitted by Jorgect also found by cheatc0d3 The paymaster is an extension of the eip-4337, normally the paymaster is willing to pay a user transaction if the account can return the amount of gas at the final of the transaction. In the context of the coinbase smart wallet, the paymaster is the contract call magicSpend.sol, This contract exposes the normal function needed to be a paymaster: function validatePaymasterUserOp."
371,9cc1dc4ae06a,Medium,Input Validation,Duplicate Value,"Duplicate LP token could lead to incorrect reward distribution Submitted by csanuragjain, also found by cccz ConvexMasterChef.sol L96 It was observed that add function is not checking for duplicate lpToken which allows 2 or more pools to have exact same lpToken. This can cause issue with reward distribution In case of duplicate lpToken, lpSupply will become incorrect ConvexMasterChef.sol L160 , hence rewards will be calculated incorrectly 1. Owner call add function and uses lpToken as A 2. Owner again call add."
372,d562802cb53a,Medium,Upgradeable,Bad Condition,User might be able to double withdraw during migration Submitted by oakcobalt A user might be able to double withdraw during migration in some edge conditions: 1 if their withdrawal tx is included in a batch number the same or after eraFirstPostUpgradeBatch; 2 And if the user finalizeWithdrawal on the old L1ERC20Bridge.sol before L1ERC20Bridge.sol is upgraded. Proof of Concept The current migration process takes place in steps which might allow edge conditions to occur. StepA: deploy new contracts including.
373,e0d2d83ea351,Medium,ERC4626,Not EIP Compliant,"Vault.maxWithdraw returns asset amount that is too big for Vault.withdraw Submitted by koxuan < < < ERC4626 standard requires maxWithdraw to return the maximum amount of underlying assets that can be withdrawn from the owner balance with a single withdraw call. withdraw in Vault implements a fee which is not calculated in maxWithdraw in Vault. Therefore, upstream contracts that call maxWithdraw and use the return value for withdraw will always revert. Proof of Concept Upstream contract calls maxWithdraw to."
374,97843b77b287,High,Accounting Error,Incorrect Formula,"Single under-funded protocol can break paying off debt Submitted by cmichel, also found by walker and gpersoon The SherXERC20.payOffDebtAll function iterates over all protocols of the token. If a single project does not have enough funds to cover the premium payments, the transactions come to a halt, see payOffDebt: Many core functions require paying off debt first and can therefore revert when a single protocol cannot pay the token premium: - setTokenPrice - setProtocolPremium - withdrawProtocolBalance - redeem -."
375,97843b77b287,High,Accounting Error,Incorrect Formula,"Bug A critical bug in bps function Submitted by hrkrshnn, also found by jonah1005 and walker The above function is designed to expect the token at the end of calldata, but a malicious user can inject extra values at the end of calldata and fake return values. The following contract demonstrates an example: This example can be used to exploit the protocol: State token Token1. Let's say there is a more expensive token Token2. Here's an example exploit: All the calculations on ps would be done on Token2, but at the."
376,9befb133ee74,High,ERC4626,Inflation Attack,"Incorrect use of operator leads to arbitrary minting of GVT tokens Submitted by 0xRajeev, also found by pauliax and gpersoon The distributeStrategyGainLoss function distributes any gains or losses generated from a harvest and is expected to be called only by valid protocol vault adaptors. It is an externally visible function and the access control is indirectly enforced on msg.sender by checking that vaultIndexes msg.sender is a valid index range 1-4. However, the operator used in the require is || instead of &&."
377,dd17040a53bc,High,Accounting Error,Incorrect Formula,"It might not be possible to withdraw tokens from the basket Submitted by Czar102, also found by csanuragjain When enough basket token owners exit, it will be impossible to exit pool with the last MIN AMOUNT tokens because of this check. This will result in locking some tokens forever. Recommended Mitigation Steps Consider resigning from this check or performing it only for the owner balance, who would need to have at least MIN AMOUNT tokens. loki-sama Amun disagreed with severity 0xleastwood Judge commented Nice."
378,9cc1dc4ae06a,High,Accounting Error,Incorrect Formula,User can forfeit other user rewards Submitted by csanuragjain ExtraRewardsDistributor.sol L127 User can forfeit other user rewards by giving a higher \ startIndex in getReward function. 1. Assume User B has not received any reward yet so that his userClaims\ \ token \ User B =0 2. User A calls getReward function with \ account as User B and \ startIndex as 5 3. This eventually calls \ allClaimableRewards at ExtraRewardsDistributor.sol L213 which computes epochIndex =5 0?5:0 = 5 4. Assuming tokenEpochs is 10 and.
379,0315ba9d8121,High,Arithmetic,Precision Loss,"isolateRepay lack of check onBehalf == nftOwner Submitted by bin2chen When calling isolateRepay we can specify nftTokenIds and onBehalf. The current implementation just restricts onBehalf!=address 0 and does not restrict onBehalf == nftOwner. This way, we can maliciously specify onBehalf!=nftOwner and when the method is executed userScaledIsolateBorrow onBehalf will be maliciously reduced. When the victim makes a real repayment or is liquidated, it will not be repaid or liquidated due to insufficient."
380,0315ba9d8121,High,Access Control,Centralization Risk,"erc721DecreaseIsolateSupplyOnLiquidate missing clear lockerAddr Submitted by bin2chen also found by oakcobalt When isolateLiquidate supplyAsCollateral=false is executed, finally erc721DecreaseIsolateSupplyOnLiquidate will be executed and the NFT will be transferred to the user. We know from the above code that this method does not clear the tokenData.lockerAddr, so now tokenData is: - erc721TokenData\ NFT\ 1 .owner = 0 - erc721TokenData\ NFT\ 1 .supplyMode = 0 - erc721TokenData\ NFT\ 1 .lockerAddr = address."
381,e0d2d83ea351,High,ERC4626,Inflation Attack,"BeefyAdapter malicious vault owner can use malicious \ beefyBooster to steal the adapter's token Submitted by bin2chen also found by Ch\ 301 rvierdiiev and 0xTraub Malicious vault owner can use Malicious \ beefyBooster to steal the adapter's token. When creating a BeefyAdapter, the vault owner can specify the \ beefyBooster. The current implementation does not check if the \ beefyBooster is legitimate or not, and worse, it \ beefyVault.approve to the \ beefyBooster during initialization. The code is as follows: As."
382,e0d2d83ea351,High,Reentrancy,Violating CEI / Missing nonReentrant,First vault depositor can steal other's assets Submitted by 0xNineDec also found by 0xBeirao peanuts immeas nadin Breeje Qeew Josiah RaymondFam 0xNazgul rbserver KIntern\ NA giovannidisiena MyFDsYours koxuan gjaldon Blockian savi0ur 0xRajkumar CRYP70 chaduke Ruhum rvi0x and UdarTeam The first depositor can be front run by an attacker and as a result will lose a considerable part of the assets provided. The vault calculates the amount of shares to be minted upon deposit to every user via the convertToShares.
383,099243e83259,High,ERC4626,Inflation Attack,"Sender transferring GiantMevAndFeesPool tokens can afterward experience pool DOS and orphaning of future rewards Submitted by 9svR6w also found by JTJabba unforgiven and aphak5010 When a user transfers away GiantMevAndFeesPool tokens, the pool's claimed\ computed is left unchanged and still corresponds to what they had claimed with their old higher number of tokens. See GiantMevAndFeesPool afterTokenTransfer - no adjustment is made to claimed\ on the from side. As a result, their claimed\ may be higher than the."
384,099243e83259,High,ERC4626,Inflation Attack,Possible reentrancy and fund theft in withdrawDETH of GiantSavETHVaultPool because there is no whitelist check for user provided Vaults and there is no reentrancy defense Submitted by unforgiven Function withdrawDETH in GiantSavETHVaultPool allows a user to burn their giant LP in exchange for dETH that is ready to withdraw from a set of savETH vaults. This function make external calls to user provided addresses without checking those addresses and send increased dETH balance of contract during the call to user..
385,1d8f1f43cde9,Medium,"Chainlink,Oracle",Stale Value,"OracleRef assumes backup oracle uses the same normalizer as main oracle Submitted by cmichel OracleRef.sol L104 The OracleRef assumes that the backup oracle uses the same normalizer as the main oracle.<br This generally isn't the case as it could be a completely different oracle, not even operated by Chainlink.<br If the main oracle fails, the backup oracle could be scaled by a wrong amount and return a wrong price which could lead to users being able to mint volt cheap or redeem volt for inflated underlying."
386,2c5e13b4e147,Medium,Upgradeable,Missing Initialization,"The Gravity.sol should have pause/unpause functionality Submitted by defsec In case a hack is occuring or an exploit is discovered, the team or validators in this case should be able to pause functionality until the necessary changes are made to the system. Additionally, the gravity.sol contract should be manged by proxy so that upgrades can be made by the validators. Because an attack would probably span a number of blocks, a method for pausing the contract would be able to interrupt any such attack if."
387,2c5e13b4e147,Medium,Accounting Error,Incorrect Formula,"Calls inside loops that may address DoS Submitted by sorrynotsorry Calls to external contracts inside a loop are dangerous especially if the loop index can be user-controlled because it could lead to DoS if one of the calls reverts or execution runs out of gas. Reference Gravity.sol L453-L456 Gravity.sol L568-L573 Gravity.sol L579-L581 Avoid combining multiple calls in a single transaction, especially when calls are executed as part of a loop.<br Always assume that external calls can fail.<br Implement the."
388,97843b77b287,Medium,Accounting Error,Incorrect Formula,"Incorrect internal balance bookkeeping Submitted by walker, also found by cmichel and shw The sherlock smart contract system uses internal bookkeeping of arbitrary ERC20 token balances. It doesn't assert that the ERC20 doesn't implement some non-standard behavior. For example, deflationary tokens, or tokens with a transfer fee, will result in incorrect internal balances. In summary, an attacker can perform stake and deposit actions without actually depositing the amount that sherlock assumes. As a result, an."
389,97843b77b287,Medium,Accounting Error,Incorrect Formula,"doSherX optimistically assumes premiums will be paid Submitted by cmichel The doSherX function does not attempt to pay off the accrued premiums ""pay off debt"" for most tokens, only for the ones that would otherwise revert the tx: The amounts = LibSherX.calcUnderlying totalSherX array is an optimistic view assuming all outstanding, accrued premiums would indeed be paid until now. However, it could be that a protocol does not have enough balance to pay out these premiums and updating the state using."
390,c20104cb90d7,Medium,Access Control,Centralization Risk,"Critical variables shouldn't be changed after they are set Submitted by pedroais, also found by AuditsAreUS, BowTiedWardens, defsec, GimelSec, gzeon, IllIllI, leastwood, and WatchPug ForgottenRunesWarriorsMinter.sol L564 ForgottenRunesWarriorsMinter.sol L571 ForgottenRunesWarriorsMinter.sol L557 ForgottenRunesWarriorsMinter.sol L571 The price for the dutch auction could be altered. I previously sent an issue about start time being settable more than once. This also happens for many other variables. Since they are."
391,4ef0b4d678ab,Medium,Arithmetic,Precision Loss,"Price will not always be 18 decimals, as expected and outlined in the comments Submitted by obront also found by cryptostellar5 Tricko CRYP70 0xmuxyz koxuan 8olidity yixxas cozzetti ktg and ladboy233 The price function is expected to return the price of one fractional tokens, represented in base tokens, to 18 decimals of precision. This is laid out clearly in the comments: /// @notice The current price of one fractional token in base tokens with 18 decimals of precision.<br /// @dev Calculated by dividing the base."
392,4ef0b4d678ab,Medium,Arithmetic,Precision Loss,"Rounding error in buyQuote might result in free tokens Submitted by Zarf also found by minhtrng Franfran Apocalypto adriro 0xDave wait unforgiven Jeiwan hansfriese bytehat UNCHAIN rajatbeladiya CRYP70 hihen koxuan kiki\ dev yixxas and chaduke In order to guarantee the contract does not become insolvent, incoming assets should be rounded up, while outgoing assets should be rounded down. The function buyQuote calculates the amount of base tokens required to buy a given amount of fractional tokens. However, this."
393,9befb133ee74,Medium,ERC4626,Inflation Attack,"BaseVaultAdaptor assumes sharePrice is always in underlying decimals Submitted by cmichel The two BaseVaultAdaptor.calculateShare functions compute share = amount.mul uint256 10 decimals .div sharePrice This assumes that the sharePrice is always in token decimals and that token decimals is the same as vault decimals. Both these assumptions happen to be correct for Yearn vaults, but that will not necessarily be the case for other protocols. As this functionality is in the BaseVaultAdaptor, and not in the specific."
394,9befb133ee74,Medium,Flashloan,Invalid Validation,"Flash loan risk mitigation is optional and not robust enough Submitted by 0xRajeev The switchEoaOnly allows the owner to disable preventSmartContracts the projects plan apparently is to do so after the beta-period which will allow any smart contract to interact with the protocol and potentially exploit any underlying flash loan vulnerabilities which are specified as an area of critical concern. The current mitigation is to optionally prevent contracts, except whitelisted partner ones, from interacting with the."
395,e6e43dfea59f,Medium,MEV,Front Run,"Guaranteed citadel profit Submitted by georgypetrov User can sandwich mintAndDistribute function if mintable is high enough Deposit before Withdraw after Take after 21 days citadels mintAndDistribute increase a price of staking share, that allows to withdraw more than deposited. user takes part of distributed citadels, so different users have smaller profit from distribution Recommended Mitigation Steps Call mintAndDistribute through flashbots GalloDaSballo BadgerDAO confirmed, disagreed with severity and."
396,7b5e1803022e,Medium,Arithmetic,Precision Loss,The logic of isUnderlying in NotionalTradeModule is wrong which will cause mintFCashPosition and redeemFCashPosition revert on fcash tokens which asset token is underlying token asset.tokenType == TokenType.NonMintable Submitted by unforgiven For some fcash the asset token is underlying token asset.tokenType == TokenType.NonMintable and NotionalV2 will not handle minting or burning when it is called with useUnderlying==True for those fcashs according to what I asked from sponsor . In summery most of the logics in.
397,7b5e1803022e,Medium,Accounting Error,Incorrect Formula,"IsWrappedFcash check is a gas bomb Submitted by jonah1005 In the isWrappedFCash check, the notionalTradeModule check whether the component is a wrappedCash with the following logic. The above logic is dangerous when fCashPosition do not revert on getDecodedID but instead give a wrong format of return value. The contract would try to decode the return value into returns uint16 currencyId, uint40 maturity and revert. The revert would consume what ever gas it's provided. CETH is an example. There's a fallback."
398,dd17040a53bc,Medium,Accounting Error,Incorrect Formula,"fees calculations are not accurate Submitted by certora after that fee is calculated, it is minted to the feeBeneficiary. simply minting the exact amount results lower fee than it should be. feeBeneficiary will get less fees than it should. Proof of Concept let's assume that the basket assets are worth 1M dollars, and totalSupply = 1M. the result of calcOutStandingAnnualizedFee is 100,00 so the feeBeneficiary should get 100,00 dollars. however, when minting 100,00 the totalSupply will increase to 1,100,000 so they."
399,198fa93fabdd,Medium,ERC4626,Inflation Attack,"PNM-004 Calculation of secondaryReserveRatio can be overflowed Submitted by PwnedNoMore, also found by ych18 uint32 secondaryReserveRatio = uint32 msg.value SCALE 1e18 / initialTokenSupply initialTokenPrice ; secondaryReserveRatio can be overflowed by setting a relatively small initialTokenSupply and initialTokenPrice. The result will be truncated by uint32, causing an overflow. This overflow can bypass all the checks in function initialize. Any following functionality will be impacted since the."
400,b7fc4d82013a,Medium,Access Control,Centralization Risk,"Change in auctionMultiplier/auctionDecrement change profitability of auctions and factory can steal all tokens from a basket abusing it Submitted by 0x0x0x When factory changes auctionMultiplier or auctionDecrement profitability of bonded auctions change. There is no protection against this behaviour. Furthermore, factory owners can decide to get all tokens from baskets where they are bonded for the auction. 1- Factory owners call bondForRebalance for an auction. 2- Factory owners sets auctionMultiplier as 0 and."
