Property,repo_path,severity,tag,subtag,description
1,0315ba9d8121,High,Arithmetic,Precision Loss,IsolateRepay() lack of check onBehalf == nftOwner When calling isolateRepay() we can specify nftTokenIds and onBehalf.
2,0315ba9d8121,High,Access Control,Centralization Risk,"Erc721DecreaseIsolateSupplyOnLiquidate() missing clear lockerAddr When isolateLiquidate(supplyAsCollateral=false) is executed, finally erc721DecreaseIsolateSupplyOnLiquidate() will be executed and the NFT will be transferred to the user."
3,0315ba9d8121,High,Liquidation,Implementation Error,"Revert due to underflow error, leading to lock of the liquidated NFT The IsolateLogic.sol executeIsolateAuction() is triggered by liquidators to launch a new auction or just participate in an existing one for isolated lending."
4,0315ba9d8121,High,Liquidation,Incorrect Parameter,"Bad debt is never handled which places insolvency risks on BendDAO Bad debt is never handled, which may happen whenever the collateral asset price crashes or the debt value spikes."
5,0315ba9d8121,High,Accounting Error,Incorrect Formula,"Users cannot unstake from YiedlETHStakingEtherfi.sol, because YieldAccount.sol is incompatible with ether.fi's WithdrawRequestNFT.sol In YiedlETHStakingEtherfi::stake, users yieldBorrow WETH, convert it to ETH, and stake in Ether.fi's LiquidityPool."
6,0315ba9d8121,High,Liquidation,Implementation Error,"Anyone can get the NFT collateral token after an Auction without bidding due to missing check on msg.sender In IsolateLogic.sol, liquidation of an isolate loan can only be placed after the auction period is passed with bidding."
7,0315ba9d8121,High,Accounting Error,Incorrect Formula,"The bot won't be able to unstake or repay risky positions in the yield contract When botAdmin attempts to unstake and repay risky positions, wrong account address will be used, causing the transaction to fail."
8,0315ba9d8121,High,Accounting Error,Incorrect Formula,"Mismatch between yield amount deposited in shares calculation and getAccountYieldBalance() Mismatch between the return amount in all yield Etherfi and Lido assets and the getAccountYieldBalance() call causes the yield amount of each staked nft to the same YieldAccount to be incorrect, leading to the possibility of withdrawing the excess for some nfts while being closer to liquidation on others"
9,0315ba9d8121,Medium,Chainlink,"Missing Return Check, Stale Value","PriceOracle has invalid checks on price staleness There are two checks on price staleness in PriceOracle::getAssetPriceFromChainlink, but both checks are invalid."
10,0315ba9d8121,Medium,Accounting Error,Incorrect Formula,Borrower can prevent yield position repayment and closure by the bot User may revoke the underlying asset approval from the yield contract and prevent the botAdmin from repaying and closing his position.
11,0315ba9d8121,Medium,Liquidation,Does not match with Doc,"Incorrect accounting of utilization, supply/borrow rates due to vulnerable implementation in IsolateLogic::executeIsolateLiquidate When an isolate loan (borrow against a single nft token) is auctioned and liquidated, the liquidator (caller of IsolateLogic::executeIsolateLiquidate) may need to repay extra amount of debt (vars.totalExtraAmount) if the bid amount doesn't fully cover total debt (vars.totalBorrowAmount)."
12,0315ba9d8121,Medium,Accounting Error,Incorrect Formula,It's impossible to retrieve collected fines from the yield staking contract No means to retrieve collected fines from the staking contract.
13,0315ba9d8121,Medium,Accounting Error,Incorrect Formula,"Incorrect unwrapNativeTokenInWallet receiver address If the user specifies native tokens as output assets, the protocol will mistakenly try to unwrap wrapped tokens from the msg.sender instead of the receiver address that was specified in the function call."
14,0315ba9d8121,Medium,Logic Error,Bad Condition,"Changing auction duration will have effect on ongoing auctions Auctions created before the auction duration was changed will have their duration shortened/extended, which may catch their participants off guard."
15,0315ba9d8121,Medium,Accounting Error,Incorrect Formula,Updating fee factor may create issues for the protocol When the protocol fee is modified in the Configurator module: - The new fee percentage will be applied to the interest collected before the fee change.
16,0315ba9d8121,Medium,Accounting Error,Incorrect Formula,"Protocol should update interest rate after changing rate model in the configurator module After updating the interest model, the protocol does not update the interest rate, resulting in interest being calculated at the old model rates for some time."
17,0315ba9d8121,Medium,"DoS, Liquidation",Bad Condition,Updating asset collateral params can lead to liquidate borrowers arbitrarily One of the key concepts in this protocol is Cross Lending when the contract will calculate the health-factor of the account.
18,0315ba9d8121,Medium,"Chainlink,Oracle",Stale Value,No check if Arbitrum/Optimism L2 sequencer is down in Chainlink feeds PriceOracle.sol Chainlink recommends that all Optimistic L2 oracles consult the Sequencer Uptime Feed to ensure that the sequencer is live before trusting the data returned by the oracle.
19,0315ba9d8121,Medium,DoS,Invalid Validation,"ExecuteYieldBorrowERC20() checking yieldCap is wrong In executeYieldBorrowERC20(), we will check whether stakerAddr exceeds yieldCap."
20,0315ba9d8121,Medium,Accounting Error,Incorrect Formula,IsolateRedeem() revert in case Revert-on-zero-value-transfers tokens One of the features of this protocol is that the borrower can redeem his loan (under the Isolate Lending ) after his loan goes into auction state (before the end of the auction) by simply invoking IsolateLiquidation.sol isolateRedeem().
21,0315ba9d8121,Medium,Accounting Error,Incorrect Formula,"User are forced to borrow again in order to unlock their NFTs from IsolateLending.sol Isolated Margin Lending the BendDAO protocol will calculate the health factor based on a single collateral (one NFT), the liquidation of collateral will be achieved by selling the NFT through an auction mechanism."
22,0315ba9d8121,Medium,"Accounting Error, ERC20",Fee On Transfer Token,Fee-on-Transfer tokens problems in multiple places The protocol is designed to ensure it is compatible with fee-on-transfer tokens (Fee-on-transfer is in scope).
23,0315ba9d8121,Medium,Accounting Error,State Update Inconsistency,"YieldEthStakingLido lacks a limit on the max stake amount, which may result in the unstake exceeding MAX STETH WITHDRAWAL AMOUNT, resulting in the token not being retrieved In YieldEthStakingLido, the main processes are as follows: 1."
24,0315ba9d8121,Medium,DoS,Invalid Validation,WrapNativeTokenInWallet() always reverts on Arbitrum VaultLogic.wrapNativeTokenInWallet() is used in a number of places It's mainly used to store msg.value into WETH and then transfer it to msg.sender.
25,0315ba9d8121,Medium,Accounting Error,Incorrect Formula,"Unhandled request invalidation by the owner of Etherfi will lead to stuck debt The owner of Etherfi has the ability to invalidate withdrawal requests, which will DoS YieldEthStakingEtherfi::protocolClaimWithdraw() without ever repaying the debt."
26,0315ba9d8121,Medium,Accounting Error,Incorrect Formula,"If an isolated borrower/bidder is blacklisted by the debt token, risk of DOS liquidation/auction of the corresponding loan If a debt asset has a blacklisting feature (e.g., USDC), and an isolated borrower/bidder is blacklisted by the asset token, isolated liquidation/auction of the corresponding loan can be DOSsed."
27,0315ba9d8121,Medium,Accounting Error,Incorrect Formula,"Risk of mass liquidation after pool/asset pause and unpause, due to borrow interest compounding implementation Current pausing features allow a pool to be globally paused (all assets borrow, repay, liquidation pausing) and asset pausing (specific asset borrow, repay, liquidation pausing)."
28,0315ba9d8121,Medium,Liquidation,Does not match with Doc,"Major insolvency risk in LiquidationLogic::executeCrossLiquidateERC721() due to not setting a maximum liquidation price Whenever the price of a nft suffers a significant drop or the debt asset increases in price, there is a threshold after which liquidations are not profitable at all for the liquidator."
29,099243e83259,High,Accounting Error,Incorrect Formula,"Unstaking does not update the mapping sETHUserClaimForKnot If a user stakes some sETH, and after some time decides to unstake some amount of sETH, later s/he will not be qualified or be less qualified to claim ETH on the remaining staked sETH."
30,099243e83259,High,Accounting Error,Incorrect Formula,"Reentrancy in LiquidStakingManager.sol withdrawETHForKnow leads to loss of fund from smart wallet The code below violates the check effect pattern, the code banned the public key to mark the public key invalid to not let the msg.sender withdraw again after sending the ETH."
31,099243e83259,High,ERC4626,Inflation Attack,Incorrect accounting in SyndicateRewardsProcessor results in any LP token holder being able to steal other LP tokens holder's ETH from the fees and MEV vault The SyndicateRewardsProcessor's internal distributeETHRewardsToUserForToken()
32,099243e83259,High,Accounting Error,Incorrect Formula,Giant pools can be drained due to weak vault authenticity check
33,099243e83259,High,Accounting Error,Incorrect Formula,"Reentrancy vulnerability in GiantMevAndFeesPool.withdrawETH GiantMevAndFeesPool.withdrawETH calls lpTokenETH.burn, then GiantMevAndFeesPool.beforeTokenTransfer, followed by a call to distributeETHRewardsToUserForToken sends ETH to the user, which allows the user to call any function in the fallback."
34,099243e83259,High,Accounting Error,Incorrect Formula,BringUnusedETHBackIntoGiantPool in GiantMevAndFeesPool can be used to steal LPTokens real LPTokens can be transferred out of GiantMevAndFeesPool through fake stakingFundsVaults provided by an attacker.
35,099243e83259,High,Accounting Error,Incorrect Formula,Theft of ETH of free floating SLOT holders A malicious user can steal all claimable ETH belonging to free floating SLOT holders...
36,099243e83259,High,Accounting Error,Incorrect Formula,"Any user being the first to claim rewards from GiantMevAndFeesPool can unexepectedly collect them all Any user being the first to claim rewards from GiantMevAndFeesPool, can get all the previously generated rewards whatever the amount and even if he did not participate to generate those rewards..."
37,099243e83259,High,Accounting Error,Incorrect Formula,Possibly reentrancy attacks in distributeETHRewardsToUserForToken function The root of the problem is in the distributeETHRewardsToUserForToken which makes a call to distribute the ether rewards.
38,099243e83259,High,Accounting Error,Incorrect Formula,WithdrawETH() in GiantPoolBase don't call distributeETHRewardsToUserForToken() or onWithdraw() which would make users to lose their remaining rewards Function distributeETHRewardsToUserForToken() is used to distribute remaining reward of user and it's called in onWithdraw() of GiantMevAndFeesPool.
39,099243e83259,High,Accounting Error,Incorrect Formula,Old stakers can steal deposits of new stakers in StakingFundsVault Stakers to the MEV+fees vault can steal funds from the new stakers who staked after a validator was registered and the derivatives were minted.
40,099243e83259,High,Accounting Error,Incorrect Formula,User loses remaining rewards in GiantMevAndFeesPool when new deposits happen because onDepositETH [ () set claimed[][] to max without transferring user remaining rewards When depositETH() is called in giant pool it calls onDepositETH() which calls setClaimedToMax() to make sure new ETH stakers are not entitled to ETH earned by but this can users to lose their remaining rewards when they deposits.
41,099243e83259,High,Accounting Error,Incorrect Formula,"Fund lose in function bringUnusedETHBackIntoGiantPool() of GiantSavETHVaultPool ETH gets back to giant pool but the value of idleETH don't increase Variable idleETH in giant pools is storing total amount of ETH sat idle ready for either withdrawal or depositing into a liquid staking network and whenever a deposit or withdraw happens contract adjust the value of idleETH of contract, but in function bringUnusedETHBackIntoGiantPool() which brings unused ETH from."
42,099243e83259,High,ERC4626,Inflation Attack,Possible reentrancy and fund theft in withdrawDETH() of GiantSavETHVaultPool because there is no whitelist check for user provided Vaults and there is no reentrancy defense Function withdrawDETH() in GiantSavETHVaultPool allows a user to burn their giant LP in exchange for dETH that is ready to withdraw from a set of savETH vaults.
43,099243e83259,High,Accounting Error,"Implementation Error, No Recovery Mechanism","Sender transferring GiantMevAndFeesPool tokens can afterward experience pool DOS and orphaning of future rewards When a user transfers away GiantMevAndFeesPool tokens, the pool's claimed[] computed is left unchanged and still corresponds to what they had claimed with their old (higher) number of tokens."
44,099243e83259,High,Accounting Error,Incorrect Formula,Protocol insolvent - Permanent freeze of funds 1.
45,099243e83259,High,Accounting Error,Incorrect Formula,GiantMevAndFeesPool.bringUnusedETHBackIntoGiantPool function loses the addition of the idleETH which allows attackers to steal most of eth from the Giant Pool The contract GiantMevAndFeesPool override the function totalRewardsReceived: return address(this).balance + totalClaimed - idleETH; The function totalRewardsReceived is used as the current rewards balance to caculate the unprocessed rewards in the function SyndicateRewardsProcessor.
46,099243e83259,High,Accounting Error,Incorrect Formula,Function withdrawETH from GiantMevAndFeesPool can steal most of eth because of idleETH is reduced before burning token The contract GiantMevAndFeesPool override the function totalRewardsReceived: return address(this).balance + totalClaimed - idleETH; The function totalRewardsReceived is used as the current rewards balance to caculate the unprocessed rewards in the function SyndicateRewardsProcessor.
47,099243e83259,High,Accounting Error,Incorrect Formula,"BringUnusedETHBackIntoGiantPool can stuck ether funds in Giant Pool withdrawUnusedETHToGiantPool will withdraw any eth from the vault if staking has not commenced(knot status is INITIALS REGISTERED), the eth will be drawn successful to the giant pool."
48,099243e83259,High,ERC20,Missing Return Check,"GiantLP with a transferHookProcessor cant be burned, users' funds will be stuck in the Giant Pool The GiantLP with a transferHookProcessor will call transferHookProcessor.beforeTokenTransfer( from, to, amount) when it's transferred / minted / burned."
49,099243e83259,High,Accounting Error,Incorrect Formula,Rewards of GiantMevAndFeesPool can be locked for all users Any malicious user could make the rewards in GiantMevAndFeesPool inaccessible to all other users...
50,099243e83259,Medium,Accounting Error,Incorrect Formula,"Incorrect implementation of the ETHPoolLPFactory.sol rotateLPTokens let user stakes ETH more than maxStakingAmountPerValidator in StakingFundsVault, and DOS the stake function in LiquidStakingManager"
51,099243e83259,Medium,Accounting Error,Incorrect Formula,OwnableSmartWallet: Multiple approvals can lead to unwanted ownership transfers The OwnableSmartWallet contract employs a mechanism for the owner to approve addresses that can then claim ownership ( of the contract.
52,099243e83259,Medium,Accounting Error,Incorrect Formula,Freezing of funds - Hacker can prevent users withdraws in giant pools A hacker can prevent users from withdrawing dETH or LPTokens in giant pools.
53,099243e83259,Medium,DoS,Invalid Validation,Rotating LPTokens to banned BLS public key It is possible to rotate LPTokens to a banned BLS public key.
54,099243e83259,Medium,Accounting Error,Incorrect Formula,Giant pools cannot receive ETH from vaults Both giant pools are affected: 1.
55,099243e83259,Medium,Accounting Error,Incorrect Formula,Attacker can grift syndicate staking by staking a small amount LiquidStakingManager.
56,099243e83259,Medium,Accounting Error,Incorrect Formula,"When users transfer GiantLP, some rewards may be lost GiantMevAndFeesPool.beforeTokenTransfer will try to distribute the user's current rewards to the user when transferring GaintLP, but since beforeTokenTransfer will not call StakingFundsVault.claimRewards to claim the latest rewards, thus making the calculated accumulatedETHPerLPShare smaller and causing the user to."
57,099243e83259,Medium,DoS,Invalid Validation,"Banned BLS public keys can still be registered In registerBLSPublicKeys, it should be checked (according to the comment and error) if a BLS public key is part of the LSD network and not banned: However, this is not actually checked."
58,099243e83259,Medium,"Chainlink, Oracle",Stale Value,Funds are not claimed from syndicate for valid BLS keys of first key is invalid (no longer part of syndicate). claimRewards in StakingFundsVault.sol has this code: if (i == 0 && !Syndicate(payable(liquidStakingNetworkManager.syndicate())).isNoLongerPartOfSyndicate( blsPubKeys[i])) { // Withdraw any ETH accrued on free floating SLOT from syndicate to this contract // If a partial list of BLS keys that have free floating staked.
59,099243e83259,Medium,Accounting Error,Incorrect Formula,"DAO or lsdn owner can steal funds from node runner DAO or LSD network owner can swap node runner of the smart contract to their own eoa, allowing them to withdrawETH or claim rewards from node runner."
60,099243e83259,Medium,Accounting Error,Incorrect Formula,GiantPool should not check ETH amount on withdrawal The GiantPoolBase.withdrawETH function requires that the amount to withdraw is at least as big as the MIN STAKING AMOUNT ( This check does not serve any purpose and can actually the user problems when withdrawing his ETH.
61,099243e83259,Medium,Accounting Error,Incorrect Formula,"EIP1559 rewards received by syndicate during the period when it has no registered knots can be lost When the deRegisterKnotFromSyndicate function is called by the DAO, the deRegisterKnot function is eventually called to execute numberOfRegisteredKnots -= 1."
62,099243e83259,Medium,Accounting Error,Incorrect Formula,GiantPool batchRotateLPTokens function: Minimum balance for rotating LP Tokens should by dynamically calculated The GiantSavETHVaultPool and GiantMevAndFeesPool both have a batchRotateLPTokens function that allows to move staked ETH to another key.
63,099243e83259,Medium,Accounting Error,Incorrect Formula,Adding non EOA representative It is not allowed to add non-EOA representative to the smart wallet.
64,099243e83259,Medium,Accounting Error,Incorrect Formula,Withdrawing wrong LPToken from GiantPool leads to loss of funds The GiantPoolBase.withdrawLPTokens function ( allows to withdraw LP tokens from a GiantPool by burning an equal amount of GiantLP.
65,099243e83259,Medium,Slippage,Missing minOut / maxAmount,Vaults can be griefed to not be able to be used for deposits Interaction with SavETHVault and StakingFundsVault require a minimum amount of MIN STAKING AMOUNT.
66,099243e83259,Medium,EIP712,Nonce,Cross-chain replay attacks are possible with deployLPToken Mistakes made on one chain can be re-applied to a new chain.
67,099243e83259,Medium,Accounting Error,State Update Inconsistency,"Giant pools are prone to user griefing, preventing their holdings from being staked batchRotateLPTokens in GiantMevAndFeesPool allows any user to rotate LP tokens of stakingFundsVaults around."
68,099243e83259,Medium,Accounting Error,Incorrect Formula,User receives less rewards than they are eligible for if first passed BLS key is inactive StakingFundsVault has the claimRewards() function to allow users to withdraw profits.
69,099243e83259,Medium,Access Control,Centralization Risk,"RotateNodeRunnerOfSmartWallet is vulnerable to a frontrun attack As the rotateNodeRunnerOfSmartWallet function can be called by anyone who is a node runner in the LSD network, this function is vulnerable to a frontrun attack in the case of this node runner being malicious."
70,099243e83259,Medium,Accounting Error,Incorrect Formula,"Compromised or malicious DAO can restrict actions of node runners who are not malicious When calling the deployNewLiquidStakingDerivativeNetwork function, dao is not required to be an address that corresponds to a governance contract."
71,099243e83259,Medium,Accounting Error,Incorrect Formula,Incorrect checking in assertUserHasEnoughGiantLPToClaimVaultLP The batch operations of withdrawDETH() in GiantSavETHVaultPool.sol and withdrawLPTokens() in GiantPoolBase.sol are meaningless because they will fail whenever more than one lpToken is passed.
72,099243e83259,Medium,Accounting Error,Incorrect Formula,"Node runner who is already known to be malicious cannot be banned before corresponding smart wallet is created Currently, the rotateNodeRunnerOfSmartWallet function provides the only way to set bannedNodeRunners to true for a malicious node runner."
73,099243e83259,Medium,Accounting Error,Incorrect Formula,Calling updateNodeRunnerWhitelistStatus function always reverts
74,099243e83259,Medium,Accounting Error,Incorrect Formula,ETH sent when calling executeAsSmartWallet function can be lost Calling the executeAsSmartWallet function by the DAO further calls the OwnableSmartWallet.execute function.
75,099243e83259,Medium,Accounting Error,Incorrect Formula,"SmartWallet address is not guaranteed correct. ETH may be lost Liquid staking manager call function withdrawETHForStaking(address smartWallet, uint256 amount) to withdraw ETH for staking."
76,099243e83259,Medium,Accounting Error,Incorrect Formula,DAO admin in LiquidStakingManager.sol can rug the registered node operator by stealing their fund in the smart wallet via arbitrary execution. DAO admin in LiquidStakingManager.sol can rug the registered node operator by stealing their fund via arbitrary execution.
77,099243e83259,Medium,Accounting Error,Incorrect Formula,Address.isContract() is not a reliable way of checking if the input is an EOA The underlying assumption of eoaRepresentative being an EOA can be untrue.
78,099243e83259,Medium,Accounting Error,Incorrect Formula,DETH / ETH / LPTokenETH can become depegged due to ETH 2.0 reward slashing I want to quote the info from the doc: SavETH Vault - users can pool up to 24 ETH where protected staking ensures no-loss.
79,099243e83259,Medium,Accounting Error,Incorrect Formula,"GiantMevAndFeesPool.previewAccumulatedETH function: ""accumulated"" variable is not updated correctly in for loop leading to result that is too low The GiantMevAndFeesPool.previewAccumulatedETH function ( allows to view the ETH that is accumulated by an address."
80,099243e83259,Medium,Access Control,Centralization Risk,Node runners can lose all their stake rewards due to how the DAO commissions can be set to a 100% Node runners can have all their stake rewards taken by the DAO as commissions can be set to a 100%.
81,40cc38c69cca,High,DoS,Front Run,"A malicious actor can snipe the mempool to bond as soon as an auction starts; because only the bonder can settle and the bond can't be burned for 24 hours, the auction and funds remain frozen."
82,40cc38c69cca,Medium,"DoS, Input Validation",Invalid Validation,The function Factory.setAuctionDecrement() allows the owner to set the state variable Factory.auctionDecrement to zero.If Factory.auctionDecrement equals zero then the function Auction.settleAuction() will always revert due to a division by zero.
83,40cc38c69cca,Medium,"DoS, Input Validation",Invalid Validation,The function Factory.setBondPercentDiv() allows the owner to set the state variable Factory.bondPercentDiv to zero.If Factory.bondPercentDiv equals zero then the function Auction.bondForRebalance() will always revert due to a division by zero.
84,40cc38c69cca,Medium,Input Validation,"Asset Theft, Invalid Validation","The newRatio decreases over time without a lower bound. A malicious actor can wait until newRatio ibRatio or near zero, bond and settle the auction, and effectively steal most of the basket's assets with minimal required collateral."
85,40cc38c69cca,Medium,Accounting Error,Incorrect Formula,"If all users burn their shares, the totalSupply becomes zero. Subsequent calls to handleFees() will attempt to divide by zero, causing the contract to revert and rendering the Basket permanently unusable."
86,40cc38c69cca,Medium,DoS,Implementation Error,"The mint() function redundantly includes a nonReentrant modifier, despite calling mintTo() which already has it, causing malfunction due to double reentrancy guard and blocking minting functionality."
87,40cc38c69cca,Medium,Accounting Error,Fee On Transfer Token,Fee on transfer tokens transfer less tokens in than what would be expect.This means that the protocol request incorrect amounts when dealing with these tokens.
88,40cc38c69cca,Medium,Reentrancy,Violating CEI / Missing nonReentrant,Function createBasket in Factory should also be nonReentrant as it interacts with various tokens inside the loop and these tokens may contain callback hooks.
89,40cc38c69cca,Medium,"DoS, Input Validation",Invalid Validation,"Function setBondPercentDiv should validate that newBondPercentDiv is not 0, or bondForRebalance will experience division by zero error otherwise."
90,4ef0b4d678ab,High,Accounting Error,Incorrect Formula,"Reentrancy in buy function for ERC777 tokens allows buying funds with considerable discount Current implementation of functions add, remove, buy and sell first transfer fractional tokens, and then base tokens."
91,4ef0b4d678ab,High,Accounting Error,Incorrect Formula,Liquidity providers may lose funds when adding liquidity
92,4ef0b4d678ab,High,Accounting Error,Incorrect Formula,First depositor can break minting of shares
93,4ef0b4d678ab,Medium,Accounting Error,Incorrect Formula,Missing deadline checks allow pending transactions to be maliciously executed The Pair contract does not allow users to submit a deadline for their action.
94,4ef0b4d678ab,Medium,Accounting Error,Incorrect Formula,"Price will not always be 18 decimals, as expected and outlined in the comments The price() function is expected to return the price of one fractional tokens, represented in base tokens, to 18 decimals of precision."
95,4ef0b4d678ab,Medium,Accounting Error,Incorrect Formula,"Rounding error in buyQuote might result in free tokens In order to guarantee the contract does not become insolvent, incoming assets should be rounded up, while outgoing assets should be rounded down."
96,4ef0b4d678ab,Medium,Accounting Error,Incorrect Formula,It's possible to swap NFT token ids without fee and also attacker can wrap unwrap all the NFT token balance of the Pair contract and steal their air drops for those token ids Users can wrap() their NFT tokens (which id is whitelisted) and receive 1e18 fractional token or they can pay 1e18 fractional token and unwrap NFT token.
97,4ef0b4d678ab,Medium,Accounting Error,Incorrect Formula,Pair price may be manipulated by direct transfers An attacker may manipulate the price of a pair by transferring tokens directly to the pair.
98,54405135ebf3,High,Accounting Error,Incorrect Formula,Owner cannot withdraw all interest due to wrong calculation of accrued interest in WithdrawCarry The current withdrawCarry function in the contract underestimates the accrued interest due to a miscalculation.
99,54405135ebf3,Medium,Slippage,Missing minOut / maxAmount,No slippage protection for Market functions
100,54405135ebf3,Medium,Accounting Error,Incorrect Formula,"Users will lose rewards when buying new tokens if they already own some tokens When users purchase new tokens, the old tokens they already own do not receive the fees from this purchase, resulting in a loss of funds for the users."
101,7bbe3d81960c,High,Accounting Error,Incorrect Formula,"Pre-defined limit is different from the spec In the spec, the pre-defined limit of ETH is 0.01 ETHs."
102,7bbe3d81960c,Medium,Accounting Error,Incorrect Formula,"Potential risk of using swappedAmount in case of swap error In case the swap operation failed, the module should continue as is with the erc20 conversion and finish the IBC transfer."
103,804fe35b0164,High,"DoS, Reentrancy",Execution Order Dependency,Direct theft of buyer's ETH funds Exchange.sol L168.
104,804fe35b0164,Medium,Access Control,Centralization Risk,Hacked owner or malicious owner can immediately steal all assets on the platform
105,804fe35b0164,Medium,Upgradeable,Missing Initialization,The finding indicates a medium severity Missing Initialization issue under Upgradeable. The implementation should be reviewed for the vulnerable pattern and its root cause.
106,804fe35b0164,Medium,Accounting Error,Incorrect Formula,Yul call return value not checked Exchange.sol L212-L227 back to the contract - This one for any reason reject the call - The dust stay in the Exchange contract - In the next call of bulkExecute or execute the balance of the Exchange contract(including the old dust) will send to the new caller - The second sender will get the funds of the first.
107,804fe35b0164,Medium,"Accounting Error,Input Validation,Opensea","Asset Theft,Invalid Validation",All orders which use expirationTime == 0 to support oracle cancellation are not executable Exchange.sol L378 internal view returns (bool) { return ( /
108,8a20eb1e521f,Medium,Accounting Error,Incorrect Formula,"Incorrect comparison logic in post-operation checks The doCheckValueType function, which is crucial for post-operation validation, contains reversed comparison logic for the gte (greater than or equal to) and lte (less than or equal to) operators."
109,8a20eb1e521f,Medium,Accounting Error,Incorrect Formula,"Staking ETH incorrectly assumes revert bubbling When EbtcLeverageZapRouter::openCdpWithEth and EbtcLeverageZapRouter::adjustCdpWithEth stake ETH with Lido, the underlying function performing the call assumes that any exceptions (from Lido) will be bubbled up, but with call being a low level rather than a Solidity function, it is not the case."
110,97843b77b287,High,DoS,Bad Condition,Single under-funded protocol can break paying off debt The SherXERC20.payOffDebtAll function iterates over all protocols of the token.
111,97843b77b287,High,Solidity Version,Misuse of Dependency,"Bug] A critical bug in bps function [ [ The above function is designed to expect the token at the end of calldata, but a malicious user can inject extra values at the end of calldata and fake return values."
112,97843b77b287,Medium,Accounting Error,Incorrect Formula,"Yield distribution after large payout seems unfair When a large payout occurs, it will lower unallocatedSherX."
113,97843b77b287,Medium,Accounting Error,Incorrect Formula,Incorrect internal balance bookkeeping The sherlock smart contract system uses internal bookkeeping of arbitrary ERC20 token balances.
114,97843b77b287,Medium,Accounting Error,Incorrect Formula,Reputation risks with updateSolution a function updateSolution to upgrade parts of the contract via the Diamond construction.
115,97843b77b287,Medium,Accounting Error,Incorrect Formula,"DoSherX optimistically assumes premiums will be paid The doSherX function does not attempt to pay off the accrued premiums (""pay off debt"") for most tokens, only for the ones that would otherwise revert the tx: The amounts = LibSherX.calcUnderlying(totalSherX) array is an optimistic view assuming all outstanding, accrued premiums would indeed be paid until now."
116,9befb133ee74,High,Accounting Error,Incorrect Formula,Implicit underflows There are a few underflows that are converted via a typecast afterwards to the expected value.
117,9befb133ee74,High,"Chainlink, Oracle",Stale Value,Buoy3Pool.safetyCheck is not precise and has some assumptions The safetyCheck function has several issues that how precise the checks are: 1.
118,9befb133ee74,High,Access Control,Arbitrary Add/Remove/Set/ Call,Incorrect use of operator leads to arbitrary minting of GVT tokens The distributeStrategyGainLoss() function distributes any gains or losses generated from a harvest and is expected to be called only by valid protocol vault adaptors.
119,9befb133ee74,High,ERC4626,Inflation Attack,SortVaultsByDelta doesn't work as expected The function sortVaultsByDelta doesn't always work as expected.
120,9befb133ee74,Medium,Chainlink,Deprecated Library,Use of deprecated Chainlink function latestAnswer
121,9befb133ee74,Medium,Chainlink,Deprecated Library,Usage of deprecated ChainLink API in Buoy3Pool a delamo The Chainlink API (latestAnswer) used in the Buoy3Pool oracle wrappers is deprecated: This API is deprecated.
122,9befb133ee74,Medium,Bridge,Incorrect Parameter,"Safe addresses can only be added but not removed The addSafeAddress() takes an address and adds it to a ""safe list""."
123,9befb133ee74,Medium,Flashloan,Invalid Validation,The finding indicates a medium severity Invalid Validation issue under Flashloan. The implementation should be reviewed for the vulnerable pattern and its root cause.
124,9befb133ee74,Medium,ERC4626,Inflation Attack,"Early user can break minting The protocol computes a factor when minting (and burning) tokens, which is the exchange rate of rebase to base tokens (base supply / total assets value), see GToken.factor()."
125,9befb133ee74,Medium,Arithmetic,Token Decimal,BaseVaultAdaptor assumes sharePrice is always in underlying decimals The two BaseVaultAdaptor.calculateShare functions compute share = amount.mul(uint256(10) decimals).div(sharePrice) This assumes that the sharePrice is always in token decimals and that token decimals is the same as vault decimals.
126,a3e15237ea08,High,Accounting Error,Rebase Token,THORChain Router tracks does not properly handle rebasing tokens.
127,a3e15237ea08,High,Logic error,Invariant Violation,"One of the main invariant of the protocol is that all the events ThorChain Router emits should be correct, but it breaks in the edge cases of the transferOut(), transferOutV5(), transferOutAndCall() and transferOutAndCallV5(), which emit the wrong to when the."
128,a3e15237ea08,Medium,"ERC20, Solmate",Fee On Transfer Token,"Router assumes transfer(to, A) delivers A, then instructs the aggregator to act on A."
129,a3e15237ea08,Medium,DoS,Incorrect Parameter,"The ETH path in transferOutAndCallV5 re-uses the same msg.value for every item in the batch, and because the target address is fully attacker-controlled and unvalidated, the router ends up sending msg.value once per loop iteration, hence drains its own ETH balance. Deep Dive: - The functions transferOutAndCallV5() and batchTransferOutAndCallV5() both internally invoke transferOutAndCallV5()."
130,a4d91fb1550f,Medium,Accounting Error,Incorrect Formula,"Unchecking the ownership of mph in function distributeFundingRewards could several critical functions to revert In contract MPHMinter, the function distributeFundingRewards does not check whether the contract itself is the owner of mph."
131,a4d91fb1550f,Medium,"Accounting Error, ERC20",Fee On Transfer Token,Incompatability with deflationary / fee-on-transfer tokens The DInterest.deposit function takes a depositAmount parameter but this parameter is not the actual transferred amount for fee-on-transfer / deflationary (or other rebasing) tokens.
132,a8884f87db1a,High,Accounting Error,Incorrect Formula,UserTotalStaked invariant will be broken due to vulnerable implementations in release() userTotalStaked invariant will be broken due to vulnerable implementations in release().
133,af8e4af75dc2,Medium,Chainlink,Deprecated Library,Chainlink oracle data feed is not sufficiently validated and can return stale price
134,af8e4af75dc2,Medium,Reentrancy,Violating CEI / Missing nonReentrant,ERC777 reentrancy when withdrawing can be used to withdraw all collateral Market.sol L464.
135,af8e4af75dc2,Medium,Chainlink,Price Manipulation / Arbitrage opportunity,Oracle's two-day feature can be gamed Oracle.sol L124
136,af8e4af75dc2,Medium,Accounting Error,Incorrect Formula,"Calling repay function sends less DOLA to Market contract when forceReplenish function is not called while it could be called When a user incurs a DBR deficit, a replenisher can call the forceReplenish function to force the user to replenish DBR."
137,af8e4af75dc2,Medium,"Arithmetic, DoS",Front Run,Repay function can be DOSed Market.sol L531 users can repay their debt.
138,af8e4af75dc2,Medium,"Chainlink, Oracle","Invalid Validation, Price Manipulation / Arbitrage opportunity","Protocol's usability becomes very limited when access to Chainlink oracle data feed is blocked Based on the current implementation, when the protocol wants to use Chainlink oracle data feed for getting a collateral token's price, the fixed price for the token should not be set."
139,af8e4af75dc2,Medium,Accounting Error,Incorrect Formula,Oracle assumes token and feed decimals will be limited to 18 decimals The Oracle contract normalizes prices in both viewPrices and getPrices functions to adjust for potential decimal differences between feed and token decimals and the expected return value.
140,af8e4af75dc2,Medium,Accounting Error,Incorrect Formula,Two day low oracle used in Market.liquidate() makes the system highly at risk in an oracle attack Usage of the 2 day low exchange rate when trying to liquidate is highly risky as it incentives even more malicious agents to control the price feed for a short period of time.
141,af8e4af75dc2,Medium,Accounting Error,Incorrect Formula,"Market::forceReplenish can be DoSed Market.sol L562 public { gibWeth(user, wethTestAmount); gibDBR(user, wethTestAmount / 14); uint initialReplenisherDola = DOLA.balanceOf(replenisher); vm.startPrank(user); deposit(wethTestAmount); uint borrowAmount = getMaxBorrowAmount(wethTestAmount); market.borrow(borrowAmount); uint initialUserDebt =."
142,af8e4af75dc2,Medium,"DoS, Liquidation",Bad Condition,Users could get some DOLA even if they are on liquidation position Market.sol L566 when they are on liquidation position.
143,af8e4af75dc2,Medium,Accounting Error,Incorrect Formula,ViewPrice doesn't always report dampened price Oracle.sol L91; getLiquidatableDebt; getWithdrawalLimit.
144,af8e4af75dc2,Medium,Liquidation,Does not match with Doc,"Liquidation should make a borrower healthier For a lending pool, borrower's debt healthness can be decided by the health factor, i.e."
145,af8e4af75dc2,Medium,Accounting Error,Incorrect Formula,Avoidable misconfiguration could lead to INVEscrow contract not minting xINV tokens Market.sol L281-L283 would not mint xINV tokens for them.
146,af8e4af75dc2,Medium,Accounting Error,Incorrect Formula,Protocol withdrawals of collateral can be unexpectedly locked if governance sets the collateralFactorBps to 0 The FiRM Marketplace contract contains multiple governance functions fo
147,af8e4af75dc2,Medium,Accounting Error,Incorrect Formula,User can free from liquidation fee if its escrow balance is less than the calculated liquidation fee User can free from liquidation fee if its escrow balance less than the calculated liquidation fee.
148,af8e4af75dc2,Medium,Accounting Error,Incorrect Formula,User can borrow DOLA indefinitely without settling DBR deficit by keeping their debt close to the allowed maximum A user can borrow DOLA interest-free.
149,af8e4af75dc2,Medium,Accounting Error,State Update Inconsistency,Users can avoid paying fees if they manage to update their accrued fees periodically DBR.sol L287 public { uint debt = debts[user]; if(lastUpdated[user] == block.timestamp) return; uint accrued = (block.timestamp - lastUpdated[user]) debt / 365 days; dueTokensAccrued[user] += accrued; totalDue
150,af8e4af75dc2,Medium,Accounting Error,Incorrect Formula,Unhandled return values of transfer and transferFrom ERC20 implementations are not always consistent.
151,b155c4de6012,Medium,"DoS,ERC20,Opensea",Refund Failed,"CreateOfferer.sol should not enforce the nonce incremented sequentially, otherwise user can DOS the contract by skipping order According to ""Seaport v1.2 introduced support for a new type of order: the contract order."
152,b155c4de6012,Medium,Accounting Error,Bad Condition,"No way to revoke Approval in DelegateToken.approve leads to unauthorized calling of DelegateToken.transferFrom There is no way to revoke the approval which given via DelegateToken.approve(address,delegateTokenId)."
153,d9b35c0c87a4,High,Accounting Error,Incorrect Formula,"VaultProxy implementation can be initialized by anyone and self-destructed When the VaultFactory contract is deployed and initialized, the initialise method on the newly created VaultProxy implementation contract is never called."
154,d9b35c0c87a4,Medium,"Chainlink, Oracle",Stale Value,Chainlink's latestRoundData may return a stale or incorrect result
155,d9b35c0c87a4,Medium,Access Control,Centralization Risk,"Stader OPERATOR is a single point of failure The OPERATOR role holds a lot of power within the system, which can compromise both the system integrity and it's permission-less nature."
156,d9b35c0c87a4,Medium,DoS,Bad Condition,"The finding indicates a medium severity Bad Condition issue under DoS involving submitExchangeRateData, submitSDPrice, trusted, nodes. The implementation should be reviewed for incorrect validation, state handling, or accounting assumptions related to this pattern."
157,d9b35c0c87a4,Medium,Logic error,State Update Inconsistency,"The finding indicates a medium severity State Update Inconsistency issue under Logic error involving ValidatorWithdrawalVault, bad, condition. The implementation should be reviewed for incorrect validation, state handling, or accounting assumptions related to this pattern."
158,d9b35c0c87a4,Medium,Access Control,Front Run,"The finding indicates a medium severity Front Run issue under Access Control involving distributeRewards, settleFunds, operatorShare, penaltyAmount. The implementation should be reviewed for incorrect validation, state handling, or accounting assumptions related to this pattern."
159,d9b35c0c87a4,Medium,Logic error,Bypass Mechanism,"The finding indicates a medium severity Bypass Mechanism issue under Logic error involving min, operatorSD, poolThreshold, minThreshold. The implementation should be reviewed for incorrect validation, state handling, or accounting assumptions related to this pattern."
160,d9b35c0c87a4,Medium,Logic error,Reward Manipulation,"The finding indicates a medium severity Reward Manipulation issue under Logic error involving index, Validator, Pool, logic. The implementation should be reviewed for incorrect validation, state handling, or accounting assumptions related to this pattern."
161,d9b35c0c87a4,Medium,DoS,Duplicate Value,"UpdatePollAddress verifyNewPool, poolId verifyNewPool revert, pool address"
162,d9b35c0c87a4,Medium,Pause,Front Run,"The finding indicates a medium severity Front Run issue under Pause involving MEV, bot, pause, addBid. The implementation should be reviewed for incorrect validation, state handling, or accounting assumptions related to this pattern."
163,d9b35c0c87a4,Medium,Input Validation,Duplicate Value,The finding indicates a medium severity Duplicate Value issue under Input Validation. The implementation should be reviewed for the vulnerable pattern and its root cause.
164,d9b35c0c87a4,Medium,Pause,Does not match with Doc,The finding indicates a medium severity Does not match with Doc issue under Pause. The implementation should be reviewed for the vulnerable pattern and its root cause.
165,d9b35c0c87a4,Medium,Accounting Error,Front Run,"The finding indicates a medium severity Front Run issue under Accounting Error involving endBlock, MEV. The implementation should be reviewed for incorrect validation, state handling, or accounting assumptions related to this pattern."
166,d9b35c0c87a4,Medium,Accounting Error,Incorrect Formula,Owner in VaultProxy.sol is address(0) The owner variable in the VaultProxy.sol is going to be zero because of a bug in staderConfig.
167,d9b35c0c87a4,Medium,Accounting Error,Incorrect Formula,The finding indicates a medium severity Incorrect Formula issue under Accounting Error. The implementation should be reviewed for the vulnerable pattern and its root cause.
168,e0d2d83ea351,High,Accounting Error,Incorrect Formula,First vault depositor can steal other's assets
169,e0d2d83ea351,High,Arithmetic,"Hardcoded Parameter, Token Decimal",Any user can drain the entire reward fund in MultiRewardStaking due to incorrect calculation of supplierDelta Reward deltaIndex in accrueRewards() is multiplied by 10 decimals() but eventually divided by rewards.ONE (which is equal to 10 IERC20Metadata(address(rewardToken)).decimals()) in accrueUser().
170,e0d2d83ea351,High,ERC4626,Inflation Attack,BeefyAdapter() malicious vault owner can use malicious beefyBooster to steal the adapter's token Malicious vault owner can use Malicious beefyBooster to steal the adapter's token.
171,e0d2d83ea351,High,Arithmetic,"Hardcoded Parameter, Token Decimal","Incorrect Reward Duration After Change in Reward Speed in MultiRewardStaking When the reward speed is changed in MultiRewardStaking, the new end time is calculated based off of the balance of the reward token owned by the contract."
172,e0d2d83ea351,High,Accounting Error,Incorrect Formula,The finding indicates a high severity Incorrect Formula issue under Accounting Error. The implementation should be reviewed for the vulnerable pattern and its root cause.
173,e0d2d83ea351,High,Accounting Error,Incorrect Formula,Malicious strategy can lead to loss of funds A malicious strategy has access to the adapter's storage and can therefore freely change any values.
174,e0d2d83ea351,High,DoS,Refund Failed,"Lost Rewards in MultiRewardStaking Upon Third-Party Withdraw Affected contract: MultiRewardStaking When assets are withdrawn for user Alice by an approved user Bob to a receiver that is not Alice, the rewards are never accrued and the resulting staking rewards are lost forever."
175,e0d2d83ea351,High,Accounting Error,Incorrect Formula,Anyone who uses same adapter has the ability to pause it Anyone who uses same adapter has the ability to pause it.
176,e0d2d83ea351,High,Accounting Error,Incorrect Formula,Attacker can deploy vaults with a malicious Staking contract Anyone can deploy a Vault with a malicious Staking contract attached.
177,e0d2d83ea351,High,Accounting Error,Incorrect Formula,Attacker can steal 99% of total balance from any reward token in any Staking contract Attacker can steal 99% of the balance of a reward token of any Staking contract in the blockchain.
178,e0d2d83ea351,High,Accounting Error,Incorrect Formula,"Protocol loses fees because highWaterMark is updated every time someone deposit, withdraw, mint Protocol loses fees because highWaterMark is updated every time someone deposit, withdraw, mint."
179,e0d2d83ea351,High,Accounting Error,Incorrect Formula,Modifier VaultController. verifyCreatorOrOwner does not work as intented
180,e0d2d83ea351,Medium,ERC4626,Not EIP Compliant,Vault.maxWithdraw returns asset amount that is too big for Vault.withdraw ERC4626 standard requires maxWithdraw to return the maximum amount of underlying assets that can be withdrawn from the owner balance with a single withdraw call.
181,e0d2d83ea351,Medium,ERC4626,Rounding Error,Malicious Users Can Drain The Assets Of Vault. (Due to not being ERC4626 Complaint) Malicious users can drain the assets of the vault.
182,e0d2d83ea351,Medium,Reentrancy,Violating CEI / Missing nonReentrant,Reentrancy abuse to reduce the minted management fees when changing an adapter Vaults using hookable tokens present a reentrancy upon changing adapter.
183,e0d2d83ea351,Medium,Accounting Error,Incorrect Formula,MultiRewardStaking.changeRewardSpeed() breaks the distribution The changeRewardSpeed() doesn't calculate the new endTimestamp correctly.
184,e0d2d83ea351,Medium,Accounting Error,Incorrect Formula,"DOS any Staking contract with Arithmetic Overflow This allows attackers to disable any Staking contract deployed via the system, essentially locking up all funds within the Staking contract."
185,e0d2d83ea351,Medium,Accounting Error,Incorrect Formula,"Faulty Escrow config will lock up reward tokens in Staking contract When a Vault owner creates/adds a reward token to the Staking contract with faulty escrow config parameters, the reward tokens sent to the Staking contract will forever be locked up."
186,e0d2d83ea351,Medium,Accounting Error,Incorrect Formula,Users lose their entire investment when making a deposit and resulting shares are zero Users could receive 0 shares and thus lose their entire investment when making a deposit.
187,e0d2d83ea351,Medium,Accounting Error,Incorrect Formula,Anyone can reset fees to 0 value when Vault is deployed Anyone can reset fees to 0 value when Vault is deployed.
188,e0d2d83ea351,Medium,DoS,Bad Condition,Vault creator can't change feeRecipient after deployment The vault's feeRecipient can be updated through the setFeeRecipient() function.
189,e0d2d83ea351,Medium,Accounting Error,Incorrect Formula,"Adapters logic contracts can be destroyed AdapterBase based adapters instances like BeefyAdapter, and YearnAdapter can be rendered inoperable and halt the project."
190,e0d2d83ea351,Medium,Accounting Error,Incorrect Formula,"Users can fail to withdraw deposited assets from a vault that uses YearnAdapter contract as its adapter because maxLoss input for calling corresponding Yearn vault's withdraw function cannot be specified For a vault that uses the YearnAdapter contract as its adapter, calling the Vault.withdraw or Vault.redeem function will eventually call the AdapterBase."
191,e0d2d83ea351,Medium,Accounting Error,Incorrect Formula,Vault fees can be set to anything when initializing The vault owner can charge any fees when initializing.
192,e0d2d83ea351,Medium,"Arithmetic, DoS",Bad Condition,"In MultiRewardStaking.addRewardToken(), rewardsPerSecond is not accurate enough to handle all type of reward tokens. The raw rewardsPerSecond might be too big for some ERC20 tokens and it wouldn't work as intended."
193,e0d2d83ea351,Medium,Accounting Error,Incorrect Formula,Total assets of yearn vault are not correct Total assets of yearn vault are not correct so the calculation between the asset and the shares will be wrong.
194,e0d2d83ea351,Medium,Accounting Error,Incorrect Formula,AdpaterBase.harvest should be called before deposit and withdraw AdpaterBase.harvest should be called before deposit and withdraw.
195,e0d2d83ea351,Medium,ERC4626,Inflation Attack,Vault creator can't change quitPeriod The vault's quitPeriod can be updated through the setQuitPeriod() function.
196,e0d2d83ea351,Medium,Accounting Error,Incorrect Formula,Harvest() may not be executed when changing a Vault adapter Changing the adapter (that uses a strategy) of an already credited vault can result in a loss of user funds.
197,e0d2d83ea351,Medium,Logic Error,"Bad Condition, Bypass Mechanism","The calculation of in contract is incorrect The calculation of takeFees in Vault contract is incorrect, which will fee charged less than expected."
198,e0d2d83ea351,Medium,Accounting Error,Incorrect Formula,"Accrued perfomance fee calculation takes wrong assumptions for share decimals, leading to loss of shares or hyperinflation This issue applies to both AdapterBase.sol and Vault.sol."
199,e0d2d83ea351,Medium,Access Control,Centralization Risk,Unchecked return of execute() Across the VaultController.sol there are many external calls to the AdminProxy.sol via execute().
200,e0d2d83ea351,Medium,Accounting Error,"Implementation Error, No Recovery Mechanism",Vault creator can prevent users from claiming staking rewards Vault creator can prevent users from claiming rewards from the staking contract.
201,e0d2d83ea351,Medium,Accounting Error,Incorrect Formula,QuitPeriod is effectively always just 1 day The quitPeriod is supposed to give users time to rage quit if there are changes they don't agree with.
202,e0d2d83ea351,Medium,Accounting Error,Incorrect Formula,Vault::takeFees can be front run to minimize accruedPerformanceFee performanceFee is a fee on the profits of the vault.
203,e0d2d83ea351,Medium,Logic Error,Implementation Error,VaultController() Missing call DeploymentController.nominateNewDependencyOwner() Unable to switch to a new deploymentController.
204,e0d2d83ea351,Medium,Accounting Error,Incorrect Formula,Cool down time period is not properly respected for the harvest method Harvest method is called on ever
205,e0d2d83ea351,Medium,Accounting Error,Incorrect Formula,"Vault.redeem function does not use syncFeeCheckpoint modifier The following Vault.redeem function does not use the syncFeeCheckpoint modifier, which is unlike the Vault.withdraw function below."
206,e0d2d83ea351,Medium,DoS,"Implementation Error, Incorrect Parameter",Vault.changeAdapter can be misused to drain fees The vault owner has an option to change the adapter for the vault.
207,e0d2d83ea351,Medium,Accounting Error,Incorrect Formula,"SyncFeeCheckpoint() does not modify the highWaterMark correctly, sometimes it might even decrease its value, resulting in charging more performance fees than it should syncFeeCheckpoint() does not modify the highWaterMark correctly, sometimes it might even decrease its value, resulting in charging more performance fees than it should."
208,e0d2d83ea351,Medium,Accounting Error,Incorrect Formula,Fee on transfer token not supported If you are making a Lock fund for escrow using a fee on transfer token then contract will receive less amount (X-fees) but will record full amo
209,e0d2d83ea351,Medium,Accounting Error,Incorrect Formula,Management Fee for a vault is charged even when there is no assets under management and subject to manipulation. managementFee is calculated by accruedManagementFee function: - managementFee x (totalAssets x (block.timestamp - feesUpdatedAt))/SECONDS PER YEAR 1 Management Fee for a vault is charged even when there is no assets under management.
210,e0d2d83ea351,Medium,Accounting Error,Incorrect Formula,Strategy can't earn yields for user as underlyingBalance is not updated when strategy deposits Strategy can't earn yields for user as underlyingBalance is not updated when strategy deposits.
211,e0d2d83ea351,Medium,Accounting Error,Incorrect Formula,"Owner can collect management fees with a new increased fee for previous time period. The Owner of the contract can change the fee, and after the rage quit period it can cash those fees for the period of time where different fees were active."
212,e0d2d83ea351,Medium,Accounting Error,Incorrect Formula,"Erc777 cross function re-entrancy When an erc777 is used as asset for the vault, you can re-enter the mint function by minting the double you would have minted with a normal erc20 token."
213,e0d2d83ea351,Medium,Accounting Error,State Update Inconsistency,AdapterBase should always use delegatecall to call the functions in the strategy The strategy contract will generally let the Adapter contract use delegatecall to call its functions.
214,e0d2d83ea351,Medium,Accounting Error,Incorrect Formula,Vault Fees Can Total To More Than 1e18 Currently in Vault.sol there are four different fee types: 1.
215,e99e64a8abf1,High,Accounting Error,Incorrect Formula,"Lack of Balance Validation The pool's ratio of y to x must be within the interval [MIN M, MAX M), which will be checked by the checkBalances() function."
216,fa1836e0615e,High,Accounting Error,State Update Inconsistency,"The finding indicates a high severity State Update Inconsistency issue under Accounting Error involving cause, addToDelegate, totalWethDelegated, withdraw. The implementation should be reviewed for incorrect validation, state handling, or accounting assumptions related to this pattern."
217,fa1836e0615e,High,DoS,Violating CEI / Missing nonReentrant,"The finding indicates a high severity Violating CEI / Missing nonReentrant issue under DoS involving cause, putOptionsRequired, true, timeToExpiry. The implementation should be reviewed for incorrect validation, state handling, or accounting assumptions related to this pattern."
218,fa1836e0615e,High,Arithmetic,"Hardcoded Parameter, Token Decimal","The finding indicates a high severity Hardcoded Parameter, Token Decimal issue under Arithmetic involving cause, roundUp, roundingPrecision, strike. The implementation should be reviewed for incorrect validation, state handling, or accounting assumptions related to this pattern."
219,fa1836e0615e,High,DoS,Incorrect Formula,"The finding indicates a high severity Incorrect Formula issue under DoS involving cause, _totalCollateral, loss, collateral. The implementation should be reviewed for incorrect validation, state handling, or accounting assumptions related to this pattern."
220,fa1836e0615e,High,DoS,Front Run,"The finding indicates a high severity Front Run issue under DoS involving cause, put, option, impact. The implementation should be reviewed for incorrect validation, state handling, or accounting assumptions related to this pattern."
221,fa1836e0615e,High,"Governance, Input Validation",Incorrect Parameter,"The finding indicates a high severity Incorrect Parameter issue under Governance, Input Validation involving cause, UniswapV2, impact, lpToRemove. The implementation should be reviewed for incorrect validation, state handling, or accounting assumptions related to this pattern."
222,fa1836e0615e,High,Arithmetic,Token Decimal,"The finding indicates a high severity Token Decimal issue under Arithmetic involving cause, oracle, impact, underflow. The implementation should be reviewed for incorrect validation, state handling, or accounting assumptions related to this pattern."
223,fa1836e0615e,High,ERC721,Missing Functionality,"The finding indicates a high severity Missing Functionality issue under ERC721 involving cause, ERC721, impact, recoverERC721. The implementation should be reviewed for incorrect validation, state handling, or accounting assumptions related to this pattern."
224,fa1836e0615e,High,Accounting Error,Incorrect Formula,Users can get immediate profit when deposit and redeem in PerpetualAtlanticVaultLP
225,fa1836e0615e,Medium,Slippage,minOut set to 0,"Missing slippage parameter on Uniswap addLiquidity() function The Uniswap addLiquidity() function expects the slippage params amountAMin, and amountBMin to be passed."
226,fa1836e0615e,Medium,ERC4626,Inflation Attack,A malicious early depositor can manipulate the LP-Token price per share to take an unfair share of future user deposits
227,fa1836e0615e,Medium,Slippage,Missing minOut / maxAmount,No slippage protection for bonders When a user calls bond or bondWithDelegate they specify the amount of DpxEth they want to bond for.
228,fa1836e0615e,Medium,Arithmetic,State Update Inconsistency,"The finding indicates a medium severity State Update Inconsistency issue under Arithmetic involving cause, putOptionsRequired, true, premium. The implementation should be reviewed for incorrect validation, state handling, or accounting assumptions related to this pattern."
229,fa1836e0615e,Medium,Input Validation,Price Manipulation / Arbitrage opportunity,"The finding indicates a medium severity Price Manipulation / Arbitrage opportunity issue under Input Validation involving cause, bond, reLP, swap. The implementation should be reviewed for incorrect validation, state handling, or accounting assumptions related to this pattern."
230,fa1836e0615e,Medium,Access Control,Centralization Risk,"The finding indicates a medium severity Centralization Risk issue under Access Control involving cause, bond, reLP, swap. The implementation should be reviewed for incorrect validation, state handling, or accounting assumptions related to this pattern."
231,fa1836e0615e,Medium,Arithmetic,Precision Loss,"The finding indicates a medium severity Precision Loss issue under Arithmetic involving cause, VaultLP, WETH, totalCollateral. The implementation should be reviewed for incorrect validation, state handling, or accounting assumptions related to this pattern."
232,fa1836e0615e,Medium,Accounting Error,Asset Theft,"The finding indicates a medium severity Asset Theft issue under Accounting Error involving cause, bonding, dpxETH, WETH. The implementation should be reviewed for incorrect validation, state handling, or accounting assumptions related to this pattern."
233,fa1836e0615e,Medium,"Arithmetic,ERC4626",Price Manipulation / Arbitrage opportunity,"The finding indicates a medium severity Price Manipulation / Arbitrage opportunity issue under Arithmetic,ERC4626 involving cause, redeem, RDPX, share. The implementation should be reviewed for incorrect validation, state handling, or accounting assumptions related to this pattern."
234,fa1836e0615e,Medium,Slippage,Invalid Slippage Control / Missing slippage check,"The finding indicates a medium severity Invalid Slippage Control / Missing slippage check issue under Slippage involving cause, minAmount, _ethToDpxEth, true. The implementation should be reviewed for incorrect validation, state handling, or accounting assumptions related to this pattern."
235,fa1836e0615e,Medium,Uniswap,No Recovery Mechanism,"The finding indicates a medium severity No Recovery Mechanism issue under Uniswap involving cause, Uniswap, WETH, RDPX. The implementation should be reviewed for incorrect validation, state handling, or accounting assumptions related to this pattern."
236,fa1836e0615e,Medium,ERC721,State Update Inconsistency,"The finding indicates a medium severity State Update Inconsistency issue under ERC721 involving cause, ERC721, token, owner. The implementation should be reviewed for incorrect validation, state handling, or accounting assumptions related to this pattern."
237,fa1836e0615e,Medium,Accounting Error,State Update Inconsistency,"The finding indicates a medium severity State Update Inconsistency issue under Accounting Error involving cause, sync, impact. The implementation should be reviewed for incorrect validation, state handling, or accounting assumptions related to this pattern."
238,fa1836e0615e,Medium,Pause,State Update Inconsistency,"The finding indicates a medium severity State Update Inconsistency issue under Pause involving cause, redeem, whenNotPaused, impact. The implementation should be reviewed for incorrect validation, state handling, or accounting assumptions related to this pattern."
239,fa1836e0615e,Medium,Accounting Error,Incorrect Formula,"The finding indicates a medium severity Incorrect Formula issue under Accounting Error involving cause, mintokenAAmount, impact. The implementation should be reviewed for incorrect validation, state handling, or accounting assumptions related to this pattern."
240,fa1836e0615e,Medium,Accounting Error,Incorrect Formula,"No mechanism to settle out-of-money put options even after Bond receipt token is redeemed. In the current implementation of PerpetualAtlanticVault::settle, the only way an optionId can be burnt is when the option is in-the-money."
241,fa1836e0615e,Medium,Accounting Error,Bad Condition,"User that delegate eth to RdpxV2Core will incur loss if his delegated eth fulfilled by decaying bonds Current design allow user call bondWithDelegate using decaying bonds, this will make delegatee incur loss because they will get less bond and paid more eth."
242,d562802cb53a,High,Accounting Error,Implementation Error,"Paymaster's maxRefundedGas = gasLeft + reservedGas, without subtracting spentOnPubdata. This way maxRefundedGas will be much larger than the correct value."
243,d562802cb53a,Medium,Upgradeable,Does not match with Doc,"The StateTransitionManager contract lacks a way to invoke executeUpgrade() or upgradeChainFromVersion(), preventing forced upgrades of deployed STs in urgent high-risk situations and undermining the documented safeguard mechanism."
244,d562802cb53a,Medium,Upgradeable,Bad Condition,"During certain upgrade migration timing conditions, a user could finalize a withdrawal on the old L1ERC20Bridge and then withdraw again on the new L1SharedBridge, enabling a potential double withdrawal."
245,d562802cb53a,Medium,DoS,Missing Initialization,"The l1LegacyBridge is not assigned during L2SharedBridge.initialize(), causing deposits sent via the old L1ERC20Bridge to fail before the upgrade is completed."
246,d562802cb53a,Medium,Logic error,"Does not match with Doc, Implementation Error",In StateTransitionManager::unfreezeChain function call unfreezeDiamond instead of freezeDiamond on IZkSyncStateTransition(stateTransition[ chainId]) instance.
247,8f18f7d5c396,Medium,Accounting Error,Incorrect Formula,"InitialBalance for native token is wrong When users swap to native token (ETH), the initialBalance should use the balance of wrappedNativeToken instead of native token balance, because finalBalance is the balance of wrap"
248,8f18f7d5c396,Medium,Accounting Error,Incorrect Formula,"Trades where toToken is feeOnTransferToken might send user less tokens than finalAmountMin the trade result amount (to be sent to the user) is bigger than finalAmountMin, and after that sends the user the amount."
249,198fa93fabdd,Medium,TWAP,Price Manipulation / Arbitrage opportunity,"The current implementation of TWAV is based on a short observation period, making it susceptible to price manipulation."
250,198fa93fabdd,Medium,Pause,State Update Inconsistency,System state can still be changed in the paused status.
251,198fa93fabdd,Medium,Accounting Error,Incorrect Formula,"Buyout cannot be rejected when paused when the system is not paused, redeem() and withdrawERC721() are also callable when it is not."
252,198fa93fabdd,Medium,TWAP,"Implementation Error, Price Manipulation / Arbitrage opportunity","Twav.sol getTwav() will revert when timestamp 4294967296 Because the solidity version used by the current implementation is 0.8.10, and there are some breaking changes in Solidity v0.8.0: Arithmetic operations revert on underflow and overflow."
253,198fa93fabdd,Medium,Accounting Error,Incorrect Formula,Lack of sanity check on initialTokenSupply and initialTokenPrice can lead to a seller losing his NFT There is no sanity check to ensure that (primaryReserveRatio initialTokenSupply initialTokenPrice) is (SCALE 1e18).
254,198fa93fabdd,Medium,Accounting Error,Incorrect Formula,"NibblVault: In the buy function, users can avoid paying fees the buy function of the NibblVault contract, when msg.value lowerCurveDiff, the fee for SecondaryCurve part is not charged."
255,198fa93fabdd,Medium,Accounting Error,Incorrect Formula,UpdateTwav() and getTwav() will revert when cumulativePrice overflows when cumulativeValuation overflows.
256,198fa93fabdd,Medium,Accounting Error,Incorrect Formula,"NibblVault buyout duration longer than update timelock User can buy out NFT by initiating the process through initiateBuyout, then he has to wait BUYOUT DURATION which is 5 days and if the buyout will not get rejected he can claim the NFT."
257,198fa93fabdd,Medium,Access Control,Centralization Risk,Reentrancy bug in Basket's withdraw multiple tokens function which gives attacker ability to transfer basket ownership and spend it but withdraw all the tokens out of basket a NibbVault based on that Basket NFT.
258,198fa93fabdd,Medium,Accounting Error,Incorrect Formula,Basket NFT have no name and symbol The Basket contract is intended to be used behind a proxy.
259,198fa93fabdd,Medium,Access Control,Missing Initialization,PNM-004] Calculation of secondaryReserveRatio can be overflowed [ [ a relatively small initialTokenSupply and initialTokenPrice.
260,198fa93fabdd,Medium,Accounting Error,Incorrect Formula,Twav. getTwav [ () will return a wrong result when twavObservations[TWAV BLOCK NUMBERS - 1].timestamp = 0.
261,1d8f1f43cde9,High,"Chainlink, Oracle","Invalid Validation, Price Manipulation / Arbitrage opportunity",Oracle price does not compound the interpolation from startTime to now.
262,1d8f1f43cde9,Medium,Accounting Error,Incorrect Formula,"Vcon address change not persistent across protocol components a contract inherited by several other ones including NonCustodialPSM, GlobalRateLimitedMinter, ERC20CompountPCVDeposit and Volt, vcon is fixed upon initialization and cannot be further updated IERC20 private immutable vcon;..."
263,1d8f1f43cde9,Medium,Accounting Error,Incorrect Formula,NonCustodialPSM can become insolvent as CPI index rises the year.
264,1d8f1f43cde9,Medium,DoS,Invalid Validation,Setting new buffer does not reduce current buffer to cap
265,1d8f1f43cde9,Medium,Accounting Error,Incorrect Formula,The finding indicates a medium severity Incorrect Formula issue under Accounting Error. The implementation should be reviewed for the vulnerable pattern and its root cause.
266,1d8f1f43cde9,Medium,MEV,Front Run,Updating rate limit for addresses restores their entire buffer amount the entire bufferCap.
267,1d8f1f43cde9,Medium,"Chainlink, Oracle",Stale Value,OracleRef assumes backup oracle uses the same normalizer as main oracle
268,2c5e13b4e147,Medium,"DAO, Governance",Bad Condition,Missing check in the updateValset function Gravity.sol L276-L358.
269,2c5e13b4e147,Medium,Accounting Error,Incorrect Formula,"Admin drains all ERC based user funds using withdrawERC20() Gravity.sol L632-L638 could be extracted by anyone with admin role and later sold, leaving users funds bridged on Cudos Cosmos chain with no ERC20 representation stored across the bridge - similar in as the wormhole hack."
270,2c5e13b4e147,Medium,Accounting Error,Incorrect Formula,"Non-Cudos Erc20 funds sent through sendToCosmos() will be lost. No checks for non-Cudos tokens mean that non-Cudos ERC20 tokens will be lost to the contract, with the user not having any chance of retrieving them."
271,2c5e13b4e147,Medium,Accounting Error,Incorrect Formula,Protocol doesn't handle fee on transfer tokens
272,2c5e13b4e147,Medium,Accounting Error,Incorrect Formula,"The Gravity.sol should have pause/unpause functionality a hack is occuring or an exploit is discovered, the team (or validators in this case) should be able to pause functionality until the necessary changes are made to the system."
273,2c5e13b4e147,Medium,Accounting Error,Incorrect Formula,Calls inside loops that may address DoS a loop are dangerous (especially if the loop index can be user-controlled) because it could lead to DoS if one of the calls reverts or execution runs out of gas.
274,7b5e1803022e,High,ERC4626,Rounding Error,"Rounding Issues In Certain Functions the need for specific, opposing rounding directions across the different mutable and view methods, as it is considered most secure to favor the Vault itself during calculations over its users: If (1) it's calculating how many shares to issue to a user for a certain amount of the underlying tokens they provide or (2)."
275,7b5e1803022e,Medium,Bridge,Incorrect Parameter,FCash of the wrong maturity and asset can be sent to wrapper address before wrapper is deployed when the size of the code deployed at the address contains code.
276,7b5e1803022e,Medium,Input Validation,"Peg / Depeg, Price Manipulation / Arbitrage opportunity",The logic of isUnderlying () in NotionalTradeModule is wrong which will mintFCashPosition() and redeemFCashPosition() revert on fcash tokens which asset token is underlying token (asset.tokenType == TokenType.NonMintable) the asset token is underlying token (asset.tokenType == TokenType.NonMintable) and NotionalV2 will not handle minting or.
277,7b5e1803022e,Medium,DoS,Invalid Validation,"IsWrappedFcash check is a gas bomb the isWrappedFCash check, the notionalTradeModule check whether the component is a wrappedCash with the following logic."
278,7b5e1803022e,Medium,Reentrancy,Violating CEI / Missing nonReentrant,"Users Might Not Be Able To Purchase Or Redeem SetToken a setToken is issued or redeemed, the moduleIssueHook and moduleRedeemHook will be triggered."
279,7b5e1803022e,Medium,Reentrancy,Cross-Function Reentrancy,DOS set token through erc777 hook The wfCash is an erc777 token.
280,7b5e1803022e,Medium,Input Validation,"Peg / Depeg, Price Manipulation / Arbitrage opportunity",Deposit() and mint() and redeemInternal() in wfCashERC4626() will revert for all fcash that asset token is underlying token because they always call mintInternal() with useUnderlying==True the asset token is underlying token (asset.tokenType == TokenType.NonMintable) and NotionalV2 will not handle minting with useUnderlying==True for those fcashs (according to what I asked from sponsor).
281,7b5e1803022e,Medium,Accounting Error,Incorrect Formula,Residual Allowance Might Allow Tokens In SetToken To Be Stolen the contract will call the approve function to set the allowance to maxSendAmount so that the fCash Wrapper contact can pull the payment tokens from the SetToken contract during minting.
282,7b5e1803022e,Medium,Accounting Error,Incorrect Formula,User can alter amount returned by redeem function due to control transfer the receiver when receiving the ERC777.
283,7b5e1803022e,Medium,DoS,Invalid Validation,"TransferfCash does not work as expected If maturity is reached and user has asked for redeem with opts.transferfCash as true, then if (hasMatured()) turns true at wfCashLogic.sol L216 causing fcash to be cashed out in underlying token and then sent to receiver."
284,7b5e1803022e,Medium,Accounting Error,Incorrect Formula,"Silent overflow of fCashAmount If a fCashAmount value that is greater than uint88 is passed into the mint function, downcasting it to uint88 will silently overflow."
285,9cc1dc4ae06a,High,Accounting Error,Incorrect Formula,User can forfeit other user rewards
286,9cc1dc4ae06a,Medium,Arithmetic,Token Decimal,Integer overflow will lock all rewards in AuraLocker The of this overflow is that all reward tokens will be permanently locked in the contract.
287,9cc1dc4ae06a,Medium,DoS,Fee On Transfer Token,"Users may lose rewards to other users if rewards are given as fee-on-transfer tokens If rewards are given in fee-on-transfer tokens, users may get no rewards, breaking functionality."
288,9cc1dc4ae06a,Medium,ERC4626,Not EIP Compliant,BaseRewardPool4626 is not IERC4626 compliant
289,9cc1dc4ae06a,Medium,Oracle,Stale Value,CrvDepositorWrapper.sol relies on oracle that isn't frequently updated the TWAP provided by the 20/80 WETH/BAL.
290,9cc1dc4ae06a,Medium,Accounting Error,"Invalid Validation, No Recovery Mechanism","The finding indicates a medium severity Invalid Validation, No Recovery Mechanism issue under Accounting Error involving cause, Options, LockCvx, claimRewards. The implementation should be reviewed for incorrect validation, state handling, or accounting assumptions related to this pattern."
291,9cc1dc4ae06a,Medium,Accounting Error,Incorrect Formula,"The finding indicates a medium severity Incorrect Formula issue under Accounting Error involving cause, AuraLocker, revert, impact. The implementation should be reviewed for incorrect validation, state handling, or accounting assumptions related to this pattern."
292,9cc1dc4ae06a,Medium,Input Validation,Duplicate Value,"The finding indicates a medium severity Duplicate Value issue under Input Validation involving cause, add, lpToken, Token. The implementation should be reviewed for incorrect validation, state handling, or accounting assumptions related to this pattern."
293,9cc1dc4ae06a,Medium,Logic error,"Does not match with Doc, Incorrect Parameter","The finding indicates a medium severity Does not match with Doc, Incorrect Parameter issue under Logic error involving cause, unlockInWeeks, unlockTime, impact. The implementation should be reviewed for incorrect validation, state handling, or accounting assumptions related to this pattern."
294,9cc1dc4ae06a,Medium,DoS,Reward Manipulation,"The finding indicates a medium severity Reward Manipulation issue under DoS involving cause, distributeOther, notifyRewardAmount, _notifyReward. The implementation should be reviewed for incorrect validation, state handling, or accounting assumptions related to this pattern."
295,9cc1dc4ae06a,Medium,Arithmetic,Rounding Error,"The finding indicates a medium severity Rounding Error issue under Arithmetic involving cause, safeRewardTransfer, impact. The implementation should be reviewed for incorrect validation, state handling, or accounting assumptions related to this pattern."
296,9cc1dc4ae06a,Medium,Accounting Error,State Update Inconsistency,"The finding indicates a medium severity State Update Inconsistency issue under Accounting Error involving cause, add, set, _withUpdate. The implementation should be reviewed for incorrect validation, state handling, or accounting assumptions related to this pattern."
297,9cc1dc4ae06a,Medium,DoS,Out of Gas,"The finding indicates a medium severity Out of Gas issue under DoS involving cause, _getReward, epochIndex, tokenEpochs. The implementation should be reviewed for incorrect validation, state handling, or accounting assumptions related to this pattern."
298,9cc1dc4ae06a,Medium,Input Validation,Invalid Validation,"The finding indicates a medium severity Invalid Validation issue under Input Validation involving cause, _lpToken, reward, token. The implementation should be reviewed for incorrect validation, state handling, or accounting assumptions related to this pattern."
299,9cc1dc4ae06a,Medium,DoS,Front Run,"The finding indicates a medium severity Front Run issue under DoS involving cause, bal, _request, maxAmountsIn. The implementation should be reviewed for incorrect validation, state handling, or accounting assumptions related to this pattern."
300,9cc1dc4ae06a,Medium,DoS,Out of Gas,"The finding indicates a medium severity Out of Gas issue under DoS involving cause, massUpdatePools, public, poolInfo. The implementation should be reviewed for incorrect validation, state handling, or accounting assumptions related to this pattern."
301,9cc1dc4ae06a,Medium,Governance,"Does not match with Doc, State Update Inconsistency","The finding indicates a medium severity Does not match with Doc, State Update Inconsistency issue under Governance involving cause, AURA, vlAURA, delegate. The implementation should be reviewed for incorrect validation, state handling, or accounting assumptions related to this pattern."
302,9cc1dc4ae06a,Medium,DoS,Incorrect Formula,"The finding indicates a medium severity Incorrect Formula issue under DoS involving cause, front, run, epoch. The implementation should be reviewed for incorrect validation, state handling, or accounting assumptions related to this pattern."
303,9cc1dc4ae06a,Medium,Input Validation,Missing Time Constraint,"The finding indicates a medium severity Missing Time Constraint issue under Input Validation involving cause, block, timestamp, endTime. The implementation should be reviewed for incorrect validation, state handling, or accounting assumptions related to this pattern."
304,9cc1dc4ae06a,Medium,Reentrancy,Violating CEI / Missing nonReentrant,"The finding indicates a medium severity Violating CEI / Missing nonReentrant issue under Reentrancy involving cause, reward, token, impact. The implementation should be reviewed for incorrect validation, state handling, or accounting assumptions related to this pattern."
305,9cc1dc4ae06a,Medium,Governance,Incorrect Parameter,"The finding indicates a medium severity Incorrect Parameter issue under Governance involving cause, kick, reward, epoch. The implementation should be reviewed for incorrect validation, state handling, or accounting assumptions related to this pattern."
306,9cc1dc4ae06a,Medium,Accounting Error,State Update Inconsistency,"The finding indicates a medium severity State Update Inconsistency issue under Accounting Error involving cause, impact. The implementation should be reviewed for incorrect validation, state handling, or accounting assumptions related to this pattern."
307,9cc1dc4ae06a,Medium,Input Validation,Invalid Validation,Increase voting power by tokenizing the address that locks the token
308,a1ee58021528,High,Input Validation,Stale Value,Money-market-contracts/oracle feed prices() delayed transaction may disrupt price feeds The implementation only takes two attributes: asset and price.
309,a1ee58021528,High,Accounting Error,Incorrect Formula,Missing Access Control for FabricateMIRClaim and FabricateANCClaim FabricateMIRClaim and FabricateANCClaim should only be issued by the Hub contract (the central hub for all minted bLuna managed by Lido).
310,a1ee58021528,High,Accounting Error,Incorrect Formula,Spend limit on owner can be bypassed It seems that the owner is only allowed to spend amount uptil config.spend limit.
311,a1ee58021528,Medium,Accounting Error,Incorrect Formula,"When transferring tokens not in whitelist on Ethereum to Terra with CrossAnchorBridge.depositStable(), the funds may get frozen In the current implementation of CrossAnchorBridge, all require that ""Check that token is a whitelisted token"" is"
312,a1ee58021528,Medium,Accounting Error,"Implementation Error, No Recovery Mechanism",BEth Rewards May Be Depleted By Flashloans or Whales Rewards are dispersed to users as a percentage of the user's balance vs total balance (of bEth).
313,a1ee58021528,Medium,Accounting Error,Incorrect Formula,Governance Voting Dis-proportionally Favours Users Who Stake And Vote After A Poll Has Been Created And Had Its Snapshot Taken Polls are created by targeting the receive cw20 function which is queried whenever the contract receives tokens.
314,a1ee58021528,Medium,"Chainlink, Oracle",Stale Value,"Sandwich attack on astroport sweep The collector contract allows anyone to sweep, swapping an asset token to ANC through astro port."
315,a1ee58021528,Medium,Accounting Error,Incorrect Formula,"Anchor basset reward pending yields can be stolen For yield farming aggregators, if the pending yield on an underlying strategy can be harvested and a surge of rewards to all existing investors, especially if the harvest can be triggered permissionlessly."
316,a1ee58021528,Medium,DoS,Invalid Validation,"Unbonding validator random selection can be predicted When unbonding, the pick validator function is supposed to choose a random validator to unstake from."
317,a1ee58021528,Medium,Accounting Error,Incorrect Formula,Potential lock of rewards in the custody contracts The swap to stable denom function in the custody contracts swaps all other native tokens into a specific one.
318,a1ee58021528,Medium,Accounting Error,Incorrect Formula,"Possible Wrong bAsset Rewards/Borrow limits Calculation During the code review, It has been observed that reward calculation has been done with execute epoch operations function."
319,a1ee58021528,Medium,Accounting Error,Incorrect Formula,"Money-market-contracts/contracts/market claim rewards may revert due to spend limit set on distributor While claim rewards from the money-market, it calls the distributor contract spend() to send the rewards."
320,a1ee58021528,Medium,Accounting Error,State Update Inconsistency,Staking tokens can be stolen The staking contract keeps track of shares of each user.
321,a1ee58021528,Medium,DoS,Front Run,"Simple interest calculation is not exact The borrow rate uses a simple interest formula to compute the accrued debt, instead of a compounding formula."
322,a1ee58021528,Medium,Logic Error,Bad Condition,Updating the hub's token contract address may lead to incorrect undelegation amount The hub contract allows config updates to the token contract config values in anchor-bAsset-contracts/contracts/anchor basset hub/src/config.rs.
323,b7fc4d82013a,High,Accounting Error,State Update Inconsistency,"When totalSupply is 0, handleFees does not update lastFee, causing an inflated time difference on the next fee calculation and minting excess fee tokens, diluting existing holders' value."
324,b7fc4d82013a,Medium,Arithmetic,Precision Loss,"The fee calculation tries to calculate a fee such that fee/(supply+fee) = %fee using a simple interest formula (i.e. no compounding), this lead to slightly less fee collected when fee are collected more frequently (small timeDiff) vs less frequently (big timeDiff)."
325,b7fc4d82013a,Medium,Access Control,Invalid Validation,"Basket.initialize() calls approveUnderlying(auction) without guarding against an untrusted ERC-20 approve() hook, allowing reentrancy into initialize() to overwrite critical addresses (factory, auction) and hide the malicious token."
326,b7fc4d82013a,Medium,Access Control,Centralization Risk,"The factory can change auctionMultiplier/auctionDecrement mid-auction, altering profitability; with extreme settings (multiplier=0, decrement=max), newRatio=0 and tokensNeeded=0, enabling settlement to drain all tokens."
327,b7fc4d82013a,Medium,DoS,Bad Condition,"NewRatio is calculated and compared with minIbRatio in settleAuction().However, if newRatio is less than minIbRatio, settleAuction() will always fail and there is no way for the bonder to cancel and get a refund."
328,b7fc4d82013a,Medium,Accounting Error,"Implementation Error, Incorrect Parameter","When handleFees is called, totalSupply and ibRatio changes accordingly, but for newIbRatio calculation tokens minted in handleFees is not included. Therefore, ibRatio is calculated higher than it should be."
329,b7fc4d82013a,Medium,Accounting Error,Incorrect Parameter,The fee calculation is based on the totalSupply of the basket token. But some amount of the totalSupply represents the fees paid to the publisher/ protocol owner.
330,b7fc4d82013a,Medium,Arithmetic,Precision Loss,"In fees calculation, division is being used in the midst of the calculation, not at the end of it.This leads to lost precision in fee amount (as solidity doesn't save remainder of division)."
331,b7fc4d82013a,Medium,"DoS, Input Validation",Invalid Validation,"A malicious publisher can set minIbRatio to an extreme value during an auction proposal, making the auction impossible to settle and locking all user funds in the basket."
332,b7fc4d82013a,Medium,MEV,Asset Theft,"By bonding at a precisely chosen block that makes newRatio = 0, tokensNeeded evaluates to 0 and settleAuction() can drain the basket regardless of balances."
333,b7fc4d82013a,Medium,Accounting Error,Incorrect Parameter,The fee calculation is wrong. It should only get divided by BASE and not (BASE - feePct)
334,b7fc4d82013a,Medium,Accounting Error,Incorrect Formula,Missing cap on LicenseFee There is no cap on LicenseFee.
335,c20104cb90d7,Medium,ERC20,Missing Return Check,"The contract does not properly check the return value of ERC20 token transfer functions, this can result in failed token transfers being incorrectly treated as successful, and transaction reverts for tokens like USDT that do not return a boolean success value."
336,c20104cb90d7,Medium,Access Control,Centralization Risk,Changing the Start Price or the Lowest price in the middle of the auction could allow the owner to manipulate the price.
337,c20104cb90d7,Medium,DoS,Out of Gas,Use of.send() May Revert if The Recipient's Fallback Function Consumes More Than 2300 Gas
338,c20104cb90d7,Medium,Access Control,Centralization Risk,The owner can mint all of the NFTs.
339,c20104cb90d7,Medium,DoS,Bad Condition,Many unbounded and under-constrained variables in the system can lead to unfair price or DoS The team can change the above variables during sale.
340,c20104cb90d7,Medium,Accounting Error,Incorrect Formula,Contract may not have enough fund to cover refund the contract can call withdrawAll before the refund process is done to send all ETH to the vault.
341,dd17040a53bc,High,Accounting Error,Incorrect Formula,"Unused ERC20 tokens are not refunded, and can be stolen by attacker the time user sent the transaction and the transaction being packed into the block and causing amounts of underlying tokens for each basketToken to decrease."
342,dd17040a53bc,High,Accounting Error,Incorrect Formula,"It might not be possible to withdraw tokens from the basket When enough basket token owners exit, it will be impossible to exit pool with the last MIN AMOUNT tokens because of this"
343,dd17040a53bc,Medium,Accounting Error,Incorrect Formula,"Block.timestamp or deadline a time limit for swapExactTokensForTokens() Other functions, like joinTokenSingle() of SingleTokenJoinV2.sol and exit() of SingleNativeTokenExitV2() use block.timestamp, although a deadline field is present in the struct."
344,dd17040a53bc,Medium,Accounting Error,Incorrect Formula,"Failed transfer with low level call could be overlooked The CallFacet.sol contract has the function call: function call( address target, bytes memory calldata, uint256 value ) internal { require(address(this).balance = value, ""ETH BALANCE TOO LOW""); (bool success, ) = target.call{value: value}( calldata); require(success, ""CALL FAILED""); emit Call(msg.sender, target."
345,dd17040a53bc,Medium,Input Validation,Invalid Validation,SingleNativeTokenExitV2 assumes first exchange holds the outputToken the user to exit and execute trades via multiple exchanges.
346,dd17040a53bc,Medium,Accounting Error,Incorrect Formula,"Function joinTokenSingle in SingleTokenJoin.sol and SingleTokenJoinV2.sol can be made to fail There's a griefing attack vulnerability in the function joinTokenSingle in SingleTokenJoin.sol as well as SingleTokenJoinV2.sol which makes any user transaction fail with ""FAILED OUTPUT AMOUNT""."
347,dd17040a53bc,Medium,Accounting Error,Incorrect Formula,Fees calculations are not accurate the feeBeneficiary.
348,dd17040a53bc,Medium,ERC20,Missing Return Check,ERC20 return values not checked The ERC20.transfer() and ERC20.transferFrom() functions return a boolean value indicating success.
349,dd17040a53bc,Medium,Accounting Error,Incorrect Formula,"Unchecked return value from low-level call() The return value of the low-level call is not checked, so if the call fails, the Ether will be locked in the contract."
350,dd17040a53bc,Medium,Accounting Error,Incorrect Formula,TotalSupply may exceed LibBasketStorage.basketStorage().maxCap the token may exceed the maxCap introduced.
351,dd17040a53bc,Medium,Accounting Error,Incorrect Formula,Annualized fee APY dependence on the frequency of executing a function The APY of the annualized fee is dependent on the frequency of the execution of the BasketFacet::chargeOutstandingAnnualizedFee()
352,dd17040a53bc,Medium,Access Control,Missing Initialization,"It is possible to ""uninitialize"" ERC20Facet contract The initialization status is defined by the name and symbol function be called again."
353,e169bbefc6e2,High,DoS,"Duplicate Value, Invalid Validation","The finding indicates a high severity Duplicate Value, Invalid Validation issue under DoS involving NFT, index, finalize, JPEG. The implementation should be reviewed for incorrect validation, state handling, or accounting assumptions related to this pattern."
354,e169bbefc6e2,High,ERC4626,Inflation Attack,"The finding indicates a high severity Inflation Attack issue under ERC4626 involving asset, amount, share, logic. The implementation should be reviewed for incorrect validation, state handling, or accounting assumptions related to this pattern."
355,e169bbefc6e2,High,DoS,Incorrect Parameter,"The finding indicates a high severity Incorrect Parameter issue under DoS involving JPEG, withdraw, revert. The implementation should be reviewed for incorrect validation, state handling, or accounting assumptions related to this pattern."
356,e169bbefc6e2,High,Reentrancy,Violating CEI / Missing nonReentrant,The finding indicates a high severity Violating CEI / Missing nonReentrant issue under Reentrancy. The implementation should be reviewed for the vulnerable pattern and its root cause.
357,e169bbefc6e2,High,DoS,Incorrect Parameter,The finding indicates a high severity Incorrect Parameter issue under DoS. The implementation should be reviewed for the vulnerable pattern and its root cause.
358,e169bbefc6e2,High,Upgradeable,"Missing Initialization, Not EIP Compliant",Update initializer modifier to prevent reentrancy during initialization
359,e169bbefc6e2,High,Liquidation,Incorrect Parameter,"Bad debts should not continue to accrue interest the DAO call collect() will mint 1,100 stablecoin."
360,e169bbefc6e2,High,Accounting Error,Incorrect Formula,Setting new controller can break YVaultLPFarming a new controller on a vault must be done very carefully and requires a migration.
361,e169bbefc6e2,High,Accounting Error,Incorrect Formula,"YVaultLPFarming: No guarantee JPEG currentBalance previousBalance the correct claimable JPEG amount by its strategy / strategies the strategy / strategies will send all claimable JPEG to the farm Should either of these assumptions break, then it could possibly be the case that currentBalance is less than previousBalance, causing deposits and crucially, withdrawals to fail due to."
362,e169bbefc6e2,Medium,Chainlink,Stale Value,Oracle data feed is insufficiently validated. There is no check for stale price and round completeness.
363,e169bbefc6e2,Medium,Arithmetic,Precision Loss,Division before Multiplication May Result In No Interest Being Accrued This issue occurs since an intermediate calculation of interestPerSec may round to zero and therefore the multiplication by elapsedTime may remain zero.
364,e169bbefc6e2,Medium,Chainlink,Deprecated Library,Chainlink pricer is using a deprecated API the latestAnswer function is deprecated.
365,e169bbefc6e2,Medium,Input Validation,Reward Manipulation,"The finding indicates a medium severity Reward Manipulation issue under Input Validation involving _lpToken, jpeg, lpToken, balanceOf. The implementation should be reviewed for incorrect validation, state handling, or accounting assumptions related to this pattern."
366,e169bbefc6e2,Medium,Slippage,Invalid Slippage Control / Missing slippage check,"The finding indicates a medium severity Invalid Slippage Control / Missing slippage check issue under Slippage involving rewrad, token, swap, weth. The implementation should be reviewed for incorrect validation, state handling, or accounting assumptions related to this pattern."
367,e169bbefc6e2,Medium,Arithmetic,Token Decimal,"YVault.getPricePerFullShare() 1e18 price per share, 1e18 token"
368,e169bbefc6e2,Medium,Input Validation,"Bypass Mechanism, Invalid Validation","NoContract modifier constructor (,create2)"
369,e169bbefc6e2,Medium,"Governance, Input Validation",Invalid Validation,NFTHelper Contract Allows Owner to Burn NFTs
370,e169bbefc6e2,Medium,Accounting Error,Incorrect Formula,Reward will be locked in the farm if no LP join the pool at epoch.startBlock
371,e169bbefc6e2,Medium,Accounting Error,Incorrect Formula,Rewards will be locked if user transfer directly to pool without using deposit function
372,e169bbefc6e2,Medium,Accounting Error,Incorrect Formula,SetDebtInterestApr should accrue debt first a previous time window as this is unfair & wrong.
373,e6e43dfea59f,High,Accounting Error,Incorrect Formula,StakedCitadel doesn't use correct balance for internal accounting The StakedCitadel contract's balance() function is supposed to return the balance of the vault + the balance of the strategy.
374,e6e43dfea59f,High,ERC4626,Inflation Attack,"StakedCitadel: wrong setupVesting function name the withdraw function of the StakedCitadel contract, the setupVesting function of vesting is called, while in the StakedCitadelVester contract, the function name is vest, which will the withdraw function to fail, so that the user cannot withdraw the tokens."
375,e6e43dfea59f,High,ERC4626,Inflation Attack,"StakedCitadel depositors can be attacked by the first depositor with depressing of vault token denomination An attacker can become the first depositor for a recently created StakedCitadel contract, providing a tiny amount of Citadel tokens by calling deposit(1) (raw values here, 1 is 1 wei, 1e18 is 1 Citadel as it has 18 decimals)."
376,e6e43dfea59f,Medium,Accounting Error,Incorrect Formula,Funding.deposit() doesn't work if there is no discount set The Funding contract's deposit() function uses the getAmountOut() function to determine how many citadel tokens the user should receive for their deposit.
377,e6e43dfea59f,Medium,ERC4626,Inflation Attack,"New vest reset unlockBegin of existing vest without removing vested amount When vest is called by xCTDL vault, the previous amount will re-lock according to the new vesting timeline."
378,e6e43dfea59f,Medium,Input Validation,Stale Value,"Stale price used when citadelPriceFlag is cleared the video, the stale price from before the flag will be used."
379,e6e43dfea59f,Medium,MEV,Front Run,Guaranteed citadel profit User can sandwich mintAndDistribute function if mintable is high enough Deposit before Withdraw after Take after 21 days citadels
380,e6e43dfea59f,Medium,Input Validation,Invalid Validation,KnightingRound tokenOutPrice changes the tokens for whatever price is set as tokenOutPrice.
381,fee749ecd513,High,"Input Validation, Pause",Invalid Validation,"Someone can create non-liquidatable auction if the collateral asset fails on transferring to address(0) if the auctioneerReward is set to an value 0 (as default), each liquidate call will call Join module to pay out to auctioneer with the following line: This line will revert if auctioneer is set to address(0) on some tokens (revert on transferring to address(0) is a default behaviour of the OpenZeppelin template, this."
382,fee749ecd513,High,Accounting Error,Incorrect Formula,Incorrect amount of Collateral moves for Auction the debt and collateral which moves for Auction is calculated incorrectly.
383,b2a8c124d062,High,Arithmetic,Token Decimal,"Mismatch in withdraw() between Yearn and other protocols can prevent Users from redeeming zcTokens and permanently lock funds the docs for Euler, ERC4626, Compound and Aave, when withdrawing and depositing funds the amount specified corresponds excactly to how many of the underlying assets are deposited or withdrawn."
384,b2a8c124d062,Medium,Accounting Error,Incorrect Formula,Swivel.setFee() is implemented wrongly. This function
385,b2a8c124d062,Medium,Accounting Error,State Update Inconsistency,Error in allowance logic There is an error in the allowance functionality to allow a non-owner to withdraw or redeem ZcTokens for the owner.
386,b2a8c124d062,Medium,Accounting Error,Incorrect Formula,VaultTracker miscalculates compounding interest This causes nToken holders to receive less yield than they should.
387,b2a8c124d062,Medium,Accounting Error,Incorrect Formula,Yearn vault integration is broken a MarketPlace associated with a Yearn vault.
388,b2a8c124d062,Medium,"Governance, Input Validation",Invalid Validation,"ERC20 Incorrect check on returnedAddress in permit() results in unlimited approval of zero address When creating ERC20.sol from Solmate, a require() in permit() was converted to a custom error incorrectly."
389,b2a8c124d062,Medium,Accounting Error,Incorrect Formula,"ZcToken.withdraw will send user 0 tokens if called after maturity deadline but before market is set mature If maturityRate is still 0 after maturity deadline (because no transactions setting maturityRate have been executed yet), then previewWithdraw calculated amount (used by ZcToken.withdraw function) is 0 and thus withdraw function will send 0 underlying tokens to user, which might be very confusing to user."
390,b2a8c124d062,Medium,Governance,Bypass Mechanism,Loss of funds in an underlying protocol would catostrophic loss of funds for swivel user funds.
391,b2a8c124d062,Medium,Accounting Error,Incorrect Formula,"Interface definition error this method only method ""authRedeemZcToken()""."
392,b2a8c124d062,Medium,Accounting Error,Incorrect Formula,"With most functions in VaultTracker.sol, users can call them only once after maturity has been reached. the second call of any functions after maturity, it will revert and users might lose their funds or interests."
393,b2a8c124d062,Medium,Accounting Error,Incorrect Formula,Should use = instead of The comparison should be 'a = vlt.notional' instead of a vlt.notional.
394,b2a8c124d062,Medium,Accounting Error,Incorrect Formula,VaultTracker has the wrong admin an instance of ZcToken and a VaultTracker.
395,b2a8c124d062,Medium,Access Control,Centralization Risk,Unpaused(p) modifier missing in authRedeem function User will be able to redeem zcTokens and withdraw underlying even in paused Market.
396,ba93b3b8d7cf,High,Slippage,Hardcoded Parameter,Hard-coded slippage may freeze user funds during market turbulence a hardcoded slippage control of 99%.
397,ba93b3b8d7cf,High,Accounting Error,Incorrect Formula,The check for value transfer success is made after the return statement in withdrawFromYieldPool of LidoVault Users can lose their funds
398,ba93b3b8d7cf,Medium,TWAP,Incorrect Formula,Yield can be unfairly divided because of MEV/Just-in-time stablecoin deposits an unfair division of yield.
399,ba93b3b8d7cf,Medium,Accounting Error,Incorrect Formula,Possible lost msg.value if LidoVault and ConvexCurveLPVault contract receive this call the fouds will lost.
400,ba93b3b8d7cf,Medium,Accounting Error,Incorrect Formula,UNISWAP FEE is hardcoded which will lead to significant losses compared to optimal routing
