Property,repo_path,severity,tag,subtag,description
1,0315ba9d8121,Medium,RCE,Misuse of Dependency,"In repository 0315ba9d8121, the NPM package scope @timeswap-labs was unclaimed, allowing any attacker to publish a malicious package with a higher version."
2,0315ba9d8121,Medium,Arithmetic,Missing Initialization,"In repository 0315ba9d8121, the variable excess is incorrectly initialized to zero, causing an underflow when subtracting dueOut.collateral. As a result, ETH.transfer() is never called and the function will always revert if maxCollateral > dueOut.collateral. This candidate covers finding pattern #2 for the repository."
3,0315ba9d8121,Medium,"Arithmetic, DoS",Front Run,"In repository 0315ba9d8121, an attacker can frontrun a user’s full repayment by paying a negligible amount (e.g., 1 wei), causing the user’s due.debt -= param.assetsIn[i] to underflow and revert, making full repayment impossible. This candidate covers finding pattern #3 for the repository."
4,0315ba9d8121,High,Input Validation,Invalid Validation,"In repository 0315ba9d8121, the E303 check is performed before updating assetIn and collateralOut, allowing attackers to bypass the proportion check by using zero values on the first iteration. This candidate covers finding pattern #4 for the repository."
5,0315ba9d8121,Medium,Liquidation,Unfair Liquidation,"In repository 0315ba9d8121, _checkLoanIsHealthy lacks a safety buffer, allowing borrowers at the maximum loan limit to be unfairly liquidated due to minor market fluctuations. This candidate covers finding pattern #5 for the repository."
6,0315ba9d8121,High,"Arithmetic, Oracle, Uniswap",Rounding Error,"In repository 0315ba9d8121, if tickCumulatives[1] - tickCumulatives[0] is negative and ((tickCumulatives[1] - tickCumulatives[0]) % twapSeconds) does not equal zero, then the returned tick will be larger than its correct value. This candidate covers finding pattern #6 for the repository."
7,0315ba9d8121,High,DoS,onERC721Received callback,"In repository 0315ba9d8121, malicious holders can exploit the onERC721Received callback by returning an invalid value, leading to a revert. This candidate covers finding pattern #7 for the repository."
8,0315ba9d8121,Medium,Input Validation,Bypass Mechanism,"In repository 0315ba9d8121, _updateAndCheckCollateral() only checks collateral limits during borrowing, allowing attackers to bypass the checks and exceed the collateral limits set by the protocol through the process of 'deposit → borrow → immediately withdraw. This candidate covers finding pattern #8 for the repository."
9,03196f805abb,Medium,Uniswap,Incorrect Parameter,"In repository 03196f805abb, zeroswap/UniswapV2Library.sol Wrong init code hash in UniswapV2Library.pairFor() will break UniswapV2Oracle, UniswapV2Router02, SushiRoll"
10,03196f805abb,Medium,Logic Error,"Bad Condition, No Recovery Mechanism","In repository 03196f805abb, the method checks the amount received from the user with the condition if (balanceAfter < balanceBefore + collateral) revert InsufficientInputError();. However, the user may actually pay more collateral. In this case, no funds are returned to the caller, and they do not receive additional liquidity or shares. This candidate covers finding pattern #2 for the repository."
11,03196f805abb,Medium,MEV,Price Manipulation / Arbitrage opportunity,"In repository 03196f805abb, the design of upperBound in relation to liquidity distribution can create incentives for liquidity concentration and front-running liquidations as market prices and borrowing behaviors change. This allows the fastest participants to exit early or lock in funds to capture MEV (Maximal Extractable Value) profits. This candidate covers finding pattern #3 for the repository."
12,03196f805abb,High,Arithmetic,Precision Loss,"In repository 03196f805abb, invariant() performs division before multiplication when executing FullMath.mulDiv(), leading to data being truncated when dealing with low-precision decimal tokens. This allows attackers to extract assets while still satisfying the invariant condition. This candidate covers finding pattern #4 for the repository."
13,03196f805abb,Medium,DoS,Missing Functionality,"In repository 03196f805abb, when adding liquidity for the first time, the protocol requires users to manually input amount0Min, amount1Min, and liquidity simultaneously, lacking on-chain verification or automatic calculation mechanisms. This can result in imprecise values and may lead to reverts. This candidate covers finding pattern #5 for the repository."
14,03196f805abb,Medium,ERC20,Fee On Transfer Token,"In repository 03196f805abb, mint() uses the input parameter collateral to determine the actual amount received, overlooking the fact that fee-on-transfer ERC20 tokens can lead to a shortage of collateral. This results in a failed check and prevents support for such tokens. This candidate covers finding pattern #6 for the repository."
15,03196f805abb,Medium,Arithmetic,Precision Loss,"In repository 03196f805abb, division before multiplication incurs unnecessary precision loss This candidate covers finding pattern #7 for the repository."
16,03196f805abb,Medium,"Arithmetic, DoS",Implementation Error,"In repository 03196f805abb, the implementation computes and stores the later segments’ y‑intercepts ($b_2, b_3$) as uint256, but for realistic “kinked” curves used in lending platform (flat first, then steep), these intercepts are often negative. This candidate covers finding pattern #8 for the repository."
17,03196f805abb,Medium,"Chainlink, Oracle","Missing Return Check, Stale Value","In repository 03196f805abb, the function_getCurrentChainlinkResponse() blindly trusts the values returned by Chainlink’s latestRoundData() without performing all the necessary validity checks — specifically, it does not verify that the round’s answer is finalized using the answeredInRound field, which may result in stale price This candidate covers finding pattern #9 for the repository."
18,099243e83259,Medium,Upgradeable,Storage Gap,"In repository 099243e83259, no Storage Gap for Upgradeable Contracts"
19,099243e83259,Medium,DoS,"Implementation Error, Incorrect Parameter","In repository 099243e83259, fuseTokenAdapterV1.wrap() and FuseTokenAdapterV1.unwrap() check if the return value of mint() and redeem() is NO_ERROR respectively. (NO_ERROR is declared as 0 in the beginning of the contract) However, the return value of mint() and redeem() is the amount minted or redeemed.Due to the wrong condition check, both FuseTokenAdapterV1.wrap() and FuseTokenAdapterV1.unwrap() revert even when the operation succeeds. This candidate covers finding pattern #2 for the repository."
20,099243e83259,Medium,Slippage,minOut set to 0,"In repository 099243e83259, transmuterBuffer._alchemistDeposit() calls IAlchemistV2(alchemist).depositUnderlying() with minOut hardcoded to 0.Setting minOut to 0 means no slippage protection. Users may suffer significant losses. This candidate covers finding pattern #3 for the repository."
21,099243e83259,Medium,Input Validation,"Peg / Depeg, Price Manipulation / Arbitrage opportunity","In repository 099243e83259, alchemistV2.repay() reduces debt (alToken) based on the amount of the underlyingToken in a fixed 1:1 ratio (AlchemistV2._normalizeUnderlyingTokensToDebt() only adjust underlyingToken to same decimal), without accounting for whether the underlyingToken has depegged. Debt can be repaid with depegged underlyingToken and users can perform arbitrage, resulting in alToken having the same price as the most depegged underlyingToken. This candidate covers finding pattern #4 for the repository."
22,099243e83259,Medium,Input Validation,Inflation Attack,"In repository 099243e83259, the new gALCX contract lacks a minimum deposit or initial liquidity requirement, allowing an attacker(first depositor) to acquire the only gALCX share with a tiny deposit. Then the attacker transfers a massive amount of ALCX to the contract and calls bumpExchangeRate() to increase the cost to get a gALCX. Due to high exchangeRate and rounding down in division, the remainder part of subsequent stakers’ staking will be lost and distributed to the attacker. This candidate covers finding pattern #5 for the repository."
23,099243e83259,Medium,"DoS, Flashloan",State Update Inconsistency,"In repository 099243e83259, alchemistV2 sets _mintingLimiter to limit the token minted amount in a period. The mint operation decreases the _mintingLimiter, but the burn operation does not replenish it, and the debt position is updated during the burn phase, so attacker can mint again after burning. An attacker can loop the mint-burn action using flashloan to saturate the mint limit, preventing others from minting. This candidate covers finding pattern #6 for the repository."
24,099243e83259,Medium,Accounting Error,Implementation Error,"In repository 099243e83259, wstETHAdapterV1.price() should convert WstETH to WETH, but it only converts WstETH to stETH, lacking the part of converting stETH to WETH. The returned price is wrong and can lead to incorrect balance calculation and harvestable amount. This candidate covers finding pattern #7 for the repository."
25,103f39b0f29b,Medium,Oracle,Stale Value,"In repository 103f39b0f29b, the protocol uses Pyth's getPriceUnsafe() to obtain prices and only checks if the value is greater than 0, lacking an expiry check. This allows outdated and potentially manipulatable prices to enter the liquidation logic, resulting in financial losses for borrowers."
26,103f39b0f29b,Medium,"Cross-Chain,DoS",Implementation Error,"In repository 103f39b0f29b, the incorrect restriction of msg.sender to axelarGateway results in legitimate cross-chain messages being unable to pass, leading to a DoS. This candidate covers finding pattern #2 for the repository."
27,103f39b0f29b,Medium,Access Control,Does not match with Doc,"In repository 103f39b0f29b, delayedAdmin does not store the address of PauseAdmin and lacks a method to call removePauser, resulting in the failure of the emergency removal process for pausers as designed in the documentation, undermining the expected security model. This candidate covers finding pattern #3 for the repository."
28,103f39b0f29b,Medium,"Access Control,DoS",Invalid Validation,"In repository 103f39b0f29b, the deposit and mint functions do not verify the relationship between the recipient and the caller, as well as the origin of the assets. This allows an attacker to inject small amounts of funds into another user's account, disrupting subsequent transactions and causing a denial of service (DoS). This candidate covers finding pattern #4 for the repository."
29,103f39b0f29b,Medium,DoS,Implementation Error,"In repository 103f39b0f29b, the contract caches the DOMAIN_SEPARATOR in the constructor without initializing name, resulting in the computed domain separator being inconsistent with the standard EIP-2612 requirements, causing the permit signature to fail verification. This candidate covers finding pattern #5 for the repository."
30,1167ec3a176e,Medium,"DoS, ERC20",No Recovery Mechanism,"In repository 1167ec3a176e, if _executeWithToken reverts, the tokens will be locked in the bridge and cannot be recovered."
31,1167ec3a176e,Medium,Cross-Chain,"Does not match with Doc, No Recovery Mechanism","In repository 1167ec3a176e, when performing cross-chain transactions, there's a risk of the transaction getting stuck. It's necessary to add options for refunding or canceling the transaction. This candidate covers finding pattern #2 for the repository."
32,1167ec3a176e,Medium,DoS,Invalid Validation,"In repository 1167ec3a176e, in the XC20Wrapper contract, the removeWrapping() function can be executed even when wrapped tokens are still in circulation, resulting in unwrapped[wrappedToken] being set to address(0). This candidate covers finding pattern #3 for the repository."
33,1167ec3a176e,Medium,Access Control,State Update Inconsistency,"In repository 1167ec3a176e, after updating the access control, the old operator can still vote using their previous voting power. This candidate covers finding pattern #4 for the repository."
34,1167ec3a176e,Medium,Access Control,State Update Inconsistency,"In repository 1167ec3a176e, the AxelarGateway contract allows old operators to call transferOperatorship multiple times within the same execute() call, because the currentOperators state is not updated immediately within each iteration of the loop. This candidate covers finding pattern #5 for the repository."
35,1167ec3a176e,High,Slippage,Invalid Slippage Control / Missing slippage check,"In repository 1167ec3a176e, the slippage protection threshold was incorrectly based on the OP-to-USD/ETH price instead of the actual alUSD/alETH trading pair price, resulting in an inaccurate minimum trade size threshold and exposure to sandwich attacks. This candidate covers finding pattern #6 for the repository."
36,1167ec3a176e,High,Input Validation,"Duplicate Value, Invalid Validation","In repository 1167ec3a176e, lack of checks for duplicate token additions, allowing the same token to be added multiple times to the same or different vaults. This candidate covers finding pattern #7 for the repository."
37,198fa93fabdd,Medium,ERC721,onERC721Received callback,"In repository 198fa93fabdd, the contract uses transferFrom() instead of safeTransferFrom() when transferring ERC721 tokens."
38,198fa93fabdd,Medium,Arithmetic,Bad Condition,"In repository 198fa93fabdd, due to insufficient temporary variable types when calculating the expiration time, an overflow occurs during intermediate calculations when the term is ≥ 195 days, resulting in a logic error that prevents the proper establishment of the call option. This candidate covers finding pattern #2 for the repository."
39,198fa93fabdd,Medium,Input Validation,Bad Condition,"In repository 198fa93fabdd, buyOption() only checks if msg.value >= premium rather than strictly equal, allowing users to accidentally overpay, with the excess amount being directly collected by the vault creator. This candidate covers finding pattern #3 for the repository."
40,198fa93fabdd,Medium,Access Control,"Centralization Risk, Missing Upper/Lower Bound Check","In repository 198fa93fabdd, the contract owner can adjust the feeRate at any time, allowing them to set an extremely high rate temporarily before executing a high-value transaction, effectively intercepting the execution profits. This candidate covers finding pattern #4 for the repository."
41,198fa93fabdd,High,"ERC20, Solmate",Missing Return Check,"In repository 198fa93fabdd, createVault() uses Solmate's SafeTransferLib to transfer ERC20 tokens without checking whether the target address is a contract.This leads to successful transactions and incorrect balance records when transferring to non-existent token addresses, allowing attackers to set traps and steal funds from future users. This candidate covers finding pattern #5 for the repository."
42,198fa93fabdd,Medium,ERC20,Rebase Token,"In repository 198fa93fabdd, when using a Rebase ERC20 token that automatically increases its balance as vault assets, the additional accumulated rewards will be locked within the vault and cannot be withdrawn by the seller or owner, resulting in funds being permanently inaccessible. This candidate covers finding pattern #6 for the repository."
43,198fa93fabdd,High,ERC20,Missing Return Check,"In repository 198fa93fabdd, the contract does not check the return value when executing ERC20 token transfers, allowing tokens that return false instead of reverting (such as ZRX) to create vaults and defraud buyers without actually transferring assets. This candidate covers finding pattern #7 for the repository."
44,198fa93fabdd,Medium,ERC20,Fee On Transfer Token,"In repository 198fa93fabdd, due to the contract's failure to handle the transfer discrepancies of fee-on-transfer ERC20 tokens,'the amount recorded in the vault may exceed the actual number of tokens received. This candidate covers finding pattern #8 for the repository."
45,1d8f1f43cde9,Medium,Access Control,Implementation Error,"In repository 1d8f1f43cde9, the contract fails to properly check user permissions, preventing users from performing intended actions. When a user attempts to follow using a wrapped followTokenId, if the user is not the owner of the corresponding follow NFT or has not been authorized, they are unable to unfollow. This means that users cannot control their own follow actions without owning the respective follow NFT."
46,1d8f1f43cde9,Medium,Pause,State Update Inconsistency,"In repository 1d8f1f43cde9, when the system is paused, users should not be able to execute the unfollow() operation due to the whenNotPaused modifier. However, users can bypass this restriction by calling removeFollower() or burn() in the FollowNFT contract, which lack the whenNotPaused modifier, allowing them to unfollow even while the system is paused. This candidate covers finding pattern #2 for the repository."
47,1d8f1f43cde9,Medium,Re-org Attack,State Update Inconsistency,"In repository 1d8f1f43cde9, identifying publications using its ID makes the protocol vulnerable to blockchain re-orgs This candidate covers finding pattern #3 for the repository."
48,1d8f1f43cde9,Medium,Input Validation,State Update Inconsistency,"In repository 1d8f1f43cde9, tryMigrate() function does not check whether followerProfileId is already following any data. If a user calls follow() again after upgrading to V2, it may result in the same user following the same data twice, causing _followerCount to be incorrectly incremented and the state of _followDataByFollowTokenId to become inconsistent. This candidate covers finding pattern #4 for the repository."
49,1d8f1f43cde9,Medium,Access Control,"Bypass Mechanism, Implementation Error","In repository 1d8f1f43cde9, in approve(), the token guardian check is insufficient. Even if the owner has enabled the token guardian, an already authorized operator can still call the approve() function to set token allowances, meaning the owner's tokens could be controlled by an unauthorized operator. This candidate covers finding pattern #5 for the repository."
50,1d8f1f43cde9,Medium,DoS,Duplicate Value,"In repository 1d8f1f43cde9, there is a lack of proper operation restrictions for whitelisted profile creators, allowing them to mint handles corresponding to V1 Profiles. If someone else mints the same handle after the V2 upgrade, the corresponding V1 profile will be permanently unable to be migrated using batchMigrateProfiles(). This candidate covers finding pattern #6 for the repository."
51,27c6f2a68058,Medium,Uniswap,Incorrect Parameter,"In repository 27c6f2a68058, zeroswap/UniswapV2Library.sol Wrong init code hash in UniswapV2Library.pairFor() will break UniswapV2Oracle, UniswapV2Router02, SushiRoll"
52,27c6f2a68058,Medium,Logic Error,"Bad Condition, No Recovery Mechanism","In repository 27c6f2a68058, the method checks the amount received from the user with the condition if (balanceAfter < balanceBefore + collateral) revert InsufficientInputError();. However, the user may actually pay more collateral. In this case, no funds are returned to the caller, and they do not receive additional liquidity or shares. This candidate covers finding pattern #2 for the repository."
53,27c6f2a68058,Medium,MEV,Price Manipulation / Arbitrage opportunity,"In repository 27c6f2a68058, the design of upperBound in relation to liquidity distribution can create incentives for liquidity concentration and front-running liquidations as market prices and borrowing behaviors change. This allows the fastest participants to exit early or lock in funds to capture MEV (Maximal Extractable Value) profits. This candidate covers finding pattern #3 for the repository."
54,27c6f2a68058,Medium,DoS,Missing Functionality,"In repository 27c6f2a68058, when adding liquidity for the first time, the protocol requires users to manually input amount0Min, amount1Min, and liquidity simultaneously, lacking on-chain verification or automatic calculation mechanisms. This can result in imprecise values and may lead to reverts. This candidate covers finding pattern #4 for the repository."
55,27c6f2a68058,High,Arithmetic,Precision Loss,"In repository 27c6f2a68058, invariant() performs division before multiplication when executing FullMath.mulDiv(), leading to data being truncated when dealing with low-precision decimal tokens. This allows attackers to extract assets while still satisfying the invariant condition. This candidate covers finding pattern #5 for the repository."
56,27c6f2a68058,Medium,ERC20,Fee On Transfer Token,"In repository 27c6f2a68058, mint() uses the input parameter collateral to determine the actual amount received, overlooking the fact that fee-on-transfer ERC20 tokens can lead to a shortage of collateral. This results in a failed check and prevents support for such tokens. This candidate covers finding pattern #6 for the repository."
57,27c6f2a68058,Medium,Arithmetic,Precision Loss,"In repository 27c6f2a68058, division before multiplication incurs unnecessary precision loss This candidate covers finding pattern #7 for the repository."
58,2c5e13b4e147,Medium,Logic error,Invariant Violation,"In repository 2c5e13b4e147, the delta calculation formula for out-of-the-money options directly returns 0, ignoring their actual price sensitivity. This leads to the vault not hedging the risks associated with such positions, violating the principle that 'traders' profits should not translate into LP losses."
59,2c5e13b4e147,Medium,ERC4626,Inflation Attack,"In repository 2c5e13b4e147, malicious users can exploit the new Smilee vault by using donations to execute a classic first depositor/ERC4626 inflation attack. This candidate covers finding pattern #2 for the repository."
60,2c5e13b4e147,Medium,Access Control,Arbitrary Add/Remove/Set/ Call,"In repository 2c5e13b4e147, the FeeManager.trackVaultFee and receiveFee functions lack authorization checks, allowing any contract to impersonate the vault or DVP identity and arbitrarily increase fee records. This compromises accounting data and can lead to DVP operation rollbacks. This candidate covers finding pattern #3 for the repository."
61,2c5e13b4e147,Medium,Logic error,"Implementation Error, Refund Failed","In repository 2c5e13b4e147, the safeTransferFrom function attempts to send funds from itself, which requires the contract to first approve itself to increase its allowance. However, there is no self-approval logic in the contract. As a result, this refund functionality fails every time. Instead, safeTransfer() should be used for refunds. This candidate covers finding pattern #4 for the repository."
62,2c5e13b4e147,High,Logic error,Bad Condition,"In repository 2c5e13b4e147, the volatility model directly combines the utilization of bull and bear market options without distinguishing between directional and premium difference conditions. This allows low-priced options trades to impact the pricing of high-priced options, creating opportunities for arbitrage. This candidate covers finding pattern #5 for the repository."
63,2c5e13b4e147,High,Logic error,Bad Condition,"In repository 2c5e13b4e147, the final check in deltaHedgeAmount lacks validation of the sign for tokensToSwap, resulting in negative amounts being incorrectly reversed to positive numbers when close to the position. This erroneous hedging direction can be maliciously exploited to manipulate the vault's positions. This candidate covers finding pattern #6 for the repository."
64,2c5e13b4e147,Medium,DoS,Incorrect Parameter,"In repository 2c5e13b4e147, incorrect strike parameters were stored, causing subsequent burns to be unable to locate the position and permanently locking it. This candidate covers finding pattern #7 for the repository."
65,2c5e13b4e147,Medium,ERC20,safeApprove,"In repository 2c5e13b4e147, in multiple functions, safeApprove() is used to set another non-zero value directly from a non-zero allowance without first setting the allowance to 0, triggering the protection checks in OpenZeppelin's SafeERC20. This results in subsequent mint/burn/sell processes being reverted. This candidate covers finding pattern #8 for the repository."
66,348856fe60ac,High,Governance,Incorrect Parameter,"In repository 348856fe60ac, llamaRelativeQuorum calculates the required votes for approval and disapproval when creating governance proposals by setting actionApprovalSupply / actionDisapprovalSupply to the number of role holders (getRoleSupplyAsNumberOfHolders()). However, when calculating the actual number of approved votes, it uses the quantity of each holder instead of a fixed 1 vote per holder. This results in members holding multiple tokens having an overly disproportionate influence, allowing them to prematurely meet the quorum conditions."
67,348856fe60ac,High,"Access Control,Governance",Arbitrary Add/Remove/Set/Call,"In repository 348856fe60ac, llamaRelativeQuorum.validateActionCreation() is defined as external and does not include any authorization checks, allowing anyone to re-invoke it after an action has been created to overwrite the snapshot values of actionApprovalSupply and actionDisapprovalSupply. This candidate covers finding pattern #2 for the repository."
68,348856fe60ac,Medium,Governance,Incorrect Parameter,"In repository 348856fe60ac, llamaCore.executeAction() supports governance actions with msg.value, but it does not pass that value down when calling LlamaExecutor.execute(), and LlamaExecutor.execute() is also not marked as payable. This candidate covers finding pattern #3 for the repository."
69,348856fe60ac,Medium,DoS,Out of Gas,"In repository 348856fe60ac, a user can create 24 * 3600 * 30 ~ 2.5 mils actions to DOS a system in a month This candidate covers finding pattern #4 for the repository."
70,348856fe60ac,Medium,DoS,Bad Condition,"In repository 348856fe60ac, castDisapproval() only checks if the proposal is in the ""queued"" state in _preCastAssertions() and does not simultaneously check block.timestamp < minExecutionTime. This allows a proposal to be voted against even when it has reached the executable time, causing the proposal to immediately transition to a rejected state and resulting in a failed execution. This candidate covers finding pattern #5 for the repository."
71,40cc38c69cca,Medium,Arithmetic,Bad Condition,"In repository 40cc38c69cca, due to insufficient temporary variable types when calculating the expiration time, an overflow occurs during intermediate calculations when the term is ≥ 195 days, resulting in a logic error that prevents the proper establishment of the call option."
72,40cc38c69cca,Medium,Input Validation,Bad Condition,"In repository 40cc38c69cca, buyOption() only checks if msg.value >= premium rather than strictly equal, allowing users to accidentally overpay, with the excess amount being directly collected by the vault creator. This candidate covers finding pattern #2 for the repository."
73,40cc38c69cca,Medium,Access Control,"Centralization Risk, Missing Upper/Lower Bound Check","In repository 40cc38c69cca, the contract owner can adjust the feeRate at any time, allowing them to set an extremely high rate temporarily before executing a high-value transaction, effectively intercepting the execution profits. This candidate covers finding pattern #3 for the repository."
74,40cc38c69cca,High,"ERC20, Solmate",Missing Return Check,"In repository 40cc38c69cca, createVault() uses Solmate's SafeTransferLib to transfer ERC20 tokens without checking whether the target address is a contract.This leads to successful transactions and incorrect balance records when transferring to non-existent token addresses, allowing attackers to set traps and steal funds from future users. This candidate covers finding pattern #4 for the repository."
75,40cc38c69cca,Medium,ERC721,onERC721Received callback,"In repository 40cc38c69cca, the contract uses transferFrom() instead of safeTransferFrom() when transferring ERC721 tokens. This candidate covers finding pattern #5 for the repository."
76,40cc38c69cca,High,ERC20,Missing Return Check,"In repository 40cc38c69cca, the contract does not check the return value when executing ERC20 token transfers, allowing tokens that return false instead of reverting (such as ZRX) to create vaults and defraud buyers without actually transferring assets. This candidate covers finding pattern #6 for the repository."
77,40cc38c69cca,Medium,ERC20,Rebase Token,"In repository 40cc38c69cca, when using a Rebase ERC20 token that automatically increases its balance as vault assets, the additional accumulated rewards will be locked within the vault and cannot be withdrawn by the seller or owner, resulting in funds being permanently inaccessible. This candidate covers finding pattern #7 for the repository."
78,485f7b9ccb0a,Medium,Upgradeable,Diamond,"In repository 485f7b9ccb0a, if the governor key is leaked, an attacker can frontrun the execution with a malicious _calldata after the notice period, bypassing the intended upgrade protection. Without early detection of key leakage, the system cannot prevent malicious upgrades."
79,485f7b9ccb0a,Medium,Zksync,EVM Compatibility,"In repository 485f7b9ccb0a, the BLOCK_PERIOD is incorrectly set to 13 seconds instead of Ethereum's actual 12-second PoS block time, causing priority transactions to expire 5.5 hours earlier than expected on zkSync. This candidate covers finding pattern #2 for the repository."
80,485f7b9ccb0a,Medium,Upgradeable,Misuse of Dependency,"In repository 485f7b9ccb0a, poolOracle utilizes vulnerable OZ 4.3.1 UUPS implementation This candidate covers finding pattern #3 for the repository."
81,485f7b9ccb0a,Medium,Input Validation,Invalid Validation,"In repository 485f7b9ccb0a, the swapCallback function verifies msg.sender solely based on the result of _getPool(), without confirming whether the address corresponds to a valid pool deployed by the factory. This creates an opportunity for address collisions that can bypass the check and exhaust quota resources. This candidate covers finding pattern #4 for the repository."
82,485f7b9ccb0a,Medium,"Chainlink, Oracle","Missing Return Check, Stale Value","In repository 485f7b9ccb0a, the function_getCurrentChainlinkResponse() blindly trusts the values returned by Chainlink’s latestRoundData() without performing all the necessary validity checks — specifically, it does not verify that the round’s answer is finalized using the answeredInRound field, which may result in stale price This candidate covers finding pattern #5 for the repository."
83,485f7b9ccb0a,Medium,Input Validation,"Does not match with Doc, Implementation Error, Invalid Validation","In repository 485f7b9ccb0a, the getFee function’s implementation checks only the new collateral input against dollarCap while the comment specifies checking total plus input, creating a mismatch that could mislead integrators and cause cap enforcement to fail. This candidate covers finding pattern #6 for the repository."
84,485f7b9ccb0a,Medium,"Arithmetic, DoS",Implementation Error,"In repository 485f7b9ccb0a, the implementation computes and stores the later segments’ y‑intercepts ($b_2, b_3$) as uint256, but for realistic “kinked” curves used in lending platform (flat first, then steep), these intercepts are often negative. This candidate covers finding pattern #7 for the repository."
85,485f7b9ccb0a,High,Access Control,"Does not match with Doc, Implementation Error","In repository 485f7b9ccb0a, the receiveCollateral function lacks a caller restriction to ActivePool, allowing any address to invoke it with arbitrary token and amount parameters to alter StabilityPool balances. This candidate covers finding pattern #8 for the repository."
86,4ef0b4d678ab,High,"ERC20, Solmate",Missing Return Check,"In repository 4ef0b4d678ab, createVault() uses Solmate's SafeTransferLib to transfer ERC20 tokens without checking whether the target address is a contract.This leads to successful transactions and incorrect balance records when transferring to non-existent token addresses, allowing attackers to set traps and steal funds from future users."
87,4ef0b4d678ab,Medium,Access Control,"Centralization Risk, Missing Upper/Lower Bound Check","In repository 4ef0b4d678ab, the contract owner can adjust the feeRate at any time, allowing them to set an extremely high rate temporarily before executing a high-value transaction, effectively intercepting the execution profits. This candidate covers finding pattern #2 for the repository."
88,4ef0b4d678ab,Medium,Arithmetic,Bad Condition,"In repository 4ef0b4d678ab, due to insufficient temporary variable types when calculating the expiration time, an overflow occurs during intermediate calculations when the term is ≥ 195 days, resulting in a logic error that prevents the proper establishment of the call option. This candidate covers finding pattern #3 for the repository."
89,4ef0b4d678ab,Medium,Input Validation,Bad Condition,"In repository 4ef0b4d678ab, buyOption() only checks if msg.value >= premium rather than strictly equal, allowing users to accidentally overpay, with the excess amount being directly collected by the vault creator. This candidate covers finding pattern #4 for the repository."
90,4ef0b4d678ab,Medium,ERC721,onERC721Received callback,"In repository 4ef0b4d678ab, the contract uses transferFrom() instead of safeTransferFrom() when transferring ERC721 tokens. This candidate covers finding pattern #5 for the repository."
91,4ef0b4d678ab,High,ERC20,Missing Return Check,"In repository 4ef0b4d678ab, the contract does not check the return value when executing ERC20 token transfers, allowing tokens that return false instead of reverting (such as ZRX) to create vaults and defraud buyers without actually transferring assets. This candidate covers finding pattern #6 for the repository."
92,4ef0b4d678ab,Medium,ERC20,Rebase Token,"In repository 4ef0b4d678ab, when using a Rebase ERC20 token that automatically increases its balance as vault assets, the additional accumulated rewards will be locked within the vault and cannot be withdrawn by the seller or owner, resulting in funds being permanently inaccessible. This candidate covers finding pattern #7 for the repository."
93,51c6dc5fd57f,High,"Flashloan, Liquidation",Bypass Mechanism,"In repository 51c6dc5fd57f, users can bypass the system's flashloan protection by self-liquidating and moving collateral within the same block, enabling repeated exploitation without immediate detection."
94,51c6dc5fd57f,Medium,Logic Error,Does not match with Doc,"In repository 51c6dc5fd57f, the liquidation bonus is miscalculated, causing liquidators to receive insufficient collateral, weakening liquidation incentives and increasing system risk. This candidate covers finding pattern #2 for the repository."
95,51c6dc5fd57f,Medium,DoS,Missing Initialization,"In repository 51c6dc5fd57f, setUnboundedKerosineVault was never called during deployment, causing the bounded vault to inevitably revert when attempting to query the value of kerosene This candidate covers finding pattern #3 for the repository."
96,51c6dc5fd57f,Medium,"Access Control, DoS",Front Run,"In repository 51c6dc5fd57f, anyone can front-run a transaction to deposit a small amount of assets into the dNFT position, thereby preventing the dNFT owner from removing a specific vault. The reason is that both remove() and removeKerosene() check:if (Vault(vault).id2asset(id) > 0) revert VaultHasAssets();As long as there are assets in the vault, the removal will fail. Attackers can observe transactions in the mempool and deposit 'dust' assets in advance, causing the victim's removal operation to revert. This candidate covers finding pattern #4 for the repository."
97,51c6dc5fd57f,High,"Liquidation, Logic Error",Cannot partial liquidations,"In repository 51c6dc5fd57f, partial liquidations cannot be performed and prevents liquidators from liquidating DYAD minted by whales that hold huge positions in the system. Since the liquidations cannot be performed unless the liquidator can match up to the collateral deposited and DYAD minted by the whale, the system will be undercollaterized causing bad debt to accrue. This candidate covers finding pattern #5 for the repository."
98,51c6dc5fd57f,High,DoS,Front Run,"In repository 51c6dc5fd57f, attacker can frontrun a deposit request with amount 0 to block the withdraw reqeust This candidate covers finding pattern #6 for the repository."
99,51c6dc5fd57f,High,"DoS, Input Validation",Invalid Validation,"In repository 51c6dc5fd57f, an attacker can grief any token ID by depositing a dust amount in the same block, triggering the DepositedInSameBlock check and causing a denial-of-service on withdrawals. This candidate covers finding pattern #7 for the repository."
100,51c6dc5fd57f,High,DoS,Missing Functionality,"In repository 51c6dc5fd57f, users’ funds deposited into the unbounded Kerosene vault become permanently locked due to missing decimals() support, preventing withdrawals. This candidate covers finding pattern #8 for the repository."
101,51c6dc5fd57f,Medium,Liquidation,"Unfair Liquidation, Whale","In repository 51c6dc5fd57f, the price of kerosene tokens can be manipulated instantaneously, leading to forced liquidation. The getKeroseneValue()function relies on the real-time price of the kerosene vault, which can change abruptly with user actions (depositing or withdrawing collateral). Attackers can exploit this to force other users into liquidation. This candidate covers finding pattern #9 for the repository."
102,54405135ebf3,Medium,Arithmetic,"Block Time / Block Number,Incorrect Parameter","In repository 54405135ebf3, the day in blocks is calculated with the block time as 13.3 seconds in CoreVoting.sol.: uint256 public constant DAY_IN_BLOCKS = 6496;, but since moving to proof of stake, block times are fixed to 12 seconds per blockThis results in an incorrect calculation of the lockDuration and extraVoteTime, which is used in setting the total duration of a proposal should be active and also the max vote time."
103,54405135ebf3,Medium,ERC20,Implementation Error,"In repository 54405135ebf3, gscApprove can overwrite the approved allowance of the same spender from previously approved value This candidate covers finding pattern #2 for the repository."
104,54405135ebf3,Medium,"Access Control,DoS",State Update Inconsistency,"In repository 54405135ebf3, admin is allowed to update merkleRoot. But some users won't be able to claim correct amount because of inconsistent check in claiming function. This candidate covers finding pattern #3 for the repository."
105,54405135ebf3,Medium,Governance,Missing Functionality,"In repository 54405135ebf3, the NFTBoostVault lacks a mechanism to automatically synchronize the voting power of all relevant accounts after the multiplier is updated, and it does not compute the multiplier voting power based on the block at which the proposal is created during voting. This can result in votes being erroneously calculated based on outdated multipliers. This candidate covers finding pattern #4 for the repository."
106,54405135ebf3,Medium,Arithmetic,Missing Upper/Lower Bound Check,"In repository 54405135ebf3, the _syncVotingPower() function is missing a lower bound check when reducing voting power, failing to verify whether the subtraction exceeds the existing voting power. This can lead to integer underflow during the subtraction, causing the transaction to revert. This candidate covers finding pattern #5 for the repository."
107,592eed5791df,High,"Flashloan, Liquidation",Bypass Mechanism,"In repository 592eed5791df, users can bypass the system's flashloan protection by self-liquidating and moving collateral within the same block, enabling repeated exploitation without immediate detection."
108,592eed5791df,High,"DoS, Input Validation",Invalid Validation,"In repository 592eed5791df, an attacker can grief any token ID by depositing a dust amount in the same block, triggering the DepositedInSameBlock check and causing a denial-of-service on withdrawals. This candidate covers finding pattern #2 for the repository."
109,592eed5791df,High,DoS,Missing Functionality,"In repository 592eed5791df, users’ funds deposited into the unbounded Kerosene vault become permanently locked due to missing decimals() support, preventing withdrawals. This candidate covers finding pattern #3 for the repository."
110,592eed5791df,High,"DoS, Liquidation",Bad Condition,"In repository 592eed5791df, liquidation reverts when non-kerosene collateral is insufficient, due to missing exogenous collateral checks in VaultManagerV2::liquidate. This candidate covers finding pattern #4 for the repository."
111,592eed5791df,Medium,Liquidation,"Unfair Liquidation, Whale","In repository 592eed5791df, the price of kerosene tokens can be manipulated instantaneously, leading to forced liquidation. The getKeroseneValue()function relies on the real-time price of the kerosene vault, which can change abruptly with user actions (depositing or withdrawing collateral). Attackers can exploit this to force other users into liquidation. This candidate covers finding pattern #5 for the repository."
112,592eed5791df,Medium,"Access Control, Input Validation",Invalid Validation,"In repository 592eed5791df, vaultManagerV2.sol::burnDyad function is missing an isDNftOwner modifier, allowing a user to burn another user’s minted DYAD This candidate covers finding pattern #6 for the repository."
113,592eed5791df,Medium,DoS,"Bad Condition, Implementation Error","In repository 592eed5791df, addKerosine() is intended to add BoundedKerosineVault and UnboundedKerosineVault to the VaultManagerV2. But since the addKerosine() check if the vault isLicensed in KerosineManager it will always revert for kerosine vaults, because in KerosineManager are stored only the exogenous vaults based on which the kerosine price is determined. This candidate covers finding pattern #7 for the repository."
114,7100a75d6ebd,Medium,Oracle,Stale Value,"In repository 7100a75d6ebd, the protocol uses Pyth's getPriceUnsafe() to obtain prices and only checks if the value is greater than 0, lacking an expiry check. This allows outdated and potentially manipulatable prices to enter the liquidation logic, resulting in financial losses for borrowers."
115,7100a75d6ebd,Medium,Input Validation,State Update Inconsistency,"In repository 7100a75d6ebd, tryMigrate() function does not check whether followerProfileId is already following any data. If a user calls follow() again after upgrading to V2, it may result in the same user following the same data twice, causing _followerCount to be incorrectly incremented and the state of _followDataByFollowTokenId to become inconsistent. This candidate covers finding pattern #2 for the repository."
116,7100a75d6ebd,Medium,Pause,State Update Inconsistency,"In repository 7100a75d6ebd, when the system is paused, users should not be able to execute the unfollow() operation due to the whenNotPaused modifier. However, users can bypass this restriction by calling removeFollower() or burn() in the FollowNFT contract, which lack the whenNotPaused modifier, allowing them to unfollow even while the system is paused. This candidate covers finding pattern #3 for the repository."
117,7100a75d6ebd,Medium,Access Control,"Bypass Mechanism, Implementation Error","In repository 7100a75d6ebd, in approve(), the token guardian check is insufficient. Even if the owner has enabled the token guardian, an already authorized operator can still call the approve() function to set token allowances, meaning the owner's tokens could be controlled by an unauthorized operator. This candidate covers finding pattern #4 for the repository."
118,7100a75d6ebd,Medium,Access Control,Implementation Error,"In repository 7100a75d6ebd, the contract fails to properly check user permissions, preventing users from performing intended actions. When a user attempts to follow using a wrapped followTokenId, if the user is not the owner of the corresponding follow NFT or has not been authorized, they are unable to unfollow. This means that users cannot control their own follow actions without owning the respective follow NFT. This candidate covers finding pattern #5 for the repository."
119,7100a75d6ebd,Medium,Re-org Attack,State Update Inconsistency,"In repository 7100a75d6ebd, identifying publications using its ID makes the protocol vulnerable to blockchain re-orgs This candidate covers finding pattern #6 for the repository."
120,7100a75d6ebd,Medium,DoS,Duplicate Value,"In repository 7100a75d6ebd, there is a lack of proper operation restrictions for whitelisted profile creators, allowing them to mint handles corresponding to V1 Profiles. If someone else mints the same handle after the V2 upgrade, the corresponding V1 profile will be permanently unable to be migrated using batchMigrateProfiles(). This candidate covers finding pattern #7 for the repository."
121,7100a75d6ebd,Medium,EIP712,Not EIP Compliant,"In repository 7100a75d6ebd, in MetaTxLib.validatePostSignature(), the postParams.actionModules array is not encoded before being passed into abi.encode. In MetaTxLib.validateChangeDelegatedExecutorsConfigSignature(), delegatedExecutors and approvals arrays are encoded using abi.encodePacked() without wrapping in keccak256. These encoding methods deviate from EIP-712 standards, causing calls to revert. This candidate covers finding pattern #8 for the repository."
122,7100a75d6ebd,Medium,EIP712,Not EIP Compliant,"In repository 7100a75d6ebd, the signature verification of the typehash differs from the EIP-712 standard, causing calls to revert. This candidate covers finding pattern #9 for the repository."
123,73f6a793d916,Medium,DoS,Incorrect Parameter,"In repository 73f6a793d916, parameter misuse caused the contract to use days instead of the withdrawal amount for validation, leading to a withdrawal DoS."
124,73f6a793d916,Medium,"DoS, Arithmetic",Incorrect Formula,"In repository 73f6a793d916, _calculateMaxBorrowCollateral subtracts unutilizedLeveragePercentage when calculating the maximum borrow collateral limit, causing an underflow and revert, which prevents the repay function from executing and subsequently triggers token liquidation. This candidate covers finding pattern #2 for the repository."
125,73f6a793d916,High,Logic error,"Incorrect Parameter, Missing Upper/Lower Bound Check","In repository 73f6a793d916, the denominator in the share calculation formula uses totalTokenBalanceStakers() (which can be manipulated by external transfers) instead of the actual effective staked assets. This allows attackers to manipulate the denominator with incorrect parameters, causing other users' shares to be calculated as 0, thereby enabling them to steal all assets. This candidate covers finding pattern #3 for the repository."
126,73f6a793d916,Medium,Logic error,Does not match with Doc,"In repository 73f6a793d916, when interacting with UMA, the escalate() function passes BOND as the bond parameter to UMA, leading to UMA burning an additional amount based on bond/2 and charging a finalFee. This is inconsistent with the documentation specification of ""full refund of the pledge,"" ultimately resulting in higher costs for the protocol agents than expected. This candidate covers finding pattern #4 for the repository."
127,73f6a793d916,Medium,Logic error,Bad Condition,"In repository 73f6a793d916, in updateYieldStrategy(), the use of try/catch for withdrawAll() of the original strategy is incorrectly handled by unconditionally ignoring any errors. This prevents the owner from choosing to abort the switch if the withdrawal fails. This candidate covers finding pattern #5 for the repository."
128,73f6a793d916,Medium,Accounting Error,State Update Inconsistency,"In repository 73f6a793d916, in arbRestake, when redeeming arbRewardShares, it only decreases the overall stakeShares of the NFT but does not synchronize the reduction of the addressShares for the nftOwner. This leads to tokenBalanceOfAddress permanently reporting an inflated balance and accumulating errors. This candidate covers finding pattern #6 for the repository."
129,73f6a793d916,Medium,Input Validation,"Hardcoded Parameter, Invalid Validation","In repository 73f6a793d916, the function hard‑codes indexes (0 and 1) of the amounts array instead of using first and last, and does not validate path endpoints. Price becomes wrong whenever the path is not exactly YUSD -> YETI with length 2. This candidate covers finding pattern #7 for the repository."
130,7b5e1803022e,Medium,"Governance, Multisig",Nonce,"In repository 7b5e1803022e, when the vote threshold is met, the onlySigners modifier resets the counter and triggers an external call. If all signers vote within the same block, it may lead to double counting."
131,7b5e1803022e,Medium,"Cross-Chain, Opensea",EVM Compatibility,"In repository 7b5e1803022e, different chains use different contract address formats, which can cause issues during cross-chain operations. Contracts may fail to interpret addresses correctly, making it impossible to whitelist addresses from certain chains. Additionally, non-EVM chains may be unable to interact with EVM-based chains. This candidate covers finding pattern #2 for the repository."
132,7b5e1803022e,Medium,Cross-Chain,Incorrect Parameter,"In repository 7b5e1803022e, the refund address is error, using msg.sender directly This candidate covers finding pattern #3 for the repository."
133,7b5e1803022e,Medium,DoS,"Case Sensitive, Implementation Error","In repository 7b5e1803022e, different EVM and non-EVM chains support different address formats (e.g., case sensitivity), which may cause validateSender to fail. This candidate covers finding pattern #4 for the repository."
134,7b5e1803022e,Medium,DoS,Whale,"In repository 7b5e1803022e, a large token holder can send back and forth tokens using the flow limit to the capacity in the start of every epoch, making the system unusable(DOS) This candidate covers finding pattern #5 for the repository."
135,7b5e1803022e,Medium,"DoS, ERC777",ERC777 Callback,"In repository 7b5e1803022e, when token is ERC777 token, the token receiver can manipulate its balance in order to increase flow in more than it should be This candidate covers finding pattern #6 for the repository."
136,7b5e1803022e,High,"ERC777, Reentrancy",Violating CEI / Missing nonReentrant,"In repository 7b5e1803022e, with a very large cross chain token transfer, a malicious party can use this to steal the same amount from the express receive executor. This candidate covers finding pattern #7 for the repository."
137,7b5e1803022e,High,"ERC777, Reentrancy","ERC777 Callback, Violating CEI / Missing nonReentrant","In repository 7b5e1803022e, a malicious actor can trick a TokenManager into thinking that a bigger amount of tokens were transferred. This candidate covers finding pattern #8 for the repository."
138,7b5e1803022e,Medium,Cross-Chain,Token Decimal,"In repository 7b5e1803022e, insufficient support for tokens with different decimal places across chains can lead to loss of funds during cross-chain bridging. This candidate covers finding pattern #9 for the repository."
139,7b5e1803022e,Medium,"Accounting Error, ERC20",Fee On Transfer Token,"In repository 7b5e1803022e, safeTransferFrom() does not ensure that the actual number of tokens received is the same as the input amount. This candidate covers finding pattern #10 for the repository."
140,7bbe3d81960c,Medium,Logic Error,"Bad Condition, No Recovery Mechanism","In repository 7bbe3d81960c, the method checks the amount received from the user with the condition if (balanceAfter < balanceBefore + collateral) revert InsufficientInputError();. However, the user may actually pay more collateral. In this case, no funds are returned to the caller, and they do not receive additional liquidity or shares."
141,7bbe3d81960c,Medium,MEV,Price Manipulation / Arbitrage opportunity,"In repository 7bbe3d81960c, the design of upperBound in relation to liquidity distribution can create incentives for liquidity concentration and front-running liquidations as market prices and borrowing behaviors change. This allows the fastest participants to exit early or lock in funds to capture MEV (Maximal Extractable Value) profits. This candidate covers finding pattern #2 for the repository."
142,7bbe3d81960c,Medium,Uniswap,Incorrect Parameter,"In repository 7bbe3d81960c, zeroswap/UniswapV2Library.sol Wrong init code hash in UniswapV2Library.pairFor() will break UniswapV2Oracle, UniswapV2Router02, SushiRoll This candidate covers finding pattern #3 for the repository."
143,7bbe3d81960c,Medium,DoS,Missing Functionality,"In repository 7bbe3d81960c, when adding liquidity for the first time, the protocol requires users to manually input amount0Min, amount1Min, and liquidity simultaneously, lacking on-chain verification or automatic calculation mechanisms. This can result in imprecise values and may lead to reverts. This candidate covers finding pattern #4 for the repository."
144,7bbe3d81960c,High,Arithmetic,Precision Loss,"In repository 7bbe3d81960c, invariant() performs division before multiplication when executing FullMath.mulDiv(), leading to data being truncated when dealing with low-precision decimal tokens. This allows attackers to extract assets while still satisfying the invariant condition. This candidate covers finding pattern #5 for the repository."
145,7bbe3d81960c,Medium,ERC20,Fee On Transfer Token,"In repository 7bbe3d81960c, mint() uses the input parameter collateral to determine the actual amount received, overlooking the fact that fee-on-transfer ERC20 tokens can lead to a shortage of collateral. This results in a failed check and prevents support for such tokens. This candidate covers finding pattern #6 for the repository."
146,7bbe3d81960c,Medium,Arithmetic,Precision Loss,"In repository 7bbe3d81960c, division before multiplication incurs unnecessary precision loss This candidate covers finding pattern #7 for the repository."
147,7bbe3d81960c,Medium,DoS,Invalid Validation,"In repository 7bbe3d81960c, in the XC20Wrapper contract, the removeWrapping() function can be executed even when wrapped tokens are still in circulation, resulting in unwrapped[wrappedToken] being set to address(0). This candidate covers finding pattern #8 for the repository."
148,7bbe3d81960c,Medium,"DoS, ERC20",No Recovery Mechanism,"In repository 7bbe3d81960c, if _executeWithToken reverts, the tokens will be locked in the bridge and cannot be recovered. This candidate covers finding pattern #9 for the repository."
149,804fe35b0164,Medium,Oracle,Stale Value,"In repository 804fe35b0164, the protocol uses Pyth's getPriceUnsafe() to obtain prices and only checks if the value is greater than 0, lacking an expiry check. This allows outdated and potentially manipulatable prices to enter the liquidation logic, resulting in financial losses for borrowers."
150,804fe35b0164,Medium,DoS,Typo,"In repository 804fe35b0164, aaveYield: Misspelled external function name making functions fail This candidate covers finding pattern #2 for the repository."
151,804fe35b0164,Medium,Governance,State Update Inconsistency,"In repository 804fe35b0164, the Extension contract correctly reduces votes from the from address and adds it to the to address during the transfer (in case both of them voted on it before), but it does not rerun the voting logic in voteOnExtension that actually grants the extension. This candidate covers finding pattern #3 for the repository."
152,804fe35b0164,Medium,Input Validation,"Invalid Validation, No Recovery Mechanism","In repository 804fe35b0164, the _createPool function ignores any attached ETH when _collateralToken is non-zero, causing sent Ether to remain stuck in the PoolFactory instead of being transferred to the new pool contract. This candidate covers finding pattern #4 for the repository."
153,804fe35b0164,High,Logic Error,"Missing Functionality, No Recovery Mechanism","In repository 804fe35b0164, the emergencyWithdraw function assumes all assets are ERC20 tokens and calls IERC20.balanceOf() even for ETH (address(0)), causing the function to revert and leaving ETH permanently locked. This candidate covers finding pattern #5 for the repository."
154,804fe35b0164,High,Logic Error,Implementation Error,"In repository 804fe35b0164, the variable received is not assigned a value before calling safeTransfer, causing the passed value to always be 0. This candidate covers finding pattern #6 for the repository."
155,804fe35b0164,High,"Chainlink, Oracle","Invalid Validation, Price Manipulation / Arbitrage opportunity","In repository 804fe35b0164, the PriceOracle, when fetching prices from Chainlink or Uniswap, only checks that the price exists (_decimals != 0) and does not filter or validate abnormal price values. This candidate covers finding pattern #7 for the repository."
156,804fe35b0164,High,"Accounting Error, Input Validation",Bad Condition,"In repository 804fe35b0164, the contract assumes full withdrawal or strategy switch will always return the requested amount, updating user balances without verifying actual tokens received, causing assets to remain locked in the strategy. This candidate covers finding pattern #8 for the repository."
157,804fe35b0164,High,Liquidation,"Bypass Mechanism, Does not match with Doc, Invalid Validation","In repository 804fe35b0164, when autoLiquidation is set to false, the intention of the contract is for only lenders to be able to perform liquidations. However, the code lacks the corresponding permission check logic, allowing anyone to liquidate and directly obtain collateral without needing to repay the borrowed tokens, essentially leading to the theft of the lender's collateral. This candidate covers finding pattern #9 for the repository."
158,804fe35b0164,High,"Accounting Error, ERC20",Rebase Token,"In repository 804fe35b0164, when a user deposits assets into Aave via AaveYield.lockTokens, the sharesReceived is calculated based on the difference in the rebasing token balance. However, sharesReceived is cached in the balanceInShares mapping in SavingsAccount.deposit, causing these shares not to reflect the dynamic changes of the rebasing token. This candidate covers finding pattern #10 for the repository."
159,8a20eb1e521f,Medium,Oracle,Stale Value,"In repository 8a20eb1e521f, the protocol uses Pyth's getPriceUnsafe() to obtain prices and only checks if the value is greater than 0, lacking an expiry check. This allows outdated and potentially manipulatable prices to enter the liquidation logic, resulting in financial losses for borrowers."
160,8a20eb1e521f,High,"Cross-Chain, Replay Attack",State Update Inconsistency,"In repository 8a20eb1e521f, the lack of chain ID verification and final owner protection allows the removeOwnerAtIndex call to be replayed and executed on different chains, mistakenly removing different owners at the specified index, and even potentially removing the only owner. This candidate covers finding pattern #2 for the repository."
161,8a20eb1e521f,Medium,DoS,"Front Run, Nonce","In repository 8a20eb1e521f, magicSpend.validatePaymasterUserOp() and MagicSpend.withdraw() use the same signature. Malicious users can submit a transaction via the paymaster and then front-run with a withdraw() call, causing validatePaymasterUserOp() to revert because the nonce has already been consumed. This candidate covers finding pattern #3 for the repository."
162,8a20eb1e521f,Medium,DoS,Bad Condition,"In repository 8a20eb1e521f, during the validation process of MagicSpend.validatePaymasterUserOp(), only a single withdrawAmount check against the contract’s balance is performed. However, when multiple UserOps are batched in EntryPoint, the single-balance check cannot ensure that the total requested funds do not exceed the contract balance. When EntryPoint executes multiple UserOps() in a batch, if the total requested funds exceed the MagicSpend contract balance, subsequent postOp() executions will fail due to insufficient funds, leading to transaction reverts. This candidate covers finding pattern #4 for the repository."
163,8a20eb1e521f,Medium,Bridge,Hardcoded Parameter,"In repository 8a20eb1e521f, pREDICATE_ADDRESS is hardcoded to a fixed ERC20Predicate address, preventing dynamic retrieval of the correct predicate based on tokenType or external changes. This results in an inability to bridge tokens from different predicates, lacking adaptability. This candidate covers finding pattern #5 for the repository."
164,8a20eb1e521f,Medium,Access Control,Bypass Mechanism,"In repository 8a20eb1e521f, the blacklist mechanism does not check restrictions within the transaction process, only applying to the current balance. This allows sanctioned accounts to bypass the limitations and continue trading. This candidate covers finding pattern #6 for the repository."
165,8a20eb1e521f,Medium,Access Control,No Recovery Mechanism,"In repository 8a20eb1e521f, when a user is added to the Blocklist, they can avoid having their funds stuck by calling forceUndelegate() (triggered during blocking) to revoke their delegation. However, if the system administrator changes the blocklist contract address during a migration or due to an error, and the new contract returns true for isBlocked() for a specific account that has not gone through the normal blocking process (and thus has not triggered forceUndelegate()), that account will be treated as blocked.Consequently, the user's tokens become locked in the contract, as there is no mechanism for lifting the block or recovering funds. This candidate covers finding pattern #7 for the repository."
166,8f18f7d5c396,Medium,Cross-Chain,"Does not match with Doc, No Recovery Mechanism","In repository 8f18f7d5c396, when performing cross-chain transactions, there's a risk of the transaction getting stuck. It's necessary to add options for refunding or canceling the transaction."
167,8f18f7d5c396,Medium,"DoS, ERC20",No Recovery Mechanism,"In repository 8f18f7d5c396, if _executeWithToken reverts, the tokens will be locked in the bridge and cannot be recovered. This candidate covers finding pattern #2 for the repository."
168,8f18f7d5c396,Medium,DoS,Invalid Validation,"In repository 8f18f7d5c396, in the XC20Wrapper contract, the removeWrapping() function can be executed even when wrapped tokens are still in circulation, resulting in unwrapped[wrappedToken] being set to address(0). This candidate covers finding pattern #3 for the repository."
169,8f18f7d5c396,Medium,Access Control,State Update Inconsistency,"In repository 8f18f7d5c396, after updating the access control, the old operator can still vote using their previous voting power. This candidate covers finding pattern #4 for the repository."
170,8f18f7d5c396,Medium,Access Control,State Update Inconsistency,"In repository 8f18f7d5c396, the AxelarGateway contract allows old operators to call transferOperatorship multiple times within the same execute() call, because the currentOperators state is not updated immediately within each iteration of the loop. This candidate covers finding pattern #5 for the repository."
171,8f18f7d5c396,Medium,DoS,"Bad Condition, Implementation Error","In repository 8f18f7d5c396, addKerosine() is intended to add BoundedKerosineVault and UnboundedKerosineVault to the VaultManagerV2. But since the addKerosine() check if the vault isLicensed in KerosineManager it will always revert for kerosine vaults, because in KerosineManager are stored only the exogenous vaults based on which the kerosine price is determined. This candidate covers finding pattern #6 for the repository."
172,8f18f7d5c396,Medium,"Access Control, Input Validation",Invalid Validation,"In repository 8f18f7d5c396, vaultManagerV2.sol::burnDyad function is missing an isDNftOwner modifier, allowing a user to burn another user’s minted DYAD This candidate covers finding pattern #7 for the repository."
173,8f18f7d5c396,High,DoS,Missing Functionality,"In repository 8f18f7d5c396, users’ funds deposited into the unbounded Kerosene vault become permanently locked due to missing decimals() support, preventing withdrawals. This candidate covers finding pattern #8 for the repository."
174,9470d2cf198f,Medium,Accounting Error,State Update Inconsistency,"In repository 9470d2cf198f, during initialization, there was no check to verify whether lpToken0 or lpToken1 was the same as output, which caused the trading fees accumulated during liquidity removal to be incorrectly counted toward the liquidity position and re-added. This resulted in LP rewards and fee distribution states being inconsistent with the actual assets."
175,9470d2cf198f,High,"Input Validation, call / delegatecall",Invalid Validation,"In repository 9470d2cf198f, in ExchangeProxy.executeSwapDirect(...) function, user can pass in arbitrary _data. It's not validated to make sure this swap used exactly _amount tokenIn. In addition, fee of previous swaps is kept in ExchangeProxy. So attacker can steal these fee to do the swap. This candidate covers finding pattern #2 for the repository."
176,9470d2cf198f,Medium,Reentrancy,Violating CEI / Missing nonReentrant,"In repository 9470d2cf198f, lack of nonReentrant or strict Checks‑Effects‑Interactions (CEI) execution flow control allows re‑entering the original function during the swap process to reclaim fees that should have been paid. This candidate covers finding pattern #3 for the repository."
177,9470d2cf198f,Medium,"DAO, Governance",Bad Condition,"In repository 9470d2cf198f, the cancel function uses a strict ""greater than"" check ($>$) for the proposal threshold, whereas the propose function allows equality ($\ge$), enabling anyone to cancel a proposal if the proposer's voting power exactly equals the threshold. This candidate covers finding pattern #4 for the repository."
178,9470d2cf198f,High,Accounting Error,Does not match with Doc,"In repository 9470d2cf198f, the implementation failed to follow OpenZeppelin ERC721Votes’ documentation: “Tokens do not count as votes until they are delegated.” The _transferFrom() function does not move delegated votes from the source’s delegates to the destination’s delegates; instead, it directly moves votes from the source to the destination.This allows users to create new accounts and repeatedly delegate to indefinitely increase their voting power, holding more votes than they actually should. This candidate covers finding pattern #5 for the repository."
179,9470d2cf198f,Medium,"DoS, Governance",Missing Upper/Lower Bound Check,"In repository 9470d2cf198f, absence of reasonable maximum and minimum bounds for critical parameters in governance, treasury, and auction. This candidate covers finding pattern #6 for the repository."
180,9470d2cf198f,Medium,Arithmetic,Incorrect Parameter,"In repository 9470d2cf198f, due to the incorrect modulo operation when filling the tokenRecipient mapping, some founders may receive IDs greater than 100, resulting in those IDs never being minted.Under certain allocation settings ((100 / pct1) - (100 / pct2) == 1), founders will receive fewer tokens than their configured percentage. This candidate covers finding pattern #7 for the repository."
181,9470d2cf198f,Medium,"DoS, Input Validation","Does not match with Doc, Invalid Validation, Missing Upper/Lower Bound Check","In repository 9470d2cf198f, metadataRenderer uses a fixed-size array of 16 for tokenAttributes but allows owners to add more than 15 properties, causing an ""Index out of bounds"" revert during the onMinted callback and permanently bricking the token minting process. This candidate covers finding pattern #8 for the repository."
182,97843b77b287,High,Input Validation,"Incorrect Parameter, Reward Manipulation","In repository 97843b77b287, the borrow() function allows users to directly input zIncrease, which should instead be a calculated value rather than user-provided. An attacker can exploit this by borrowing a minimal amount (e.g., 1 wei) while specifying an arbitrarily large zIncrease, artificially inflating pool.state.z and potentially enabling cash-out exploits."
183,97843b77b287,High,Input Validation,Incorrect Parameter,"In repository 97843b77b287, the borrowGivenDebt() function allows an attacker to manipulate state.y using a minimal asset outflow. This can break the interest rate mechanism and enable the attacker to steal funds. This candidate covers finding pattern #2 for the repository."
184,97843b77b287,High,Input Validation,"Incorrect Parameter, Price Manipulation / Arbitrage opportunity","In repository 97843b77b287, allowing users to arbitrarily specify the interest (interest) they want to pay directly affects yIncrease, which can be manipulated to exploit the protocol. This candidate covers finding pattern #3 for the repository."
185,97843b77b287,Medium,Logic Error,Missing Functionality,"In repository 97843b77b287, in CollateralizedDebt.sol, the burn() function does not call the ERC721 _burn() method, which results in the ERC721 token not being properly destroyed. As a result, users may still hold the ERC721 token that should have been burned, even after receiving the corresponding funds. This candidate covers finding pattern #4 for the repository."
186,97843b77b287,Medium,XSS Attack,Invalid Validation,"In repository 97843b77b287, xSS via SVG generates the on-chain SVG for an ERC-721 token ID This candidate covers finding pattern #5 for the repository."
187,97843b77b287,Medium,DoS,"Front Run, Missing minOut / maxAmount","In repository 97843b77b287, in TimeswapPair.sol's mint() function, an attacker can initialize state.y with a very small yIncrease value (such as 1 wei). Since state.y is expected to be a large number, this causes subsequent borrow or mint operations to have minimal impact on it, effectively freezing the entire liquidity pool. This candidate covers finding pattern #6 for the repository."
188,97843b77b287,Medium,"ERC721, Reentrancy",Violating CEI / Missing nonReentrant,"The finding for repository 97843b77b287 indicates a medium severity Violating CEI / Missing nonReentrant issue under ERC721, Reentrancy. The implementation should be reviewed for this pattern and remediated with appropriate safeguards. This candidate covers finding pattern #7 for the repository."
189,97843b77b287,Medium,"DoS, ERC20",Bad Condition,"In repository 97843b77b287, safeName() assumes that all ERC20 tokens return a string value, but some tokens return a bytes32 instead. This mismatch can cause abi.decode() to revert. This candidate covers finding pattern #8 for the repository."
190,97843b77b287,Medium,"DoS, ERC20",Bad Condition,"In repository 97843b77b287, safeSymbol() assumes that all ERC20 tokens return a string value, but some tokens return a bytes32 instead. This mismatch can cause abi.decode() to revert. This candidate covers finding pattern #9 for the repository."
191,98b7c1691811,Medium,DoS,"Implementation Error, Incorrect Parameter","In repository 98b7c1691811, fuseTokenAdapterV1.wrap() and FuseTokenAdapterV1.unwrap() check if the return value of mint() and redeem() is NO_ERROR respectively. (NO_ERROR is declared as 0 in the beginning of the contract) However, the return value of mint() and redeem() is the amount minted or redeemed.Due to the wrong condition check, both FuseTokenAdapterV1.wrap() and FuseTokenAdapterV1.unwrap() revert even when the operation succeeds."
192,98b7c1691811,Medium,Upgradeable,Storage Gap,"In repository 98b7c1691811, no Storage Gap for Upgradeable Contracts This candidate covers finding pattern #2 for the repository."
193,98b7c1691811,Medium,Input Validation,"Peg / Depeg, Price Manipulation / Arbitrage opportunity","In repository 98b7c1691811, alchemistV2.repay() reduces debt (alToken) based on the amount of the underlyingToken in a fixed 1:1 ratio (AlchemistV2._normalizeUnderlyingTokensToDebt() only adjust underlyingToken to same decimal), without accounting for whether the underlyingToken has depegged. Debt can be repaid with depegged underlyingToken and users can perform arbitrage, resulting in alToken having the same price as the most depegged underlyingToken. This candidate covers finding pattern #3 for the repository."
194,98b7c1691811,Medium,Input Validation,Inflation Attack,"In repository 98b7c1691811, the new gALCX contract lacks a minimum deposit or initial liquidity requirement, allowing an attacker(first depositor) to acquire the only gALCX share with a tiny deposit. Then the attacker transfers a massive amount of ALCX to the contract and calls bumpExchangeRate() to increase the cost to get a gALCX. Due to high exchangeRate and rounding down in division, the remainder part of subsequent stakers’ staking will be lost and distributed to the attacker. This candidate covers finding pattern #4 for the repository."
195,98b7c1691811,Medium,"DoS, Flashloan",State Update Inconsistency,"In repository 98b7c1691811, alchemistV2 sets _mintingLimiter to limit the token minted amount in a period. The mint operation decreases the _mintingLimiter, but the burn operation does not replenish it, and the debt position is updated during the burn phase, so attacker can mint again after burning. An attacker can loop the mint-burn action using flashloan to saturate the mint limit, preventing others from minting. This candidate covers finding pattern #5 for the repository."
196,98b7c1691811,Medium,Accounting Error,Implementation Error,"In repository 98b7c1691811, wstETHAdapterV1.price() should convert WstETH to WETH, but it only converts WstETH to stETH, lacking the part of converting stETH to WETH. The returned price is wrong and can lead to incorrect balance calculation and harvestable amount. This candidate covers finding pattern #6 for the repository."
197,98b7c1691811,Medium,Slippage,minOut set to 0,"In repository 98b7c1691811, transmuterBuffer._alchemistDeposit() calls IAlchemistV2(alchemist).depositUnderlying() with minOut hardcoded to 0.Setting minOut to 0 means no slippage protection. Users may suffer significant losses. This candidate covers finding pattern #7 for the repository."
198,98b7c1691811,Medium,Slippage,Invalid Slippage Control / Missing slippage check,"In repository 98b7c1691811, yearnTokenAdapter.unwrap() hardcodes the slippage control parameter to MAXIMUM_SLIPPAGE=10_000 (which is 100%) when calling IYearnVaultV2.withdraw().Setting maxLoss in IYearnVaultV2.withdraw() to 10_000 means there’s no slippage check, resulting in the possibility of all funds lost. This candidate covers finding pattern #8 for the repository."
199,9befb133ee74,Medium,DoS,Missing Initialization,"In repository 9befb133ee74, setUnboundedKerosineVault was never called during deployment, causing the bounded vault to inevitably revert when attempting to query the value of kerosene"
200,9befb133ee74,Medium,Logic Error,Does not match with Doc,"In repository 9befb133ee74, the liquidation bonus is miscalculated, causing liquidators to receive insufficient collateral, weakening liquidation incentives and increasing system risk. This candidate covers finding pattern #2 for the repository."
201,9befb133ee74,High,"Flashloan, Liquidation",Bypass Mechanism,"In repository 9befb133ee74, users can bypass the system's flashloan protection by self-liquidating and moving collateral within the same block, enabling repeated exploitation without immediate detection. This candidate covers finding pattern #3 for the repository."
202,9befb133ee74,High,Liquidation,Implementation Error,"In repository 9befb133ee74, kerosene collateral is not transferred to the liquidator during full liquidation, causing the liquidator to incur a loss. This candidate covers finding pattern #4 for the repository."
203,9befb133ee74,High,"DoS, Liquidation",Bad Condition,"In repository 9befb133ee74, liquidation reverts when non-kerosene collateral is insufficient, due to missing exogenous collateral checks in VaultManagerV2::liquidate. This candidate covers finding pattern #5 for the repository."
204,9befb133ee74,High,DoS,Missing Functionality,"In repository 9befb133ee74, users’ funds deposited into the unbounded Kerosene vault become permanently locked due to missing decimals() support, preventing withdrawals. This candidate covers finding pattern #6 for the repository."
205,9befb133ee74,High,"DoS, Input Validation",Invalid Validation,"In repository 9befb133ee74, an attacker can grief any token ID by depositing a dust amount in the same block, triggering the DepositedInSameBlock check and causing a denial-of-service on withdrawals. This candidate covers finding pattern #7 for the repository."
206,9cc1dc4ae06a,Medium,"Arithmetic,ERC4626",Rounding Error,"In repository 9cc1dc4ae06a, the _calculateTrancheTokenAmount function in processWithdraw and previewWithdraw consistently uses rounding down, which violates the best practices of EIP-4626 that require rounding up for withdrawals. This may result in users consuming fewer shares than they should, leading to asset losses for the vault or incorrect calculations of remaining limits."
207,9cc1dc4ae06a,Medium,"Cross-Chain,DoS",Implementation Error,"In repository 9cc1dc4ae06a, the incorrect restriction of msg.sender to axelarGateway results in legitimate cross-chain messages being unable to pass, leading to a DoS. This candidate covers finding pattern #2 for the repository."
208,9cc1dc4ae06a,Medium,DoS,Implementation Error,"In repository 9cc1dc4ae06a, the contract caches the DOMAIN_SEPARATOR in the constructor without initializing name, resulting in the computed domain separator being inconsistent with the standard EIP-2612 requirements, causing the permit signature to fail verification. This candidate covers finding pattern #3 for the repository."
209,9cc1dc4ae06a,Medium,"Access Control,DoS",Invalid Validation,"In repository 9cc1dc4ae06a, the deposit and mint functions do not verify the relationship between the recipient and the caller, as well as the origin of the assets. This allows an attacker to inject small amounts of funds into another user's account, disrupting subsequent transactions and causing a denial of service (DoS). This candidate covers finding pattern #4 for the repository."
210,9cc1dc4ae06a,Medium,Access Control,Does not match with Doc,"In repository 9cc1dc4ae06a, delayedAdmin does not store the address of PauseAdmin and lacks a method to call removePauser, resulting in the failure of the emergency removal process for pausers as designed in the documentation, undermining the expected security model. This candidate covers finding pattern #5 for the repository."
211,9cc1dc4ae06a,Medium,Access Control,Invalid Validation,"In repository 9cc1dc4ae06a, restrictionManager.detectTransferRestriction only checks whether the recipient address is a valid member and does not verify whether the sender's address is on the blacklist. This allows restricted accounts to freely transfer tokens, circumventing the trading restriction rules designed by the contract. This candidate covers finding pattern #6 for the repository."
212,9cc1dc4ae06a,Medium,MEV,Front Run,"In repository 9cc1dc4ae06a, the authorization message is not bound to a specific liquidity pool, allowing signatures to be reused in other pools with the same batch tokens, enabling malicious trades to front-run and consume the authorization. This candidate covers finding pattern #7 for the repository."
213,9cc1dc4ae06a,Medium,Arithmetic,Rounding Error,"In repository 9cc1dc4ae06a, due to the use of average calculations and rounding errors in calculateDepositPrice across multiple requests with different prices, _trancheTokenAmount may exceed maxMint, causing some investors to prematurely overclaim their shares. This results in subsequent users experiencing transaction failures due to insufficient quantities when claiming assets. This candidate covers finding pattern #8 for the repository."
214,9ddd6b83c27e,High,Access Control,Invalid Validation,"In repository 9ddd6b83c27e, missing access control allows anyone to take ownership of another CuteBody."
215,9ddd6b83c27e,High,Oracle,Hardcoded Parameter,"In repository 9ddd6b83c27e, cTokenMultiOracle defaults Compound’s exchange rate to 1e18. This results in incorrect price calculations. This candidate covers finding pattern #2 for the repository."
216,9ddd6b83c27e,Medium,Logic Error,Price Manipulation / Arbitrage opportunity,"In repository 9ddd6b83c27e, users can choose to claim old rewards before a token update or wait for the new token. This candidate covers finding pattern #3 for the repository."
217,9ddd6b83c27e,High,Accounting Error,Bad Condition,"In repository 9ddd6b83c27e, returning early when totalSupply is 0 results in lastUpdated not being updated, which disrupts the reward accumulation baseline and allows the first token holder to claim all historical rewards. This candidate covers finding pattern #4 for the repository."
218,9ddd6b83c27e,Medium,DoS,Duplicate Value,"In repository 9ddd6b83c27e, txHash is calculated using only targets and data, ignoring eta. The same transaction data cannot be scheduled a second time. This candidate covers finding pattern #5 for the repository."
219,9ddd6b83c27e,High,Arithmetic,Precision Loss,"In repository 9ddd6b83c27e, reward and timeDelta are too small while totalSupply is too large, causing the multiplication/division result to round to zero. This candidate covers finding pattern #6 for the repository."
220,9ddd6b83c27e,High,Arithmetic,Token Decimal,"In repository 9ddd6b83c27e, incorrect decimal scaling leads to token inflation. This candidate covers finding pattern #7 for the repository."
221,a1ee58021528,Medium,Bridge,Hardcoded Parameter,"In repository a1ee58021528, pREDICATE_ADDRESS is hardcoded to a fixed ERC20Predicate address, preventing dynamic retrieval of the correct predicate based on tokenType or external changes. This results in an inability to bridge tokens from different predicates, lacking adaptability."
222,a1ee58021528,Medium,Access Control,Bypass Mechanism,"In repository a1ee58021528, the blacklist mechanism does not check restrictions within the transaction process, only applying to the current balance. This allows sanctioned accounts to bypass the limitations and continue trading. This candidate covers finding pattern #2 for the repository."
223,a1ee58021528,High,"Cross-Chain, Replay Attack",State Update Inconsistency,"In repository a1ee58021528, the lack of chain ID verification and final owner protection allows the removeOwnerAtIndex call to be replayed and executed on different chains, mistakenly removing different owners at the specified index, and even potentially removing the only owner. This candidate covers finding pattern #3 for the repository."
224,a1ee58021528,Medium,DoS,"Front Run, Nonce","In repository a1ee58021528, magicSpend.validatePaymasterUserOp() and MagicSpend.withdraw() use the same signature. Malicious users can submit a transaction via the paymaster and then front-run with a withdraw() call, causing validatePaymasterUserOp() to revert because the nonce has already been consumed. This candidate covers finding pattern #4 for the repository."
225,a1ee58021528,Medium,DoS,Bad Condition,"In repository a1ee58021528, during the validation process of MagicSpend.validatePaymasterUserOp(), only a single withdrawAmount check against the contract’s balance is performed. However, when multiple UserOps are batched in EntryPoint, the single-balance check cannot ensure that the total requested funds do not exceed the contract balance. When EntryPoint executes multiple UserOps() in a batch, if the total requested funds exceed the MagicSpend contract balance, subsequent postOp() executions will fail due to insufficient funds, leading to transaction reverts. This candidate covers finding pattern #5 for the repository."
226,a1ee58021528,High,DoS,Incorrect Parameter,"In repository a1ee58021528, the SavingsAccountUtil.transferTokens() function incorrectly uses msg.value as the amount for the ETH transfer instead of _amount, resulting in ETH not being correctly withdrawn from the liquidity pool. This leads to liquidity tokens being burned without the ability to redeem funds, causing denial of service and financial losses. This candidate covers finding pattern #6 for the repository."
227,a1ee58021528,Medium,DoS,Typo,"In repository a1ee58021528, aaveYield: Misspelled external function name making functions fail This candidate covers finding pattern #7 for the repository."
228,a1ee58021528,Medium,"Access Control, DoS, ERC20",Fee On Transfer Token,"In repository a1ee58021528, noYield.sol.lockTokens assumes that the amount received is equal to the amount specified in transfer or transferFrom. It does not account for fee on transfer tokens, leading to incorrect calculation of sharesReceived. This candidate covers finding pattern #8 for the repository."
229,a1ee58021528,High,"Accounting Error, Input Validation",Bad Condition,"In repository a1ee58021528, the contract assumes full withdrawal or strategy switch will always return the requested amount, updating user balances without verifying actual tokens received, causing assets to remain locked in the strategy. This candidate covers finding pattern #9 for the repository."
230,a1ee58021528,High,Liquidation,"Bypass Mechanism, Does not match with Doc, Invalid Validation","In repository a1ee58021528, when autoLiquidation is set to false, the intention of the contract is for only lenders to be able to perform liquidations. However, the code lacks the corresponding permission check logic, allowing anyone to liquidate and directly obtain collateral without needing to repay the borrowed tokens, essentially leading to the theft of the lender's collateral. This candidate covers finding pattern #10 for the repository."
231,a3e15237ea08,Medium,"Access Control,Gnosis safe",Cannot Revoke,"In repository a3e15237ea08, if a blocklisted account receives ERC20 payment during stopRent(), the transfer reverts, leaving the NFT stuck in the Safe and the rental unclosable."
232,a3e15237ea08,Medium,"Input Validation,Upgradeable",Invalid Validation,"In repository a3e15237ea08, the Guard::checkTransaction enforces a 4-byte minimum data length, blocking native ETH transfers with empty calldata, and causing ETH to be permanently stuck in safes. This candidate covers finding pattern #2 for the repository."
233,a3e15237ea08,High,"ERC1155,Reentrancy",Violating CEI / Missing nonReentrant,"In repository a3e15237ea08, reNFT does not register the rental except after swapping the tokens, in addition to safeTransferFrom() being used to transfer ERC1155 tokens, which would of course, trigger the callback function onERC1155Receive() on the borrower's safe. This candidate covers finding pattern #3 for the repository."
234,a3e15237ea08,Medium,"Access Control,Input Validation",Asset Theft,"In repository a3e15237ea08, a malicious lender can indefinitely freeze a borrower’s ERC1155 tokens by preventing rental finalization, exploiting the guard's inability to distinguish rented vs. non-rented tokens of the same tokenId. This candidate covers finding pattern #4 for the repository."
235,a3e15237ea08,Medium,ERC721,Invalid Validation,"In repository a3e15237ea08, after a module upgrade, rentals created pre-upgrade can't be stopped, causing permanent asset lock-in due to missing state and fund migration from the old module. This candidate covers finding pattern #5 for the repository."
236,a3e15237ea08,Medium,"DoS,Upgradeable",No Recovery Mechanism,"In repository a3e15237ea08, stoprent does not follow CEI pattern and subject to reentrancy nft lender reentrancy This candidate covers finding pattern #6 for the repository."
237,a3e15237ea08,Medium,"ERC777,Reentrancy","ERC777 Callback,Violating CEI / Missing nonReentrant","In repository a3e15237ea08, if an ERC777 token is used for payment, a malicious renter can revert in the tokensReceived() hook during stopRent(), causing a DoS where the lender's assets remain permanently locked. This candidate covers finding pattern #7 for the repository."
238,a3e15237ea08,Medium,"DoS,ERC777",ERC777 Callback,"In repository a3e15237ea08, disabling the onStop hook after rental creation causes stopRent() to revert, resulting in a DoS condition where assets and funds remain locked indefinitely. This candidate covers finding pattern #8 for the repository."
239,a4d91fb1550f,Medium,Logic error,Invariant Violation,"In repository a4d91fb1550f, the delta calculation formula for out-of-the-money options directly returns 0, ignoring their actual price sensitivity. This leads to the vault not hedging the risks associated with such positions, violating the principle that 'traders' profits should not translate into LP losses."
240,a4d91fb1550f,Medium,Access Control,Arbitrary Add/Remove/Set/ Call,"In repository a4d91fb1550f, the FeeManager.trackVaultFee and receiveFee functions lack authorization checks, allowing any contract to impersonate the vault or DVP identity and arbitrarily increase fee records. This compromises accounting data and can lead to DVP operation rollbacks. This candidate covers finding pattern #2 for the repository."
241,a4d91fb1550f,Medium,Logic error,"Implementation Error, Refund Failed","In repository a4d91fb1550f, the safeTransferFrom function attempts to send funds from itself, which requires the contract to first approve itself to increase its allowance. However, there is no self-approval logic in the contract. As a result, this refund functionality fails every time. Instead, safeTransfer() should be used for refunds. This candidate covers finding pattern #3 for the repository."
242,a4d91fb1550f,Medium,ERC4626,Inflation Attack,"In repository a4d91fb1550f, malicious users can exploit the new Smilee vault by using donations to execute a classic first depositor/ERC4626 inflation attack. This candidate covers finding pattern #4 for the repository."
243,a4d91fb1550f,High,Logic error,Bad Condition,"In repository a4d91fb1550f, the volatility model directly combines the utilization of bull and bear market options without distinguishing between directional and premium difference conditions. This allows low-priced options trades to impact the pricing of high-priced options, creating opportunities for arbitrage. This candidate covers finding pattern #5 for the repository."
244,a4d91fb1550f,High,Logic error,Bad Condition,"In repository a4d91fb1550f, the final check in deltaHedgeAmount lacks validation of the sign for tokensToSwap, resulting in negative amounts being incorrectly reversed to positive numbers when close to the position. This erroneous hedging direction can be maliciously exploited to manipulate the vault's positions. This candidate covers finding pattern #6 for the repository."
245,a8884f87db1a,High,"Arithmetic, DoS",Precision Loss,"In repository a8884f87db1a, yearnVault.pull() converts underlying to shares using integer math with decimals/pricePerShare, causing precision loss so the actual underlying received from withdraw() is less than tokenAmounts[i].The code also ignores the yToken.withdraw() return value, leaving tokenAmounts[i] overstated and making the subsequent transfer revert due to insufficient balance."
246,a8884f87db1a,Medium,Logic Error,"Bad Condition, Bypass Mechanism","In repository a8884f87db1a, the _chargeFees function contains a Bad Condition that skips fee collection if the elapsed time is less than managementFeeChargeDelay, allowing users to exploit this window to bypass fees via rapid deposits and withdrawals. This candidate covers finding pattern #2 for the repository."
247,a8884f87db1a,Medium,Uniswap,Implementation Error,"In repository a8884f87db1a, when handling swapExactOutput, the code incorrectly reverses the Uniswap V3 path bytes byte-by-byte instead of logically reversing the encoded structure (Token and Fee), resulting in corrupted path data. This candidate covers finding pattern #3 for the repository."
248,a8884f87db1a,Medium,Logic Error,Missing Approval,"In repository a8884f87db1a, the ChiefTrader fails to pull tokens from the user and does not approve the sub-trader before the swap, causing the sub-trader's transferFrom call to revert due to insufficient allowance. This candidate covers finding pattern #4 for the repository."
249,a8884f87db1a,Medium,Slippage,Missing minOut / maxAmount,"In repository a8884f87db1a, the deposit function calculates shares based on instantaneous TVL ratios but lacks a minOut parameter to verify the LP tokens received, leading to Slippage during pool rebalancing or front-running. This candidate covers finding pattern #5 for the repository."
250,a8884f87db1a,Medium,Logic Error,Bad Condition,"In repository a8884f87db1a, the removeFromTokenWhitelist function incorrectly checks _tokenEverAdded instead of the current _tokensAllowed status when decrementing, allowing the admin to repeatedly call the function and corrupt the _numberOfValidTokens count. This candidate covers finding pattern #6 for the repository."
251,a8884f87db1a,High,MEV,Front Run,"In repository a8884f87db1a, uniV3Vault.tvl() excludes uncollected LP fees (pending yields), so deposit/mint prices shares using an understated TVL and mis-mints shares.An attacker can front-run collectEarnings() to buy shares too cheaply, then withdraw right after harvesting/reinvesting realizes the fees, capturing a portion of previously pending yields from existing holders. This candidate covers finding pattern #7 for the repository."
252,af8e4af75dc2,Medium,Upgradeable,Storage Gap,"In repository af8e4af75dc2, no Storage Gap for Upgradeable Contracts"
253,af8e4af75dc2,Medium,DoS,"Implementation Error, Incorrect Parameter","In repository af8e4af75dc2, fuseTokenAdapterV1.wrap() and FuseTokenAdapterV1.unwrap() check if the return value of mint() and redeem() is NO_ERROR respectively. (NO_ERROR is declared as 0 in the beginning of the contract) However, the return value of mint() and redeem() is the amount minted or redeemed.Due to the wrong condition check, both FuseTokenAdapterV1.wrap() and FuseTokenAdapterV1.unwrap() revert even when the operation succeeds. This candidate covers finding pattern #2 for the repository."
254,af8e4af75dc2,Medium,Input Validation,"Peg / Depeg, Price Manipulation / Arbitrage opportunity","In repository af8e4af75dc2, alchemistV2.repay() reduces debt (alToken) based on the amount of the underlyingToken in a fixed 1:1 ratio (AlchemistV2._normalizeUnderlyingTokensToDebt() only adjust underlyingToken to same decimal), without accounting for whether the underlyingToken has depegged. Debt can be repaid with depegged underlyingToken and users can perform arbitrage, resulting in alToken having the same price as the most depegged underlyingToken. This candidate covers finding pattern #3 for the repository."
255,af8e4af75dc2,Medium,"DoS, Flashloan",State Update Inconsistency,"In repository af8e4af75dc2, alchemistV2 sets _mintingLimiter to limit the token minted amount in a period. The mint operation decreases the _mintingLimiter, but the burn operation does not replenish it, and the debt position is updated during the burn phase, so attacker can mint again after burning. An attacker can loop the mint-burn action using flashloan to saturate the mint limit, preventing others from minting. This candidate covers finding pattern #4 for the repository."
256,af8e4af75dc2,Medium,Accounting Error,Implementation Error,"In repository af8e4af75dc2, wstETHAdapterV1.price() should convert WstETH to WETH, but it only converts WstETH to stETH, lacking the part of converting stETH to WETH. The returned price is wrong and can lead to incorrect balance calculation and harvestable amount. This candidate covers finding pattern #5 for the repository."
257,af8e4af75dc2,Medium,Input Validation,Inflation Attack,"In repository af8e4af75dc2, the new gALCX contract lacks a minimum deposit or initial liquidity requirement, allowing an attacker(first depositor) to acquire the only gALCX share with a tiny deposit. Then the attacker transfers a massive amount of ALCX to the contract and calls bumpExchangeRate() to increase the cost to get a gALCX. Due to high exchangeRate and rounding down in division, the remainder part of subsequent stakers’ staking will be lost and distributed to the attacker. This candidate covers finding pattern #6 for the repository."
258,af8e4af75dc2,Medium,Slippage,minOut set to 0,"In repository af8e4af75dc2, transmuterBuffer._alchemistDeposit() calls IAlchemistV2(alchemist).depositUnderlying() with minOut hardcoded to 0.Setting minOut to 0 means no slippage protection. Users may suffer significant losses. This candidate covers finding pattern #7 for the repository."
259,af8e4af75dc2,Medium,Slippage,Invalid Slippage Control / Missing slippage check,"In repository af8e4af75dc2, yearnTokenAdapter.unwrap() hardcodes the slippage control parameter to MAXIMUM_SLIPPAGE=10_000 (which is 100%) when calling IYearnVaultV2.withdraw().Setting maxLoss in IYearnVaultV2.withdraw() to 10_000 means there’s no slippage check, resulting in the possibility of all funds lost. This candidate covers finding pattern #8 for the repository."
260,af8e4af75dc2,Medium,Arithmetic,Token Decimal,"In repository af8e4af75dc2, threePoolAssetManager._mintMetaPoolTokens() treats every token as 18 decimal and simply add every token without considering decimal difference. (CURVE_PRECISION is set to 1e18) If actual token decimals exceed 18, minTotalAmount becomes too high for Curve to mint; If actual token decimals are below 18, slippage control fails, potentially causing fund losses. This candidate covers finding pattern #9 for the repository."
261,afa60bc8003d,High,Upgradeable,Misuse of Dependency,"In repository afa60bc8003d, using the wrong version of the Ownable library leads to the owner not being set correctly, causing all onlyOwner functions to operate improperly."
262,afa60bc8003d,High,Accounting Error,State Update Inconsistency,"In repository afa60bc8003d, the unstake() function calculates the shares to be removed using the old exchange rate before updating it, resulting in an overburn of shares and causing users to lose a portion of their rewards. This candidate covers finding pattern #2 for the repository."
263,afa60bc8003d,Medium,Access Control,Centralization Risk,"In repository afa60bc8003d, setting the commissionRate to 1e18 - 1 (an extreme value) may result in validators being unable to receive commission rewards. This candidate covers finding pattern #3 for the repository."
264,afa60bc8003d,Medium,Arithmetic,Precision Loss,"In repository afa60bc8003d, multiple reward distribution functions use integer division and round down when calculating, causing decimal portions of rewards to be discarded when the numerator is not divisible by the denominator, resulting in a loss of precision in user rewards. This candidate covers finding pattern #4 for the repository."
265,afa60bc8003d,Medium,Accounting Error,State Update Inconsistency,"In repository afa60bc8003d, the updateGlobalExchangeRate function skips the update when totalGlobalShares is 0, leading to rewards during that period being missed and permanently locked in the contract, causing revenue loss and inconsistencies in the accounting state. This candidate covers finding pattern #5 for the repository."
266,afa60bc8003d,High,"DoS, Logic Error","Stale Value, State Update Inconsistency","In repository afa60bc8003d, the transferERC721 function fails to clear the corresponding timelockERC721s mapping entry when an NFT is transferred out. This results in the system referencing stale data upon re-deposit, incorrectly enforcing previous timelock conditions and permanently locking the asset. This candidate covers finding pattern #6 for the repository."
267,afa60bc8003d,Medium,Logic Error,"Stale Value, State Update Inconsistency","In repository afa60bc8003d, the transferERC721 function fails to delete the corresponding timelockERC721s mapping entry after transferring an NFT. This results in stale value persistence, causing state inconsistency if the NFT is re-deposited into the contract. This candidate covers finding pattern #7 for the repository."
268,b155c4de6012,Medium,Logic Error,Missing Approval,"In repository b155c4de6012, the ChiefTrader fails to pull tokens from the user and does not approve the sub-trader before the swap, causing the sub-trader's transferFrom call to revert due to insufficient allowance."
269,b155c4de6012,High,"Arithmetic, DoS",Precision Loss,"In repository b155c4de6012, yearnVault.pull() converts underlying to shares using integer math with decimals/pricePerShare, causing precision loss so the actual underlying received from withdraw() is less than tokenAmounts[i].The code also ignores the yToken.withdraw() return value, leaving tokenAmounts[i] overstated and making the subsequent transfer revert due to insufficient balance. This candidate covers finding pattern #2 for the repository."
270,b155c4de6012,Medium,Uniswap,Implementation Error,"In repository b155c4de6012, when handling swapExactOutput, the code incorrectly reverses the Uniswap V3 path bytes byte-by-byte instead of logically reversing the encoded structure (Token and Fee), resulting in corrupted path data. This candidate covers finding pattern #3 for the repository."
271,b155c4de6012,Medium,Logic Error,"Bad Condition, Bypass Mechanism","In repository b155c4de6012, the _chargeFees function contains a Bad Condition that skips fee collection if the elapsed time is less than managementFeeChargeDelay, allowing users to exploit this window to bypass fees via rapid deposits and withdrawals. This candidate covers finding pattern #4 for the repository."
272,b155c4de6012,High,MEV,Front Run,"In repository b155c4de6012, uniV3Vault.tvl() excludes uncollected LP fees (pending yields), so deposit/mint prices shares using an understated TVL and mis-mints shares.An attacker can front-run collectEarnings() to buy shares too cheaply, then withdraw right after harvesting/reinvesting realizes the fees, capturing a portion of previously pending yields from existing holders. This candidate covers finding pattern #5 for the repository."
273,b155c4de6012,Medium,Logic Error,Bad Condition,"In repository b155c4de6012, the removeFromTokenWhitelist function incorrectly checks _tokenEverAdded instead of the current _tokensAllowed status when decrementing, allowing the admin to repeatedly call the function and corrupt the _numberOfValidTokens count. This candidate covers finding pattern #6 for the repository."
274,b155c4de6012,Medium,Slippage,Missing minOut / maxAmount,"In repository b155c4de6012, the deposit function calculates shares based on instantaneous TVL ratios but lacks a minOut parameter to verify the LP tokens received, leading to Slippage during pool rebalancing or front-running. This candidate covers finding pattern #7 for the repository."
275,b155c4de6012,High,Accounting Error,Incorrect Formula,"In repository b155c4de6012, the performanceFee calculation uses an Incorrect Formula that mints shares based on the total supply rather than the profit and fee rate, causing severe dilution of LP shares. This candidate covers finding pattern #8 for the repository."
276,b2a8c124d062,Medium,"Accounting Error, Cross-Chain",Rebase Token,"In repository b2a8c124d062, axelar's cross-chain bridge does not properly handle rebasing tokens. This is because the system records a static token amount at the time of locking, while the actual token balance may change due to rebasing. • In the case of a positive rebase (balance increases), the user may receive fewer tokens than they are entitled to, resulting in a loss for the user. • In the case of a negative rebase (balance decreases), the system may attempt to transfer more tokens than it actually holds, causing the transaction to revert and funds to become stuck (DoS)."
277,b2a8c124d062,Medium,"Access Control, Cross-Chain",Bypass Mechanism,"In repository b2a8c124d062, due to the lack of restrictions preventing tokens and token managers from being deployed only on the origin chain, it becomes possible to gain control over transfers on other chains. This candidate covers finding pattern #2 for the repository."
278,b2a8c124d062,High,DoS,"Front Run, State Update Inconsistency","In repository b2a8c124d062, insufficient balance prevents bridging, leading to a DoS attack on the bridge. This candidate covers finding pattern #3 for the repository."
279,b2a8c124d062,High,"Access Control, Cross-Chain, DoS","Missing Initialization, State Update Inconsistency","In repository b2a8c124d062, anyone can send a ""remote deployment request"" to the origin chain, forcibly initializing that chain's token balance in ITSHub to zero. This can cause an underflow during cross-chain transfers, effectively preventing the origin chain from bridging tokens to other chains. This candidate covers finding pattern #4 for the repository."
280,b2a8c124d062,High,Input Validation,"Incorrect Parameter, Price Manipulation / Arbitrage opportunity","In repository b2a8c124d062, allowing users to arbitrarily specify the interest (interest) they want to pay directly affects yIncrease, which can be manipulated to exploit the protocol. This candidate covers finding pattern #5 for the repository."
281,b2a8c124d062,High,Input Validation,"Incorrect Parameter, Reward Manipulation","In repository b2a8c124d062, the borrow() function allows users to directly input zIncrease, which should instead be a calculated value rather than user-provided. An attacker can exploit this by borrowing a minimal amount (e.g., 1 wei) while specifying an arbitrarily large zIncrease, artificially inflating pool.state.z and potentially enabling cash-out exploits. This candidate covers finding pattern #6 for the repository."
282,b7fc4d82013a,Medium,Arithmetic,"Block Time / Block Number,Incorrect Parameter","In repository b7fc4d82013a, the day in blocks is calculated with the block time as 13.3 seconds in CoreVoting.sol.: uint256 public constant DAY_IN_BLOCKS = 6496;, but since moving to proof of stake, block times are fixed to 12 seconds per blockThis results in an incorrect calculation of the lockDuration and extraVoteTime, which is used in setting the total duration of a proposal should be active and also the max vote time."
283,b7fc4d82013a,Medium,Arithmetic,Missing Upper/Lower Bound Check,"In repository b7fc4d82013a, the _syncVotingPower() function is missing a lower bound check when reducing voting power, failing to verify whether the subtraction exceeds the existing voting power. This can lead to integer underflow during the subtraction, causing the transaction to revert. This candidate covers finding pattern #2 for the repository."
284,b7fc4d82013a,Medium,"Access Control,DoS",Out of Gas,"In repository b7fc4d82013a, the queryVotePower() function uses the state-modifying and high-cost findAndClear() in the kick-out process, lacking a low-cost logic for merely querying. This allows attackers to exhaust gas by processing large amounts of historical records, preventing the removal of GSC members. This candidate covers finding pattern #3 for the repository."
285,b7fc4d82013a,Medium,Governance,Missing Functionality,"In repository b7fc4d82013a, the NFTBoostVault lacks a mechanism to automatically synchronize the voting power of all relevant accounts after the multiplier is updated, and it does not compute the multiplier voting power based on the block at which the proposal is created during voting. This can result in votes being erroneously calculated based on outdated multipliers. This candidate covers finding pattern #4 for the repository."
286,b7fc4d82013a,Medium,"Access Control,DoS",State Update Inconsistency,"In repository b7fc4d82013a, admin is allowed to update merkleRoot. But some users won't be able to claim correct amount because of inconsistent check in claiming function. This candidate covers finding pattern #5 for the repository."
287,b7fc4d82013a,Medium,ERC20,Implementation Error,"In repository b7fc4d82013a, gscApprove can overwrite the approved allowance of the same spender from previously approved value This candidate covers finding pattern #6 for the repository."
288,b7fc4d82013a,Medium,Governance,Invalid Validation,"In repository b7fc4d82013a, the voting power calculation lacks time-weighted or holding period validation, relying solely on a single block balance snapshot for verification. This allows the governance system to be manipulated by short-term borrowing or sudden positions. This candidate covers finding pattern #7 for the repository."
289,b7fc4d82013a,Medium,Accounting Error,State Update Inconsistency,"In repository b7fc4d82013a, the gscApprove() function, when adjusting the spender allowance, only subtracts the new amount from gscAllowance, lacking logic to synchronize the return of the remaining balance when reducing the allowance. This results in inconsistencies between gscAllowance and the ERC20 allowance status, making it impossible to lower the limit. This candidate covers finding pattern #8 for the repository."
290,b7fc4d82013a,High,"DoS, Governance",Bad Condition,"In repository b7fc4d82013a, if an active proposal accumulates over 80% of total votes but fails to execute, the remaining votes are insufficient to activate a new proposal due to the 20% endorsement threshold, effectively locking governance indefinitely and preventing vote reclamation or further proposals. This candidate covers finding pattern #9 for the repository."
291,b7fc4d82013a,Medium,Governance,"Bypass Mechanism, Implementation Error","In repository b7fc4d82013a, a user can call vote() and then immediately reclaim their voting tokens using reclaimVotes() within the same transaction. This temporarily hides their voting power from the voter_admin, preventing any revocation via revokeVotesFrom() . This candidate covers finding pattern #10 for the repository."
292,b7fc4d82013a,Medium,"DoS, Governance",Front Run,"In repository b7fc4d82013a, a malicious user holding just enough voting power to meet the ENDORSEMENT_THRESHOLD (e.g., 20%) can repeatedly submit and activate dummy proposals. This candidate covers finding pattern #11 for the repository."
293,ba93b3b8d7cf,Medium,DoS,Incorrect Parameter,"In repository ba93b3b8d7cf, parameter misuse caused the contract to use days instead of the withdrawal amount for validation, leading to a withdrawal DoS."
294,ba93b3b8d7cf,Medium,Liquidation,"Does not match with Doc, State Update Inconsistency","In repository ba93b3b8d7cf, liquidate() does not update dailyDebtIncreaseLimitLeft after repaying the debt (liquidation), which prevents the re-borrowing data from being released. Over time, this accumulation can lead to a decrease in vault utilization and inconsistency with the logic of repay(). This candidate covers finding pattern #2 for the repository."
295,ba93b3b8d7cf,Medium,Slippage,Missing deadline,"In repository ba93b3b8d7cf, dangerous use of deadline parameter This candidate covers finding pattern #3 for the repository."
296,ba93b3b8d7cf,Medium,Oracle,Incorrect Parameter,"In repository ba93b3b8d7cf, the priceX96 is obtained by calling _getReferencePoolPriceX96(pool, 0); which returns slot zero price, while the derivedPoolPriceX96 is the price to be verified. The problem is when priceX96 < verifyPriceX96, the difference in % is obtained by dividing the difference by verifyPriceX96 which will return a lower value Instance This candidate covers finding pattern #4 for the repository."
297,ba93b3b8d7cf,Medium,MEV,"Bypass Mechanism, Front Run","In repository ba93b3b8d7cf, users can front-run the operator's transaction execution by altering the onlyFees , changing the fee model from being based on the entire position to being calculated solely on fees. This reduces the fee percentage that the protocol can charge, resulting in a loss of revenue for the protocol. This candidate covers finding pattern #5 for the repository."
298,ba93b3b8d7cf,Medium,Liquidation,Unfair Liquidation,"In repository ba93b3b8d7cf, _checkLoanIsHealthy lacks a safety buffer, allowing borrowers at the maximum loan limit to be unfairly liquidated due to minor market fluctuations. This candidate covers finding pattern #6 for the repository."
299,ba93b3b8d7cf,Medium,ERC4626,Not EIP Compliant,"In repository ba93b3b8d7cf, v3Vault is not ERC-4626 compliant This candidate covers finding pattern #7 for the repository."
300,ba93b3b8d7cf,Medium,Chainlink,Price Manipulation / Arbitrage opportunity,"In repository ba93b3b8d7cf, v3Oracle uses the manipulable spot price to derive the number of position tokens, meaning that even if the price is verified by the oracle, the valuation calculation can still be distorted. This candidate covers finding pattern #8 for the repository."
301,bb3018c8812c,Medium,Logic Error,"Stale Value, State Update Inconsistency","In repository bb3018c8812c, the transferERC721 function fails to delete the corresponding timelockERC721s mapping entry after transferring an NFT. This results in stale value persistence, causing state inconsistency if the NFT is re-deposited into the contract."
302,bb3018c8812c,High,"DoS, Logic Error","Stale Value, State Update Inconsistency","In repository bb3018c8812c, the transferERC721 function fails to clear the corresponding timelockERC721s mapping entry when an NFT is transferred out. This results in the system referencing stale data upon re-deposit, incorrectly enforcing previous timelock conditions and permanently locking the asset. This candidate covers finding pattern #2 for the repository."
303,bb3018c8812c,High,Access Control,Cannot Revoke,"In repository bb3018c8812c, the contract treats nftApprovals as a one-way switch: approveTransferERC721() has no revocation path, and transferERC721() does not clear nftApprovals after a successful transfer.As a result, a stale delegate approval persists across future deposits, enabling a previously approved/compromised delegate to transfer the NFT out again (asset theft). This candidate covers finding pattern #3 for the repository."
304,bb3018c8812c,High,Access Control,Asset Theft,"In repository bb3018c8812c, the transferERC721 function fails to reset NFT approvals upon transfer, resulting in stale value persistence. This allows a previous delegate to exploit the lingering approval to steal the asset if it is re-deposited. This candidate covers finding pattern #4 for the repository."
305,bb3018c8812c,High,DoS,Out of Gas,"In repository bb3018c8812c, the _removeNft function relies on an unbounded loop over the nfts array, which can be inflated via the permissionless onERC721Received callback. This allows attackers to cause a DoS where legitimate withdrawals fail due to Out of Gas. This candidate covers finding pattern #5 for the repository."
306,bb3018c8812c,Medium,ERC20,Missing Return Check,"In repository bb3018c8812c, timeLockERC20() calls transferFrom() without checking its return value (instead of using a safeTransferFrom-style wrapper), so a failed transfer can be treated as successful.This updates accounting state like timelockERC20Balances without the vault actually receiving tokens, causing later unlock/transfer failures and misleading recipients. This candidate covers finding pattern #6 for the repository."
307,c20104cb90d7,Medium,"DoS, Liquidation",ERC777 Callback,"In repository c20104cb90d7, the protocol allows ERC-777 tokens to be used as emission tokens.A liquidated user can trigger tokenReceived in ERC-777 to revert the entire liquidation."
308,c20104cb90d7,Medium,"Access Control, DAO",Centralization Risk,"In repository c20104cb90d7, the guardian has pause authority, but the contract does not override transferOwnership. Only the current guardian (owner) can change the guardian, preventing normal ownership transfer. This candidate covers finding pattern #2 for the repository."
309,c20104cb90d7,Medium,"DAO, DoS, Pause",Invariant Violation,"In repository c20104cb90d7, grantGuardiansPause lacks a whenNotPaused check, allowing it to execute while paused, setting guardianPauseAllowed = true and bypassing permissionlessUnpause and togglePause asserts. The guardian can call renounceOwnership to remove themselves as owner, and the contract has no mechanism for governance to reclaim ownership. impact: If the sequence pause → grantGuardianPause → renounceOwnership occurs, the contract cannot be unpaused via permissionlessUnpause. No one can control TemporalGovernor since the owner is address(0), and only the owner can call revokeGuardian. The contract becomes permanently paused, unable to process any proposals. This candidate covers finding pattern #3 for the repository."
310,c20104cb90d7,Medium,"DoS, ERC20",Refund Failed,"In repository c20104cb90d7, the contract sends rewards for each emissionConfig’s emissionToken. If the emissionToken is malicious (e.g., reverts on transfer), the entire transaction fails. This candidate covers finding pattern #4 for the repository."
311,c20104cb90d7,Medium,"DAO, DoS","Invalid Validation, State Update Inconsistency","In repository c20104cb90d7, improper verification logic for cross-chain governance messages (VAA). If the guardian set changes during the delay period, the same VAA may fail verification in executeProposal because Wormhole checks VAA validity against the current active guardian set. This candidate covers finding pattern #5 for the repository."
312,c2426a2ab283,Medium,DoS,"Front Run, Nonce","In repository c2426a2ab283, magicSpend.validatePaymasterUserOp() and MagicSpend.withdraw() use the same signature. Malicious users can submit a transaction via the paymaster and then front-run with a withdraw() call, causing validatePaymasterUserOp() to revert because the nonce has already been consumed."
313,c2426a2ab283,High,"Cross-Chain, Replay Attack",State Update Inconsistency,"In repository c2426a2ab283, the lack of chain ID verification and final owner protection allows the removeOwnerAtIndex call to be replayed and executed on different chains, mistakenly removing different owners at the specified index, and even potentially removing the only owner. This candidate covers finding pattern #2 for the repository."
314,c2426a2ab283,Medium,DoS,Bad Condition,"In repository c2426a2ab283, during the validation process of MagicSpend.validatePaymasterUserOp(), only a single withdrawAmount check against the contract’s balance is performed. However, when multiple UserOps are batched in EntryPoint, the single-balance check cannot ensure that the total requested funds do not exceed the contract balance. When EntryPoint executes multiple UserOps() in a batch, if the total requested funds exceed the MagicSpend contract balance, subsequent postOp() executions will fail due to insufficient funds, leading to transaction reverts. This candidate covers finding pattern #3 for the repository."
315,c2426a2ab283,Medium,Flashloan,"Reward Manipulation,Whale","In repository c2426a2ab283, the rewards per market are proportional to their totalBorrows which can be changed by a large holder who deposits lots of collateral, takes out a huge borrow in the market, updates the rewards, and then unwinds the position. This candidate covers finding pattern #4 for the repository."
316,c2426a2ab283,High,Logic Error,Bad Condition,"In repository c2426a2ab283, incorrectly using uint(-1) as a non-existent comparison value. This candidate covers finding pattern #5 for the repository."
317,c2426a2ab283,High,Logic Error,Bad Condition,"In repository c2426a2ab283, when encountering a non-existent token config, it will always return the token config of the first index (index 0) which is a valid token config for a completely different token. This candidate covers finding pattern #6 for the repository."
318,c2426a2ab283,High,Input Validation,"Incorrect Parameter, Reward Manipulation","In repository c2426a2ab283, the borrow() function allows users to directly input zIncrease, which should instead be a calculated value rather than user-provided. An attacker can exploit this by borrowing a minimal amount (e.g., 1 wei) while specifying an arbitrarily large zIncrease, artificially inflating pool.state.z and potentially enabling cash-out exploits. This candidate covers finding pattern #7 for the repository."
319,d562802cb53a,Medium,Upgradeable,Misuse of Dependency,"In repository d562802cb53a, poolOracle utilizes vulnerable OZ 4.3.1 UUPS implementation"
320,d562802cb53a,Medium,Input Validation,Invalid Validation,"In repository d562802cb53a, the swapCallback function verifies msg.sender solely based on the result of _getPool(), without confirming whether the address corresponds to a valid pool deployed by the factory. This creates an opportunity for address collisions that can bypass the check and exhaust quota resources. This candidate covers finding pattern #2 for the repository."
321,d562802cb53a,High,"Access Control, Cross-Chain, DoS","Missing Initialization, State Update Inconsistency","In repository d562802cb53a, anyone can send a ""remote deployment request"" to the origin chain, forcibly initializing that chain's token balance in ITSHub to zero. This can cause an underflow during cross-chain transfers, effectively preventing the origin chain from bridging tokens to other chains. This candidate covers finding pattern #3 for the repository."
322,d562802cb53a,High,DoS,"Front Run, State Update Inconsistency","In repository d562802cb53a, insufficient balance prevents bridging, leading to a DoS attack on the bridge. This candidate covers finding pattern #4 for the repository."
323,d562802cb53a,Medium,"Access Control, Cross-Chain",Bypass Mechanism,"In repository d562802cb53a, due to the lack of restrictions preventing tokens and token managers from being deployed only on the origin chain, it becomes possible to gain control over transfers on other chains. This candidate covers finding pattern #5 for the repository."
324,d562802cb53a,Medium,"Accounting Error, Cross-Chain",Rebase Token,"In repository d562802cb53a, axelar's cross-chain bridge does not properly handle rebasing tokens. This is because the system records a static token amount at the time of locking, while the actual token balance may change due to rebasing. • In the case of a positive rebase (balance increases), the user may receive fewer tokens than they are entitled to, resulting in a loss for the user. • In the case of a negative rebase (balance decreases), the system may attempt to transfer more tokens than it actually holds, causing the transaction to revert and funds to become stuck (DoS). This candidate covers finding pattern #6 for the repository."
325,d562802cb53a,Medium,"DoS, ERC777",ERC777 Callback,"In repository d562802cb53a, when token is ERC777 token, the token receiver can manipulate its balance in order to increase flow in more than it should be This candidate covers finding pattern #7 for the repository."
326,d9b35c0c87a4,High,Upgradeable,Misuse of Dependency,"In repository d9b35c0c87a4, using the wrong version of the Ownable library leads to the owner not being set correctly, causing all onlyOwner functions to operate improperly."
327,d9b35c0c87a4,High,Accounting Error,State Update Inconsistency,"In repository d9b35c0c87a4, the unstake() function calculates the shares to be removed using the old exchange rate before updating it, resulting in an overburn of shares and causing users to lose a portion of their rewards. This candidate covers finding pattern #2 for the repository."
328,d9b35c0c87a4,Medium,Access Control,Centralization Risk,"In repository d9b35c0c87a4, setting the commissionRate to 1e18 - 1 (an extreme value) may result in validators being unable to receive commission rewards. This candidate covers finding pattern #3 for the repository."
329,d9b35c0c87a4,Medium,Arithmetic,Precision Loss,"In repository d9b35c0c87a4, multiple reward distribution functions use integer division and round down when calculating, causing decimal portions of rewards to be discarded when the numerator is not divisible by the denominator, resulting in a loss of precision in user rewards. This candidate covers finding pattern #4 for the repository."
330,d9b35c0c87a4,Medium,Accounting Error,State Update Inconsistency,"In repository d9b35c0c87a4, the updateGlobalExchangeRate function skips the update when totalGlobalShares is 0, leading to rewards during that period being missed and permanently locked in the contract, causing revenue loss and inconsistencies in the accounting state. This candidate covers finding pattern #5 for the repository."
331,d9b35c0c87a4,Medium,"Access Control,DoS",State Update Inconsistency,"In repository d9b35c0c87a4, admin is allowed to update merkleRoot. But some users won't be able to claim correct amount because of inconsistent check in claiming function. This candidate covers finding pattern #6 for the repository."
332,d9b35c0c87a4,Medium,ERC20,Implementation Error,"In repository d9b35c0c87a4, gscApprove can overwrite the approved allowance of the same spender from previously approved value This candidate covers finding pattern #7 for the repository."
333,dd17040a53bc,High,Upgradeable,Misuse of Dependency,"In repository dd17040a53bc, using the wrong version of the Ownable library leads to the owner not being set correctly, causing all onlyOwner functions to operate improperly."
334,dd17040a53bc,High,Accounting Error,State Update Inconsistency,"In repository dd17040a53bc, the unstake() function calculates the shares to be removed using the old exchange rate before updating it, resulting in an overburn of shares and causing users to lose a portion of their rewards. This candidate covers finding pattern #2 for the repository."
335,dd17040a53bc,Medium,Access Control,Centralization Risk,"In repository dd17040a53bc, setting the commissionRate to 1e18 - 1 (an extreme value) may result in validators being unable to receive commission rewards. This candidate covers finding pattern #3 for the repository."
336,dd17040a53bc,Medium,Arithmetic,Precision Loss,"In repository dd17040a53bc, multiple reward distribution functions use integer division and round down when calculating, causing decimal portions of rewards to be discarded when the numerator is not divisible by the denominator, resulting in a loss of precision in user rewards. This candidate covers finding pattern #4 for the repository."
337,dd17040a53bc,Medium,Accounting Error,State Update Inconsistency,"In repository dd17040a53bc, the updateGlobalExchangeRate function skips the update when totalGlobalShares is 0, leading to rewards during that period being missed and permanently locked in the contract, causing revenue loss and inconsistencies in the accounting state. This candidate covers finding pattern #5 for the repository."
338,dd17040a53bc,High,Input Validation,"Incorrect Parameter, Reward Manipulation","In repository dd17040a53bc, the borrow() function allows users to directly input zIncrease, which should instead be a calculated value rather than user-provided. An attacker can exploit this by borrowing a minimal amount (e.g., 1 wei) while specifying an arbitrarily large zIncrease, artificially inflating pool.state.z and potentially enabling cash-out exploits. This candidate covers finding pattern #6 for the repository."
339,e0d2d83ea351,Medium,"DoS, Arithmetic",Incorrect Formula,"In repository e0d2d83ea351, _calculateMaxBorrowCollateral subtracts unutilizedLeveragePercentage when calculating the maximum borrow collateral limit, causing an underflow and revert, which prevents the repay function from executing and subsequently triggers token liquidation."
340,e0d2d83ea351,Medium,"Access Control, DAO, Pause",Does not match with Doc,"In repository e0d2d83ea351, fastTrackProposalExecution lacks the whenPaused modifier. The owner can bypass the normal voting process and execute any proposal even when the contract is not paused, contrary to the intended “use only when paused” design. This candidate covers finding pattern #2 for the repository."
341,e0d2d83ea351,Medium,DoS,Hardcoded Parameter,"In repository e0d2d83ea351, when executing lending operations, the current borrowRateMantissa is calculated based on the utilizationRate. If this interest rate exceeds borrowRateMaxMantissa, the contract will forcibly revert. impact: If reserves > cash, it will cause utilizationRate > 1, making borrowRateMantissa > borrowRateMaxMantissa and triggering a revert. User funds become locked and cannot be withdrawn or used to repay debts. This candidate covers finding pattern #3 for the repository."
342,e0d2d83ea351,Medium,DoS,"Hardcoded Parameter, Token Decimal","In repository e0d2d83ea351, during deployment, each market is initialized with a hardcoded initialMintAmount of 1e18. For tokens with units smaller than 1e18, the deployer cannot provide such a large initial amount, causing minting (and deployment) to fail. This candidate covers finding pattern #4 for the repository."
343,e0d2d83ea351,Medium,"DoS, Liquidation",Missing Functionality,"In repository e0d2d83ea351, exception handling logic for deprecated markets was not implemented.Deprecated markets cannot be liquidated. This candidate covers finding pattern #5 for the repository."
344,e0d2d83ea351,Medium,"DoS, ERC20",Refund Failed,"In repository e0d2d83ea351, the contract sends rewards for each emissionConfig’s emissionToken. If the emissionToken is malicious (e.g., reverts on transfer), the entire transaction fails. This candidate covers finding pattern #6 for the repository."
345,e0d2d83ea351,Medium,"Cross-Chain, Input Validation",Invalid Validation,"In repository e0d2d83ea351, the guardian can execute cross-chain proposals while the contract is paused and does not check whether the intendedRecipient is the contract itself. As long as the cross-chain proposal’s calldata matches the expected format, the guardian can bypass validation and execute the proposal even if intendedRecipient points to another contract. This candidate covers finding pattern #7 for the repository."
346,e0d2d83ea351,Medium,"DAO, DoS, Pause",Invariant Violation,"In repository e0d2d83ea351, grantGuardiansPause lacks a whenNotPaused check, allowing it to execute while paused, setting guardianPauseAllowed = true and bypassing permissionlessUnpause and togglePause asserts. The guardian can call renounceOwnership to remove themselves as owner, and the contract has no mechanism for governance to reclaim ownership. impact: If the sequence pause → grantGuardianPause → renounceOwnership occurs, the contract cannot be unpaused via permissionlessUnpause. No one can control TemporalGovernor since the owner is address(0), and only the owner can call revokeGuardian. The contract becomes permanently paused, unable to process any proposals. This candidate covers finding pattern #8 for the repository."
347,e0d2d83ea351,Medium,"Access Control, DAO",Centralization Risk,"In repository e0d2d83ea351, the guardian has pause authority, but the contract does not override transferOwnership. Only the current guardian (owner) can change the guardian, preventing normal ownership transfer. This candidate covers finding pattern #9 for the repository."
348,e169bbefc6e2,Medium,"Accounting Error, ERC20","Does not match with Doc, Fee On Transfer Token","In repository e169bbefc6e2, whitelisting token0 and token1 ensuring no fee-on-transfer token is allowed when deploying a new Timeswap V2 Option pair contract"
349,e169bbefc6e2,High,ERC1155,Reward Manipulation,"In repository e169bbefc6e2, in ERC1155, using totalSupply() + 1 as the new tokenId may lead to duplication, which can result in incorrect asset allocation. This candidate covers finding pattern #2 for the repository."
350,e169bbefc6e2,High,"Logic Error, Rebalance",Incorrect Parameter,"In repository e169bbefc6e2, in the rebalance() function of Timeswap V2, when a user executes TimeswapV2PoolRebalance.GivenLong1, the contract mistakenly uses pool.long0Balance as the calculation parameter, whereas it should be pool.long1Balance. This candidate covers finding pattern #3 for the repository."
351,e169bbefc6e2,High,DoS,Missing Initialization,"In repository e169bbefc6e2, the collect() function calls transferFees() before long0Fees, long1Fees, and shortFees are properly initialized. As a result, the actual transfer amount is zero. Although the fees in _feesPositions are still burned, the user does not receive any funds, leading to asset loss and state inconsistency. This candidate covers finding pattern #4 for the repository."
352,e169bbefc6e2,Medium,ERC1155,State Update Inconsistency,"In repository e169bbefc6e2, _removeTokenFromAllTokensEnumeration can never be called, because of wrong order of if statement and _idTotalSupply[id] -= amount;. This leads to totalSupply do not correctly minus 1 when all token amounts for a specific tokenId get burned. This candidate covers finding pattern #5 for the repository."
353,e169bbefc6e2,Medium,Arithmetic,Rounding Error,"In repository e169bbefc6e2, due to the wrong calculation of short and long tokens during the leverage and deleverage process, the users can suffer financial loss while the protocol will lose fees This candidate covers finding pattern #6 for the repository."
354,e169bbefc6e2,Medium,ERC1155,State Update Inconsistency,"In repository e169bbefc6e2, the ERC1155Enumerable contract does not correctly update _currentIndex, _allTokens, and _allTokensIndex during token minting and burning. As a result, even when a token ID's supply drops to zero, its associated indices are retained, causing totalSupply() to return inaccurate results. This candidate covers finding pattern #7 for the repository."
355,e169bbefc6e2,Medium,Logic Error,Implementation Error,"In repository e169bbefc6e2, _ownedTokensIndex is SHARED by different owners, as a result, _removeTokenFromAllTokensEnumeration() might remove the wrong tokenId. This candidate covers finding pattern #8 for the repository."
356,e169bbefc6e2,Medium,Reentrancy,Violating CEI / Missing nonReentrant,"In repository e169bbefc6e2, when an LP calls mint, the contract updates global fee growth (short, long0, long1) but fails to update the LP’s LiquidityPosition. This leads to a mismatch between the user's position and global state, potentially causing the LP to receive fewer fees. This candidate covers finding pattern #9 for the repository."
357,e6e43dfea59f,Medium,DoS,Incorrect Parameter,"In repository e6e43dfea59f, parameter misuse caused the contract to use days instead of the withdrawal amount for validation, leading to a withdrawal DoS."
358,e6e43dfea59f,Medium,Upgradeable,Diamond,"In repository e6e43dfea59f, if the governor key is leaked, an attacker can frontrun the execution with a malicious _calldata after the notice period, bypassing the intended upgrade protection. Without early detection of key leakage, the system cannot prevent malicious upgrades. This candidate covers finding pattern #2 for the repository."
359,e6e43dfea59f,Medium,Zksync,EVM Compatibility,"In repository e6e43dfea59f, the BLOCK_PERIOD is incorrectly set to 13 seconds instead of Ethereum's actual 12-second PoS block time, causing priority transactions to expire 5.5 hours earlier than expected on zkSync. This candidate covers finding pattern #3 for the repository."
360,e6e43dfea59f,Medium,DoS,"Implementation Error, Incorrect Parameter","In repository e6e43dfea59f, fuseTokenAdapterV1.wrap() and FuseTokenAdapterV1.unwrap() check if the return value of mint() and redeem() is NO_ERROR respectively. (NO_ERROR is declared as 0 in the beginning of the contract) However, the return value of mint() and redeem() is the amount minted or redeemed.Due to the wrong condition check, both FuseTokenAdapterV1.wrap() and FuseTokenAdapterV1.unwrap() revert even when the operation succeeds. This candidate covers finding pattern #4 for the repository."
361,e6e43dfea59f,Medium,Upgradeable,Storage Gap,"In repository e6e43dfea59f, no Storage Gap for Upgradeable Contracts This candidate covers finding pattern #5 for the repository."
362,e7921851ec01,High,"ERC777, Reentrancy","ERC777 Callback, Violating CEI / Missing nonReentrant","In repository e7921851ec01, a malicious actor can trick a TokenManager into thinking that a bigger amount of tokens were transferred."
363,e7921851ec01,High,"ERC777, Reentrancy",Violating CEI / Missing nonReentrant,"In repository e7921851ec01, with a very large cross chain token transfer, a malicious party can use this to steal the same amount from the express receive executor. This candidate covers finding pattern #2 for the repository."
364,e7921851ec01,Medium,"Cross-Chain, Opensea",EVM Compatibility,"In repository e7921851ec01, different chains use different contract address formats, which can cause issues during cross-chain operations. Contracts may fail to interpret addresses correctly, making it impossible to whitelist addresses from certain chains. Additionally, non-EVM chains may be unable to interact with EVM-based chains. This candidate covers finding pattern #3 for the repository."
365,e7921851ec01,Medium,"Governance, Multisig",Nonce,"In repository e7921851ec01, when the vote threshold is met, the onlySigners modifier resets the counter and triggers an external call. If all signers vote within the same block, it may lead to double counting. This candidate covers finding pattern #4 for the repository."
366,e7921851ec01,Medium,Cross-Chain,Token Decimal,"In repository e7921851ec01, insufficient support for tokens with different decimal places across chains can lead to loss of funds during cross-chain bridging. This candidate covers finding pattern #5 for the repository."
367,e7921851ec01,Medium,Cross-Chain,Incorrect Parameter,"In repository e7921851ec01, the refund address is error, using msg.sender directly This candidate covers finding pattern #6 for the repository."
368,e7921851ec01,Medium,"DoS, ERC777",ERC777 Callback,"In repository e7921851ec01, when token is ERC777 token, the token receiver can manipulate its balance in order to increase flow in more than it should be This candidate covers finding pattern #7 for the repository."
369,e7921851ec01,Medium,DoS,Whale,"In repository e7921851ec01, a large token holder can send back and forth tokens using the flow limit to the capacity in the start of every epoch, making the system unusable(DOS) This candidate covers finding pattern #8 for the repository."
370,e99e64a8abf1,Medium,DoS,"Implementation Error, Incorrect Parameter","In repository e99e64a8abf1, fuseTokenAdapterV1.wrap() and FuseTokenAdapterV1.unwrap() check if the return value of mint() and redeem() is NO_ERROR respectively. (NO_ERROR is declared as 0 in the beginning of the contract) However, the return value of mint() and redeem() is the amount minted or redeemed.Due to the wrong condition check, both FuseTokenAdapterV1.wrap() and FuseTokenAdapterV1.unwrap() revert even when the operation succeeds."
371,e99e64a8abf1,Medium,Slippage,minOut set to 0,"In repository e99e64a8abf1, transmuterBuffer._alchemistDeposit() calls IAlchemistV2(alchemist).depositUnderlying() with minOut hardcoded to 0.Setting minOut to 0 means no slippage protection. Users may suffer significant losses. This candidate covers finding pattern #2 for the repository."
372,e99e64a8abf1,Medium,Upgradeable,Storage Gap,"In repository e99e64a8abf1, no Storage Gap for Upgradeable Contracts This candidate covers finding pattern #3 for the repository."
373,e99e64a8abf1,Medium,Input Validation,Inflation Attack,"In repository e99e64a8abf1, the new gALCX contract lacks a minimum deposit or initial liquidity requirement, allowing an attacker(first depositor) to acquire the only gALCX share with a tiny deposit. Then the attacker transfers a massive amount of ALCX to the contract and calls bumpExchangeRate() to increase the cost to get a gALCX. Due to high exchangeRate and rounding down in division, the remainder part of subsequent stakers’ staking will be lost and distributed to the attacker. This candidate covers finding pattern #4 for the repository."
374,e99e64a8abf1,Medium,Input Validation,"Peg / Depeg, Price Manipulation / Arbitrage opportunity","In repository e99e64a8abf1, alchemistV2.repay() reduces debt (alToken) based on the amount of the underlyingToken in a fixed 1:1 ratio (AlchemistV2._normalizeUnderlyingTokensToDebt() only adjust underlyingToken to same decimal), without accounting for whether the underlyingToken has depegged. Debt can be repaid with depegged underlyingToken and users can perform arbitrage, resulting in alToken having the same price as the most depegged underlyingToken. This candidate covers finding pattern #5 for the repository."
375,e99e64a8abf1,Medium,Accounting Error,Implementation Error,"In repository e99e64a8abf1, wstETHAdapterV1.price() should convert WstETH to WETH, but it only converts WstETH to stETH, lacking the part of converting stETH to WETH. The returned price is wrong and can lead to incorrect balance calculation and harvestable amount. This candidate covers finding pattern #6 for the repository."
376,e99e64a8abf1,Medium,"DoS, Flashloan",State Update Inconsistency,"In repository e99e64a8abf1, alchemistV2 sets _mintingLimiter to limit the token minted amount in a period. The mint operation decreases the _mintingLimiter, but the burn operation does not replenish it, and the debt position is updated during the burn phase, so attacker can mint again after burning. An attacker can loop the mint-burn action using flashloan to saturate the mint limit, preventing others from minting. This candidate covers finding pattern #7 for the repository."
377,ee25ec7abd40,Medium,Governance,Missing Functionality,"In repository ee25ec7abd40, the NFTBoostVault lacks a mechanism to automatically synchronize the voting power of all relevant accounts after the multiplier is updated, and it does not compute the multiplier voting power based on the block at which the proposal is created during voting. This can result in votes being erroneously calculated based on outdated multipliers."
378,ee25ec7abd40,Medium,ERC20,Implementation Error,"In repository ee25ec7abd40, gscApprove can overwrite the approved allowance of the same spender from previously approved value This candidate covers finding pattern #2 for the repository."
379,ee25ec7abd40,Medium,"Access Control,DoS",State Update Inconsistency,"In repository ee25ec7abd40, admin is allowed to update merkleRoot. But some users won't be able to claim correct amount because of inconsistent check in claiming function. This candidate covers finding pattern #3 for the repository."
380,ee25ec7abd40,Medium,Arithmetic,"Block Time / Block Number,Incorrect Parameter","In repository ee25ec7abd40, the day in blocks is calculated with the block time as 13.3 seconds in CoreVoting.sol.: uint256 public constant DAY_IN_BLOCKS = 6496;, but since moving to proof of stake, block times are fixed to 12 seconds per blockThis results in an incorrect calculation of the lockDuration and extraVoteTime, which is used in setting the total duration of a proposal should be active and also the max vote time. This candidate covers finding pattern #4 for the repository."
381,ee25ec7abd40,Medium,Arithmetic,Missing Upper/Lower Bound Check,"In repository ee25ec7abd40, the _syncVotingPower() function is missing a lower bound check when reducing voting power, failing to verify whether the subtraction exceeds the existing voting power. This can lead to integer underflow during the subtraction, causing the transaction to revert. This candidate covers finding pattern #5 for the repository."
382,ee25ec7abd40,Medium,"Access Control,DoS",Out of Gas,"In repository ee25ec7abd40, the queryVotePower() function uses the state-modifying and high-cost findAndClear() in the kick-out process, lacking a low-cost logic for merely querying. This allows attackers to exhaust gas by processing large amounts of historical records, preventing the removal of GSC members. This candidate covers finding pattern #6 for the repository."
383,ee25ec7abd40,Medium,Governance,Invalid Validation,"In repository ee25ec7abd40, the voting power calculation lacks time-weighted or holding period validation, relying solely on a single block balance snapshot for verification. This allows the governance system to be manipulated by short-term borrowing or sudden positions. This candidate covers finding pattern #7 for the repository."
384,fa1836e0615e,Medium,"Governance, Multisig",Nonce,"In repository fa1836e0615e, when the vote threshold is met, the onlySigners modifier resets the counter and triggers an external call. If all signers vote within the same block, it may lead to double counting."
385,fa1836e0615e,Medium,Cross-Chain,Token Decimal,"In repository fa1836e0615e, insufficient support for tokens with different decimal places across chains can lead to loss of funds during cross-chain bridging. This candidate covers finding pattern #2 for the repository."
386,fa1836e0615e,Medium,"Cross-Chain, Opensea",EVM Compatibility,"In repository fa1836e0615e, different chains use different contract address formats, which can cause issues during cross-chain operations. Contracts may fail to interpret addresses correctly, making it impossible to whitelist addresses from certain chains. Additionally, non-EVM chains may be unable to interact with EVM-based chains. This candidate covers finding pattern #3 for the repository."
387,fa1836e0615e,Medium,DoS,"Case Sensitive, Implementation Error","In repository fa1836e0615e, different EVM and non-EVM chains support different address formats (e.g., case sensitivity), which may cause validateSender to fail. This candidate covers finding pattern #4 for the repository."
388,fa1836e0615e,Medium,Cross-Chain,Incorrect Parameter,"In repository fa1836e0615e, the refund address is error, using msg.sender directly This candidate covers finding pattern #5 for the repository."
389,fa1836e0615e,High,"ERC777, Reentrancy","ERC777 Callback, Violating CEI / Missing nonReentrant","In repository fa1836e0615e, a malicious actor can trick a TokenManager into thinking that a bigger amount of tokens were transferred. This candidate covers finding pattern #6 for the repository."
390,fa1836e0615e,Medium,DoS,Whale,"In repository fa1836e0615e, a large token holder can send back and forth tokens using the flow limit to the capacity in the start of every epoch, making the system unusable(DOS) This candidate covers finding pattern #7 for the repository."
391,fa1836e0615e,Medium,"DoS, ERC777",ERC777 Callback,"In repository fa1836e0615e, when token is ERC777 token, the token receiver can manipulate its balance in order to increase flow in more than it should be This candidate covers finding pattern #8 for the repository."
392,fee749ecd513,High,DoS,Front Run,"In repository fee749ecd513, attacker can frontrun a deposit request with amount 0 to block the withdraw reqeust"
393,fee749ecd513,High,"Liquidation, Logic Error",Cannot partial liquidations,"In repository fee749ecd513, partial liquidations cannot be performed and prevents liquidators from liquidating DYAD minted by whales that hold huge positions in the system. Since the liquidations cannot be performed unless the liquidator can match up to the collateral deposited and DYAD minted by the whale, the system will be undercollaterized causing bad debt to accrue. This candidate covers finding pattern #2 for the repository."
394,fee749ecd513,High,DoS,Missing Functionality,"In repository fee749ecd513, users’ funds deposited into the unbounded Kerosene vault become permanently locked due to missing decimals() support, preventing withdrawals. This candidate covers finding pattern #3 for the repository."
395,fee749ecd513,High,"DoS, Liquidation",Bad Condition,"In repository fee749ecd513, liquidation reverts when non-kerosene collateral is insufficient, due to missing exogenous collateral checks in VaultManagerV2::liquidate. This candidate covers finding pattern #4 for the repository."
396,fee749ecd513,High,"DoS, Input Validation",Invalid Validation,"In repository fee749ecd513, an attacker can grief any token ID by depositing a dust amount in the same block, triggering the DepositedInSameBlock check and causing a denial-of-service on withdrawals. This candidate covers finding pattern #5 for the repository."
397,fee749ecd513,High,Liquidation,Implementation Error,"In repository fee749ecd513, kerosene collateral is not transferred to the liquidator during full liquidation, causing the liquidator to incur a loss. This candidate covers finding pattern #6 for the repository."
398,fee749ecd513,High,"Flashloan, Liquidation",Bypass Mechanism,"In repository fee749ecd513, users can bypass the system's flashloan protection by self-liquidating and moving collateral within the same block, enabling repeated exploitation without immediate detection. This candidate covers finding pattern #7 for the repository."
399,fee749ecd513,Medium,Logic Error,Does not match with Doc,"In repository fee749ecd513, the liquidation bonus is miscalculated, causing liquidators to receive insufficient collateral, weakening liquidation incentives and increasing system risk. This candidate covers finding pattern #8 for the repository."
400,fee749ecd513,Medium,"Access Control, Input Validation",Invalid Validation,"In repository fee749ecd513, vaultManagerV2.sol::burnDyad function is missing an isDNftOwner modifier, allowing a user to burn another user’s minted DYAD This candidate covers finding pattern #9 for the repository."
